series_id,series_name,quarters_seen,quarters_near_ceiling,quarters_below_90pct,max_on_loan_pct_nav,min_coverage
S000057714,AlphaCentric Robotics and Automation Fund,4,4,0,0.4340345137755853,0.9510482166639614
S000042863,iShares Interest Rate Hedged High Yield Bond ETF,4,4,0,0.4496776578775711,1.02113406433569
S000058011,iShares Inflation Hedged Corporate Bond ETF,4,4,0,0.4504868931051135,1.0214762010257925
S000042862,iShares Interest Rate Hedged Corporate Bond ETF,4,4,0,0.4670764315094704,1.0216119579558716
S000072498,Atac Credit Rotation ETF,3,3,0,0.500241719255059,1.021113484981777
S000086332,BlackRock LifePath ESG Index 2070 Fund,4,2,0,0.44059366598665195,1.0074453382609443
S000044145,iShares Interest Rate Hedged Long-Term Corporate Bond ETF,4,2,0,0.44736238911625686,1.0258504323731557
S000071104,Quantified Tactical Sectors Fund,4,2,0,0.5085680026045091,0.9914044961097273
S000075577,Kensington Active Advantage Fund,3,2,0,0.44232746693263747,1.0094297538261263
S000045356,BlackRock 60/40 Target Allocation ETF V.I. Fund,4,1,1,0.3625868468710505,0.8007060739005674
S000087687,3EDGE Dynamic US Equity ETF,4,1,0,0.3851482852010845,1.0018037845364662
S000002227,PSF Small-Cap Stock Index Portfolio,4,1,0,0.3429683087183094,0.9020169466895346
S000069130,BlackRock LifePath ESG Index 2055 Fund,4,1,0,0.338149319218391,1.0076864404942907
S000069131,BlackRock LifePath ESG Index 2060 Fund,4,1,0,0.3863286495931353,1.007385482775795
S000035095,Dynamic International Opportunity Fund,4,1,0,0.33337535198756635,0.9925790974749079
S000029686,Donoghue Forlines Tactical Income Fund,3,1,0,0.3317040695954262,1.0214618386481022
S000028294,Invesco S&P SmallCap Consumer Discretionary ETF,4,1,0,0.34054766517948715,0.9962132307594664
S000076483,iShares Neuroscience and Healthcare ETF,4,1,0,0.37347776853598325,0.9662626897568823
S000033060,SPDR SSGA Income Allocation ETF,4,1,0,0.3568783287527261,1.016296795904149
S000075811,iShares Blockchain and Tech ETF,4,1,0,0.43843194148769077,0.9544232742483296
S000044409,iShares Yield Optimized Bond ETF,4,1,0,0.33454669785160907,0.9298393821278758
S000054091,SPDR(R) SSGA U.S. Sector Rotation ETF,4,1,0,0.3753817115861363,1.0041308307058472
S000050364,Tactical Dividend & Momentum Fund,4,1,0,0.46058758548758566,1.0206994865148216
S000057567,iShares Russell 2500 ETF,4,1,0,0.4160451675588644,0.9993842732063019
S000067384,AdvisorShares Dorsey Wright FSM US Core ETF,4,1,0,0.4903231033088259,0.9887172582672277
S000069123,BlackRock LifePath ESG Index 2065 Fund,4,1,0,0.3831348595084669,1.0073528731486183
S000041789,Quantified Managed Income Fund,4,1,0,0.3635878535871209,1.0146286668196611
S000069129,BlackRock LifePath ESG Index 2050 Fund,4,1,0,0.34633751815404923,1.0117504099411305
S000084615,Draco Evolution AI ETF,1,1,0,0.45715726165514303,1.0272991016225632
S000041791,Quantified Market Leaders Fund,4,1,0,0.39746681922623966,0.9914044961097273
S000069126,BlackRock LifePath ESG Index 2035 Fund,4,1,0,0.3642349580357332,1.0132234521843635
S000070111,AdvisorShares Q Dynamic Growth ETF,4,1,0,0.47397366233966404,0.9828943356394526
S000075902,Fidelity Crypto Industry and Digital Payments ETF,4,1,0,0.3655392019229771,0.9599809135694761
S000043043,iShares Currency Hedged MSCI Japan ETF,4,1,0,0.47044319948570334,1.0100749227582129
S000069128,BlackRock LifePath ESG Index 2045 Fund,4,1,0,0.3475102655737386,1.0158216233221051
S000061597,GuidePath Income Fund,3,1,0,0.3300664332284044,1.0214514248349709
S000033464,GMO Benchmark-Free Fund,4,0,4,0.061998194531869055,0.17008611992954015
S000001571,Tax-Managed U.S. Mid & Small Cap Fund,4,0,4,1.3483692781671788e-07,0.00017699115044247788
S000036091,GMO Implementation Fund,4,0,4,0.09434046598716431,0.17438371248619108
S000000980,U.S. CORE EQUITY 2 PORTFOLIO,4,0,3,0.054956361301012946,0.34307624537332937
S000002107,"T. Rowe Price Real Estate Fund, Inc.",4,0,2,0.032949894999937404,0.7134177982004564
S000002874,BlackRock Managed Volatility V.I. Fund,4,0,2,0.018717700999974322,0.7606383913477412
S000058482,JNL S&P 500 Index Fund,4,0,2,0.0038143036758445563,0.6359077308187211
S000004449,VANGUARD FINANCIALS INDEX FUND,4,0,2,0.0012012412516613606,0.6212150592613588
S000002839,VANGUARD 500 INDEX FUND,4,0,2,7.454688704250176e-05,0.15240645916597842
S000006792,AST Multi-Asset Diversified Plus Portfolio,4,0,2,0.054894102736071614,0.5959638672900553
S000000979,U.S. CORE EQUITY 1 PORTFOLIO,4,0,2,0.029239966030829415,0.7729833820367127
S000073781,Catholic Responsible Investments Bond Fund,3,0,2,0.00472276890588968,0.8237695331113614
S000043713,AST J.P. Morgan Aggressive Multi-Asset Portfolio,4,0,2,0.06878010294559041,0.3228586981341861
S000052904,T. Rowe Price Integrated U.S. Small-Mid Cap Core Equity Fund,4,0,2,0.02068834670600887,0.22640938453022083
S000012757,VANGUARD MID-CAP VALUE INDEX FUND,2,0,2,0.0009171917714634045,0.17965587044534412
S000043468,PGIM Jennison Energy Infrastructure Fund,4,0,2,0.04298125249262564,0.6678906312849894
S000004417,VANGUARD WINDSOR FUND,4,0,2,0.0012733555358495673,0.07167497139307032
S000070236,Fidelity Fundamental Small-Mid Cap ETF,2,0,2,0.018186284246814073,0.5820624803796881
S000001870,BlackRock Tactical Opportunities Fund,4,0,2,0.001646800361418938,0.35873994708385776
S000004409,VANGUARD SELECTED VALUE FUND,4,0,2,0.0011532159726360693,0.7093836252698268
S000004751,PGIM Jennison Focused Growth Fund,4,0,2,0.04207532985976833,0.6346655215183039
S000044406,PGIM Jennison Rising Dividend Fund,4,0,2,0.10442525353355299,0.5156586421705365
S000031888,AST Quantitative Modeling Portfolio,4,0,2,0.011653899508854225,0.7258675283043903
S000092023,T. Rowe Price Health Care ETF,2,0,2,0.011979572006851165,0.41845360297502066
S000002125,"T. Rowe Price Value Fund, Inc.",4,0,1,0.005264647091182682,0.6195783926135886
S000050053,PGIM Strategic Bond Fund,4,0,1,0.009620105686415824,0.8969214235039207
S000054753,Fidelity Quality Factor ETF,4,0,1,0.0038771620941751707,0.8602354092367046
S000004441,VANGUARD MATERIALS INDEX FUND,4,0,1,0.00518693704786073,0.11659451268207278
S000011761,Payden Core Bond Fund,4,0,1,0.0096826508118784,0.7311770817369111
S000002071,T. Rowe Price U.S. Equity Research Fund,4,0,1,0.0040586463471936245,0.5064519408137427
S000005666,Putnam Global Health Care Fund,4,0,1,0.00888465082854272,0.1986225810617432
S000004445,VANGUARD UTILITIES INDEX FUND,4,0,1,0.0028140515577891588,0.29930876386898186
S000001498,T. Rowe Price International Value Equity Fund,4,0,1,0.040720572438363516,0.6833796198483604
S000067234,iShares U.S. Tech Breakthrough Multisector ETF,4,0,1,0.04347946839008919,0.8684554825522433
S000047012,BlackRock Dynamic High Income Portfolio,4,0,1,0.01495049119563705,0.033117740369279954
S000004322,iShares U.S. Financial Services ETF,4,0,1,0.009367936222874585,0.8827004123597736
S000051381,AMG River Road Focused Absolute Value Fund,4,0,1,0.09746078701883829,0.8887924801442296
S000002842,VANGUARD GROWTH INDEX FUND,4,0,1,0.000495969646231869,0.7954747301262025
S000066518,Global X Video Games & Esports ETF,4,0,1,0.0875820330900714,0.011065548520085398
S000017267,PRAXIS SMALL CAP INDEX FUND,4,0,1,0.13519053402134687,0.47755044819476744
S000073787,Catholic Responsible Investments International Equity Fund,2,0,1,0.01848211262175329,0.6378714030839698
S000081193,Global X Defense Tech ETF,2,0,1,0.011249906841634388,0.811993362733027
S000019457,VANGUARD MARKET NEUTRAL FUND,1,0,1,0.001100381391369525,0.003851654692014184
S000004657,PGIM Jennison Mid-Cap Growth Fund,4,0,1,0.11345582375422957,0.8569232092659042
S000058280,T. Rowe Price International Bond Fund (USD Hedged),4,0,1,0.003523143578840848,0.8851349544054975
S000051326,T. Rowe Price Mid-Cap Index Fund,4,0,1,0.05104214709555219,0.8755287679390823
S000002079,T. Rowe Price Moderate Allocation Portfolio,4,0,1,0.00555938929160194,0.8467392237635203
S000002840,VANGUARD VALUE INDEX FUND,3,0,1,0.00015630642583656335,0.0884481238395328
S000068122,JNL/Mellon Consumer Discretionary Sector Fund,4,0,1,0.007762952343567557,0.7989596033004602
S000002138,T. Rowe Price Spectrum Moderate Growth Allocation Fund,4,0,1,0.0062736712056821655,0.7387084407872042
S000000987,U.S. SMALL CAP VALUE PORTFOLIO,4,0,1,0.05444632565458665,0.8781682014767245
S000062358,BlackRock Strategic Income Opportunities Portfolio,4,0,1,0.01364821073546251,0.8684123706873974
S000004430,iShares Morningstar Mid-Cap Growth ETF,4,0,1,0.029687185761414003,0.8586037470710709
S000002200,PSF PGIM Jennison Growth Portfolio,4,0,1,0.015627330629626533,0.6544453038562849
S000002225,PSF PGIM Flexible Managed Portfolio,4,0,1,0.019595753087291147,0.8944067026884229
S000004451,VANGUARD INDUSTRIALS INDEX FUND,4,0,1,0.0011047026514561249,0.850705046310058
S000005325,Fidelity Advisor Industrials Fund,4,0,1,0.04225925875690036,0.6526358894371964
S000064654,Invesco V.I. Discovery Large Cap Fund,4,0,1,0.05071998239891061,0.8304099952776934
S000001488,T. Rowe Price Emerging Europe Fund,3,0,1,0.030937839901097153,0.873763132186633
S000024038,"T. Rowe Price Global Real Estate Fund, Inc.",3,0,1,0.03520886647846867,0.7698079768504491
S000050390,T. Rowe Price Emerging Markets Discovery Stock Fund,4,0,1,0.011928771178691544,0.6380776206060611
S000002853,VANGUARD INSTITUTIONAL INDEX FUND,3,0,1,5.618390154274101e-05,0.0044925621826715206
S000007475,Select Banking Portfolio,4,0,1,0.03434101996579338,0.4074952240020751
S000058135,Invesco S&P 500 Minimum Variance ETF,3,0,1,0.05169766785330125,0.4643219081995541
S000058486,JNL/Mellon Real Estate Sector Fund,4,0,1,0.02219351866493929,0.8467116562498529
S000030002,VANGUARD RUSSELL 1000 GROWTH INDEX FUND,4,0,1,0.00031605245006298004,0.7898541773672496
S000001975,BlackRock Advantage Large Cap Value Fund,4,0,1,0.003700667140477818,0.7853940737411138
S000028677,iShares MSCI Brazil Small-Cap ETF,4,0,1,0.012823872775397812,0.8881936230787307
S000035919,iShares U.S. Treasury Bond ETF,4,0,1,0.002575701133607762,0.18075981639214841
S000058485,JNL/Mellon Industrials Sector Fund,4,0,1,0.0062748209722880526,0.41714606917186603
S000029428,"T. Rowe Price Real Assets Fund, Inc.",4,0,1,0.03490333610950632,0.8312112663906592
S000003854,Putnam Small Cap Value Fund,4,0,1,0.1064024810770313,0.30493834052422375
S000002560,VANGUARD BALANCED INDEX FUND,4,0,1,0.0012677721811365104,0.7929632732765912
S000042659,ROBO Global Robotics and Automation Index ETF,4,0,1,0.09057017464262383,0.3176544968445259
S000068131,JNL/Newton Equity Income Fund,3,0,1,0.00043532620240474556,0.6687650026898878
S000001977,AST Large-Cap Value Portfolio,4,0,1,0.10895308017606269,0.8917314143936932
S000014609,Nuveen Small/Mid Cap Value Fund,2,0,1,0.0251164159434115,0.17341998189419797
S000001505,BlackRock Mid-Cap Growth Equity Portfolio,4,0,1,0.03703512448051926,0.8524327905810829
S000062123,PGIM Jennison Technology Fund,4,0,1,0.09393543200125688,0.4115807732755771
S000059763,Fidelity SAI U.S. Value Index Fund,4,0,1,0.01311733769601236,0.7864944196099007
S000019378,AST J.P. Morgan Moderate Multi-Asset Portfolio,4,0,1,0.06002868808496831,0.35374522703722117
S000063124,First Trust IPOX Europe Equity Opportunities ETF,4,0,1,0.014452449115764805,0.7887159149781974
S000002139,T. Rowe Price Spectrum Conservative Allocation Fund,4,0,1,0.0030462013211982014,0.8033010067901065
S000046336,T. Rowe Price International Disciplined Equity Fund,3,0,1,0.04686295201413677,0.3530999656245697
S000054693,Global X Robotics & Artificial Intelligence ETF,4,0,1,0.08086525184537846,0.26961191208751084
S000002882,BlackRock Basic Value V.I. Fund,4,0,1,0.10699894726283325,0.6564126223631869
S000068124,JNL/Mellon Financial Sector Fund,4,0,1,0.004341080046858541,0.8170560159350853
S000004357,iShares 1-3 Year Treasury Bond ETF,2,0,1,0.004786086716696089,0.39373448769362773
S000058483,JNL/Mellon Consumer Staples Sector Fund,4,0,1,0.01131948493706604,0.4697811741238805
S000004634,PGIM Jennison Focused Value Fund,3,0,1,0.11997312306120982,0.6190251146061125
S000002137,T. Rowe Price Spectrum Moderate Allocation Fund,4,0,1,0.005148611721076421,0.8227760206993631
S000037257,PGIM Jennison International Opportunities Fund,4,0,1,0.03472421093031434,0.5905812904446784
S000004375,PGIM Global Total Return Fund,4,0,1,0.010862801824607615,0.8078908365896005
S000047983,T. Rowe Price Dynamic Global Bond Fund,4,0,1,0.12851333228199882,0.28627827444150644
S000006797,AST Multi-Asset Diversified Portfolio,4,0,1,0.042054249600473416,0.7827240495924793
S000000970,U.S. Targeted Value Portfolio,4,0,1,0.055172956466582046,0.8529687331015101
S000002923,VANGUARD GLOBAL CAPITAL CYCLES FUND,4,0,1,0.0238890077720324,0.7797121331215462
S000002166,T. Rowe Price QM U.S. Bond Index Fund,4,0,1,0.01779609531361399,0.7363298856452294
S000028139,Diversified Real Asset Fund,4,0,1,0.01698254901959418,0.8684218491563008
S000004403,INTERNATIONAL PORTFOLIO,3,0,1,0.0030328291116957957,0.15674142686014192
S000028302,Invesco S&P SmallCap Materials ETF,4,0,1,0.3107666207291623,0.7955108743350736
S000003206,HARTFORD HEALTHCARE HLS FUND,4,0,1,0.015397863998187907,0.8759798489314343
S000003866,BlackRock Global Allocation Portfolio,4,0,1,0.023942297233461446,0.6760278285163441
S000004392,REAL ESTATE INDEX PORTFOLIO,4,0,1,0.001653539421989946,0.7030919008414416
S000004398,DIVERSIFIED VALUE PORTFOLIO,3,0,1,0.004978862029467896,0.8299143019074557
S000015587,Fidelity Series Small Cap Opportunities Fund,4,0,1,0.03836419826224404,0.7878901668735259
S000004418,VANGUARD WINDSOR II FUND,4,0,1,0.002919372111349041,0.8958864263588564
S000005117,Fidelity Advisor Value Strategies Fund,4,0,1,0.06099682395268147,0.8065759483480446
S000035880,iShares MSCI Global Silver and Metals Miners ETF,4,0,1,0.13412561687347263,0.8879835490716722
S000064787,Fidelity Emerging Markets Multifactor ETF,4,0,1,0.011805289402092245,0.7814260317070373
S000037806,T. Rowe Price Global Value Equity Fund,4,0,1,0.056893664390682754,0.7657308029456068
S000045226,Payden Strategic Income Fund,4,0,1,0.011512167482442093,0.8858448959806018
S000004404,MID-CAP INDEX PORTFOLIO,4,0,1,0.0009217182703749571,0.0036522165384895032
S000064663,Invesco V.I. Main Street Fund,4,0,1,0.024539540997104908,0.47903203379879855
S000003850,Putnam International Capital Opportunities Fund,3,0,1,0.03090344140862245,0.22947206208235796
S000007471,Select Leisure Portfolio,4,0,1,0.06273350609946836,0.848439604464862
S000002160,T. Rowe Price Tax-Efficient Equity Fund,4,0,1,0.0073268628081451835,0.8851016087586183
S000004308,iShares S&P Mid-Cap 400 Growth ETF,4,0,1,0.06881709115813713,0.8978247792993705
S000070944,Centerstone Investors Fund,2,0,1,0.08655773957211307,0.6669280562878421
S000047032,Payden Absolute Return Bond Fund,4,0,1,0.010593401954913399,0.18197006448484507
S000002581,VANGUARD PRIMECAP CORE FUND,4,0,1,0.0023395150669438015,0.8825672097516372
S000036439,PGIM Jennison Global Opportunities Fund,4,0,1,0.03163544853307972,0.6869740796711381
S000007755,VIP Technology Portfolio,3,0,1,0.0034676000367872438,0.4713046435557793
S000080642,iShares iBonds 2030 Term High Yield and Income ETF,4,0,1,0.130466982962581,0.8782040864755284
S000081806,Fidelity Enhanced Large Cap Value ETF,4,0,1,0.009373243477744249,0.8458400037117159
S000042106,PGIM Jennison Global Infrastructure Fund,2,0,1,0.11677142765612808,0.5885993870518906
S000001744,JNL/WMC Balanced Fund,4,0,1,0.00973233812305337,0.7751686442756064
S000041598,Capital Securities Fund,4,0,1,0.0315108581732094,0.6697369125464804
S000001493,T. Rowe Price New Asia Fund,4,0,1,0.014751647040650007,0.5808452910852948
S000001489,T. Rowe Price International Bond Fund,4,0,1,0.007368644063196103,0.8901779304734306
S000004443,VANGUARD COMMUNICATION SERVICES INDEX FUND,4,0,1,0.005378148005574863,0.8849454345341045
S000011762,Payden Emerging Markets Bond Fund,4,0,1,0.012087606391363716,0.8598344172670588
S000014242,Core Fixed Income Fund,4,0,1,0.0034796465524489905,0.814047016080869
S000002843,VANGUARD LARGE-CAP INDEX FUND,4,0,1,0.0001560717598809983,0.27505607558028994
S000003863,BlackRock Balanced Portfolio,4,0,1,0.0074166488900774905,0.6591592872221672
S000069108,BlackRock Sustainable Aware Advantage Emerging Markets Equity Fund,3,0,1,0.0048707155767888696,0.7305099351247585
S000073784,Catholic Responsible Investments Small-Cap Fund,2,0,1,0.007304373123566474,0.655936222841482
S000079909,Xtrackers MSCI USA Climate Action Equity ETF,3,0,1,0.0005800878907840237,0.05299164470363932
S000050154,Invesco S&P 500 Momentum ETF,4,0,1,0.01314638857143771,0.7283474715501854
S000004380,PGIM Jennison Health Sciences Fund,4,0,1,0.06566391751631849,0.753400034746931
S000056619,JNL/Morningstar U.S. Sustainability Index Fund,4,0,1,0.0021181485121049156,0.43807038122942793
S000061260,iShares U.S. Tech Independence Focused ETF,4,0,1,0.004551376429907104,0.6768344428411205
S000002230,PSF PGIM Jennison Value Portfolio,4,0,1,0.06429511067736392,0.8159508247148938
S000025459,Transamerica Morgan Stanley Global Allocation VP,4,0,1,0.00837637186857005,0.8486116293924583
S000079836,T. Rowe Price International Equity ETF,4,0,1,0.0269321189226066,0.647545736676317
S000067560,iShares iBonds Dec 2025 Term Treasury ETF,1,0,1,0.09568440128370057,0.8037856895032585
S000003698,S&P 500 2x Strategy Fund,3,0,1,0.0055394581052911045,0.009174596850088739
S000002876,BlackRock Advantage Large Cap Core V.I. Fund,4,0,1,0.014761707528147497,0.8709361063273147
S000039055,T. Rowe Price Ultra Short-Term Bond Fund,3,0,1,0.0036137080362164155,0.646150104075762
S000000993,THE U.S. LARGE CAP VALUE SERIES,4,0,1,0.02079239811193967,0.880204035821059
S000030001,VANGUARD RUSSELL 1000 VALUE INDEX FUND,4,0,1,0.00046880000794755533,0.5435677024028732
S000092025,T. Rowe Price Natural Resources ETF,2,0,1,0.05624163283023608,0.8868949610073134
S000022678,Payden Managed Income Fund,4,0,1,0.020150888429606714,0.8414535413684308
S000002073,"T. Rowe Price Diversified Mid-Cap Growth Fund, Inc.",4,0,1,0.022334353123564923,0.8563953191791288
S000002880,BlackRock Equity Dividend V.I. Fund,4,0,1,0.05582354882097515,0.6636155287523929
S000004515,PGIM Jennison Natural Resources Fund,4,0,1,0.060272293226082685,0.8892524428525066
S000002579,VANGUARD EQUITY INCOME FUND,2,0,1,0.000841986515635155,0.014095915632126532
S000004703,PGIM Income Builder Fund,4,0,1,0.050539186832805796,0.7062080452731163
S000014011,VANGUARD HIGH DIVIDEND YIELD INDEX FUND,4,0,1,0.00023991089117589878,0.8105653124747981
S000079837,T. Rowe Price Small-Mid Cap ETF,4,0,1,0.01739903295526478,0.6542158365589569
S000023645,T. Rowe Price Global Growth Stock Fund,4,0,1,0.0639511063484641,0.7120593230286537
S000058493,JNL/Vanguard Moderate ETF Allocation Fund,4,0,1,0.1449404721204373,0.8768857980684919
S000002844,VANGUARD MID-CAP INDEX FUND,4,0,1,0.0009173807734345643,0.6932215298798353
S000002877,BlackRock Large Cap Focus Growth V.I. Fund,2,0,1,0.013601253124321009,0.889810188343785
S000002217,PSF PGIM Jennison Blend Portfolio,4,0,1,0.030427969581073702,0.7217378091629671
S000004444,VANGUARD U.S. GROWTH FUND,4,0,1,0.004151599415730147,0.7967763940157193
S000092022,T. Rowe Price Global Equity ETF,3,0,1,0.01576580311643218,0.6918833482037114
S000011763,Payden Global Fixed Income Fund,4,0,1,0.0023611338343396326,0.4231355245952675
S000079664,VanEck Robotics ETF,4,0,1,0.05592308206101452,0.8235731437600158
S000004689,PGIM Quant Solutions Small-Cap Value Fund,4,0,1,0.057548888179156696,0.7614147868489544
S000027872,Invesco V.I. Comstock Fund,4,0,1,0.10610647391758693,0.7655671739784714
S000004691,PGIM Core Bond Fund,4,0,1,0.02277091687660518,0.8590899420474244
S000003864,BlackRock Advantage Large Cap Core Portfolio,4,0,1,0.021213026557047904,0.4825061051265947
S000060841,Invesco Bloomberg Pricing Power ETF,4,0,1,0.10733048429676145,0.650306701353229
S000002879,BlackRock Advantage SMID Cap V.I. Fund,4,0,1,0.08541769358221143,0.8786671198548089
S000054752,Fidelity Momentum Factor ETF,4,0,1,0.023053509007145465,0.5391622644708547
S000068768,iShares 0-3 Month Treasury Bond ETF,4,0,1,0.01664597431481908,0.1660885788024632
S000005370,Nuveen Core Equity Fund,2,0,1,0.01717716599178082,0.7606191902880113
S000006791,AST Aggressive Asset Allocation Portfolio,4,0,1,0.015997270454402225,0.8714977645419991
S000068121,JNL/Mellon Communication Services Sector Fund,4,0,1,0.004745275180174672,0.6013383452073356
S000009172,EQ/International Value Managed Volatility Portfolio,4,0,0,0.057064936092307235,1.0526634629799683
S000012321,SPDR(R) S&P(R) Pharmaceuticals ETF,4,0,0,0.25602839334798466,1.002318613682127
S000048891,EQ/Goldman Sachs Moderate Growth Allocation Portfolio,4,0,0,0.0006129144649325834,1.0224725841475222
S000073567,WisdomTree Efficient Gold Plus Equity Strategy Fund,4,0,0,0.00656239181262015,1.0075417008404834
S000045542,AB Small Cap Value Portfolio,4,0,0,0.037658528203316194,1.0271592836576866
S000004320,iShares U.S. Consumer Discretionary ETF,4,0,0,0.023195121769806943,1.0356574719927407
S000005533,Wilmington Broad Market Bond Fund,4,0,0,0.032038514388794244,1.0367431566430987
S000007489,Select Wireless Portfolio,4,0,0,0.14441805675681604,1.0282774780941404
S000017692,Fidelity New Markets Income Fund,2,0,0,0.00888452961911515,1.0175987907579356
S000018301,Goldman Sachs Emerging Markets Equity Insights Fund,4,0,0,0.005852488848660376,1.0321038973252696
S000048689,Pacer Trendpilot US Large Cap ETF,3,0,0,0.023822247181919515,0.9994459213621878
S000055738,Goldman Sachs GQG Partners International Opportunities Fund,4,0,0,0.00967730317003204,1.0205425599562894
S000058422,Xtrackers Short Duration High Yield Bond ETF,4,0,0,0.07001569213341548,1.0387937009572963
S000065293,Roundhill Video Games ETF,3,0,0,0.09555611060791136,0.9848484848484848
S000072320,Invesco S&P SmallCap 600 QVM Multi-Factor ETF,4,0,0,0.19526115283654605,1.0236396834950137
S000075473,iShares iBonds 2029 Term High Yield and Income ETF,4,0,0,0.19214952205446192,1.0223143274531816
S000082205,iShares LifePath Target Date 2055 ETF,4,0,0,0.056425273232004435,1.0120898060828614
S000007140,Lord Abbett International Equity Fund,3,0,0,0.008711210378521513,1.0500692091069639
S000012222,Russell 2000 Fund,3,0,0,0.09266303015390243,0.9941102851769751
S000032768,Invesco S&P 500 GARP ETF,4,0,0,0.05027785716852746,1.0201956529477916
S000048110,Global X MSCI SuperDividend Emerging Markets ETF,3,0,0,0.057660134261259155,1.0599064060092425
S000054767,Principal Spectrum Preferred Securities Active ETF,4,0,0,0.03054000830586286,1.0142773787986785
S000059086,VANGUARD REAL ESTATE II INDEX FUND,4,0,0,0.002454324739947492,1.0889026744924952
S000059775,Empower Inflation-Protected Securities Fund,4,0,0,0.0008856216592499065,1.022896738358637
S000062478,Defiance Quantum ETF,4,0,0,0.12535275318943784,0.9586656533924749
S000069939,Abacus FCF Innovation Leaders ETF,4,0,0,0.1971407786675212,1.0148518334260646
S000083386,iShares Energy Storage & Materials ETF,4,0,0,0.15700256714635824,1.0344883765344381
S000006280,DWS High Income VIP,4,0,0,0.06273856620876422,1.0231318783974945
S000012902,Victory Core Plus Intermediate Bond Fund,4,0,0,0.011612579022032776,1.022287304988606
S000064596,Invesco S&P SmallCap 600 Revenue ETF,4,0,0,0.23336183364128127,1.0259968321677766
S000005145,Calvert U.S. Large Cap Core Responsible Index Fund,4,0,0,0.003246227719222256,1.0183994823780156
S000008717,Calvert Balanced Fund,4,0,0,0.013760358291805956,1.0038789190175545
S000009599,SMALLCAP World Fund Inc,4,0,0,0.028362676851802646,1.0469450091973025
S000010117,"AB DISCOVERY GROWTH FUND, INC.",4,0,0,0.11764099617485824,1.0209951228299294
S000012394,WisdomTree U.S. SmallCap Dividend Fund,4,0,0,0.051921986261061856,1.0192675731350547
S000051788,SPDR Russell 1000 Momentum Focus ETF,4,0,0,0.009120046074417255,0.9992638754834567
S000031859,American Funds Global Balanced Fund,2,0,0,0.0037178614274804653,0.9450660362828789
S000031958,Transamerica PineBridge Inflation Opportunities VP,4,0,0,0.005799809642336836,1.0076312878747342
S000043103,Matson Money International Equity VI Portfolio,3,0,0,0.09018379966690354,1.0158712291760468
S000061571,Pacer Industrial Real Estate ETF ,3,0,0,0.20629121053659571,0.9966427996279341
S000065094,Sofi Next 500 ETF,3,0,0,0.25231972973778694,1.0144917860224474
S000066532,Goldman Sachs MarketBeta International Equity ETF,4,0,0,0.015518194513028327,1.047399447641269
S000004071,BlackRock Total Return Fund,4,0,0,0.015030765282469806,1.0087370089648264
S000007077,LargeCap Growth Fund I,4,0,0,0.00010980823121253781,1.0172089893345948
S000009416,iShares U.S. Oil Equipment & Services ETF,4,0,0,0.033427420865027986,1.0295220934431748
S000024756,Clearwater International Fund,4,0,0,0.017651007266842336,1.0495776014715716
S000030982,GuidePath Conservative Allocation Fund,4,0,0,0.23092733776022228,1.0047117728495152
S000053591,Victory 500 Index VIP Series,1,0,0,0.0009085773646179628,1.0222715059075826
S000058429,Global X U.S. Preferred ETF,1,0,0,0.0008050492420394504,1.0287914386212704
S000066533,Goldman Sachs MarketBeta Emerging Markets Equity ETF,4,0,0,0.008317709503795095,1.0708852084225056
S000001492,T. Rowe Price European Stock Fund,4,0,0,0.05275537450024066,1.046081344525354
S000003813,Retailing Fund,2,0,0,0.004551468770572943,0.9933545837932805
S000006551,Schwab International Opportunities Fund,4,0,0,0.002520364175824508,1.052256609052849
S000010475,Janus Henderson Contrarian Fund,4,0,0,0.01839734129039898,1.0211517871183549
S000017266,PRAXIS GROWTH INDEX FUND,4,0,0,0.01627494233805499,1.0006484641910207
S000019231,Invesco International Corporate Bond ETF,3,0,0,0.0077178800954107885,1.0514122255202092
S000042237,Donoghue Forlines Dividend Fund,4,0,0,0.09214253689587444,1.0069343316626365
S000044182,WBI BullBear Yield 3000 ETF,4,0,0,0.1869393767084887,1.0170088491938651
S000057958,Hartford Total Return Bond ETF,4,0,0,0.005658658550516113,1.0334965065181971
S000065701,Fidelity Balanced K6 Fund,4,0,0,0.002971228001582882,1.0102206781594418
S000067903,ICON HEALTH AND INFORMATION TECHNOLOGY FUND,3,0,0,0.00492921883127359,1.0164359861591696
S000005082,College Retirement Equities Fund - Growth Account,4,0,0,0.007506180317206577,0.9839811762858395
S000031109,American Funds Global Balanced Fund,4,0,0,0.012637907209353268,1.0216877993584583
S000036414,SPDR Bloomberg Short Term High Yield Bond ETF,4,0,0,0.08953643044995123,1.0192501000954335
S000059398,1290 VT Multi-Alternative Strategies Portfolio,4,0,0,0.2454200028298247,1.0216481890986164
S000005011,Nationwide BNY Mellon Dynamic U.S. Core Fund,4,0,0,0.049986204954956585,1.020549735225182
S000007558,VALUE LINE ASSET ALLOCATION FUND INC,4,0,0,0.025280191491029162,1.0197290327119986
S000058010,WisdomTree U.S. Multifactor Fund,4,0,0,0.02646124659014463,1.0152350322246644
S000008718,Calvert Bond Fund,4,0,0,0.01045663353416116,1.021019439878721
S000036841,JPMorgan Global Active Allocation Portfolio,4,0,0,0.04862662625681992,1.0236447802143671
S000040131,Madison Large Cap Fund,3,0,0,0.03917571789391523,1.0249444307236355
S000001984,AST Large-Cap Growth Portfolio,4,0,0,0.026722717527126558,0.9648327656002827
S000004315,iShares Europe ETF,4,0,0,0.0028952873068467714,0.9998655273037917
S000007484,Select Technology Portfolio,4,0,0,0.004830161969248121,0.9693876930805576
S000007493,Select Tech Hardware Portfolio,4,0,0,0.007756274197866113,0.9992774668242066
S000030007,VANGUARD GLOBAL EX-U.S. REAL ESTATE INDEX FUND,4,0,0,0.011809849191531337,1.1486002103425466
S000037226,Victory Cornerstone Aggressive Fund,4,0,0,0.05458074104782772,1.0211988009780038
S000042685,T. Rowe Price Global Industrials Fund,4,0,0,0.05433904075602179,1.0061635337277726
S000064804,Defiance Connective Technologies ETF,4,0,0,0.1136096328917718,0.9503785482881681
S000082271,Amplify Etho Climate Leadership U.S. ETF,3,0,0,0.016718319159668094,1.0201906386088864
S000002520,"BlackRock Capital Appreciation Fund, Inc.",2,0,0,0.027242954774542152,1.0321651859350833
S000007491,Select Enterprise Technology Services Portfolio,4,0,0,0.047131417839689584,1.0144334529303471
S000008236,Active Bond Trust,4,0,0,0.002463967254871326,1.0212870126639084
S000023000,Putnam Emerging Markets Equity Fund,3,0,0,0.025003600434984268,1.0128913443830572
S000026044,Mid-Cap Plus Bond Alpha Portfolio,4,0,0,0.012289084361456457,1.019408273417922
S000030000,VANGUARD RUSSELL 1000 INDEX FUND,4,0,0,0.00019979890230820526,0.9607856146482071
S000048544,U.S. Global Jets ETF,4,0,0,0.13616250280664624,0.9935670482159898
S000063170,Strategic Advisers Fidelity Emerging Markets Fund,4,0,0,0.005443413205005078,1.0027847587237648
S000068856,Direxion Work From Home ETF,1,0,0,0.07460138217073223,1.0186987528888367
S000000218,Invesco Small Cap Equity Fund,4,0,0,0.14536612704672405,1.0214530041448087
S000000777,Putnam Small Cap Growth Fund,4,0,0,0.07915443695447301,1.0211225520008362
S000002841,VANGUARD EXTENDED MARKET INDEX FUND,4,0,0,0.019406634468004023,1.0171193292967309
S000004446,VANGUARD CONSUMER DISCRETIONARY INDEX FUND,4,0,0,0.004414819175867477,0.9859443954775996
S000006214,Hotchkis and Wiley Mid-Cap Value Fund,2,0,0,0.04097122749047571,1.0182548175251005
S000040757,Villere Equity Fund,4,0,0,0.2085731114804463,1.016792363708735
S000048296,Goldman Sachs ActiveBeta(R) U.S. Small Cap Equity ETF,4,0,0,0.015992272601418285,1.0387078028532502
S000009051,EQ/All Asset Growth Allocation Portfolio,4,0,0,0.028125691833544,1.0202436729665993
S000070904,Dimensional International Value ETF,4,0,0,0.03697637569700561,1.0361304672175609
S000006533,BlackRock Capital Appreciation Portfolio,2,0,0,0.017740437887997937,1.0227745995535042
S000010435,AB Small Cap Growth Portfolio,4,0,0,0.2754598645517346,1.0219055740271532
S000005387,Nuveen Large Cap Growth Index Fund,4,0,0,0.006792317560995271,1.02468482319114
S000006034,PACE Global Real Estate Securities Investments,4,0,0,0.1392757493400904,1.0373170046084985
S000061891,Empower Core Strategies: International Equity Fund,2,0,0,0.0005317799067967948,1.0215699115152455
S000086878,Intelligent Livermore ETF,4,0,0,0.16359327444200958,0.9915551554313697
S000089354,Touchstone ETF Trust-Touchstone Sands Capital US Select Growth ETF,2,0,0,0.009744567723887845,1.0350969747525975
S000003807,Financial Services Fund,2,0,0,0.007669614753404593,1.014075846332586
S000004252,iShares MSCI Netherlands ETF,4,0,0,0.01048791497336095,0.9933061613046452
S000006427,Calamos Growth & Income Portfolio,3,0,0,0.018836732913323953,1.0150623116961106
S000029150,Strategic Advisers Core Income Fund,4,0,0,0.011404589417243857,1.0142223996024198
S000043316,Cambria Global Momentum ETF,4,0,0,0.11773213939469653,0.9971843352084322
S000045403,"T. Rowe Price Credit Opportunities Fund, Inc.",4,0,0,0.028903169233482528,0.9264194434663781
S000073419,ProShares S&P Kensho Cleantech ETF,4,0,0,0.2179541114345626,1.0204081632653061
S000076475,Gotham 1000 Value ETF,4,0,0,0.16235244358491585,1.0092825947404624
S000002846,VANGUARD SMALL-CAP GROWTH INDEX FUND,4,0,0,0.019396825801516568,0.9778260094470969
S000004328,iShares U.S. Real Estate ETF,4,0,0,0.0015474318763712494,0.9963306721226495
S000005440,Fidelity Advisor Global Capital Appreciation Fund,2,0,0,0.014517058520095686,1.0175399145491342
S000018557,Free Market Fixed Income Fund,4,0,0,0.05353782608918392,1.021936656491752
S000061893,Empower Core Strategies: U.S. Equity Fund,4,0,0,0.007541643362704381,1.0210357232833311
S000077383,iShares J.P. Morgan Broad USD Emerging Markets Bond ETF,4,0,0,0.011285475257882488,1.0189686853992803
S000000610,Nuveen International Value Fund,3,0,0,0.02362526941369449,1.0270916298973196
S000009388,Washington Mutual Investors Fund,4,0,0,0.004756512902017737,1.0274462997620746
S000010448,AB Relative Value Portfolio,4,0,0,0.03569682415818114,1.0202590030830456
S000019666,SPDR Portfolio Short Term Corporate Bond ETF,4,0,0,0.059903933390694816,1.0229154645256118
S000028942,VanEck IG Floating Rate ETF,4,0,0,0.01128110820135267,1.025681199571368
S000032438,Brighthouse/Franklin Low Duration Total Return Portfolio,4,0,0,0.15991672379960215,1.0213885311366764
S000055844,Impax Large Cap Fund,2,0,0,0.009790086058219198,1.0200614985424967
S000063360,SPDR S&P Kensho Clean Power ETF,4,0,0,0.20416894237656213,1.006682771876027
S000000297,BNY Mellon Short Term Income Fund,4,0,0,0.10286858439150799,1.0277126257575786
S000036772,VanEck Fallen Angel High Yield Bond ETF,4,0,0,0.1118011441167826,1.0335223814959467
S000062644,EQ/T.Rowe Price Health Sciences Portfolio,4,0,0,0.04984613298398234,1.0220954156374926
S000070906,Dimensional U.S. Small Cap ETF,4,0,0,0.12930934113954054,1.025416409862442
S000005081,College Retirement Equities Fund - Global Equities Account,4,0,0,0.008032720124027837,1.018890000269227
S000011115,Harris Oakmark International Portfolio,4,0,0,0.05593835561664876,1.0274042285702658
S000029341,Direxion Daily Regional Banks Bull 3X Shares,3,0,0,0.018087564167991958,1.0208021390868682
S000036793,1290 VT High Yield Bond Portfolio,4,0,0,0.11389302489329187,1.0210795821612835
S000051210,Nationwide Strategic Income Fund,4,0,0,0.12923671107684917,1.0255803726421335
S000072997,Avantis International Large Cap Value ETF,4,0,0,0.0676922409243731,1.026566523551803
S000073995,VanEck Green Metals ETF,4,0,0,0.08736224697616218,1.0117349366950152
S000006900,NYLI Income Builder Fund,4,0,0,0.009538920162761798,1.0184354387204402
S000008706,VOYA INDEX PLUS MIDCAP PORTFOLIO,4,0,0,0.009844449447169546,1.0161326850796575
S000017158,Voya Inflation Protected Bond Plus Portfolio,4,0,0,0.0030378739071583315,1.0352921064468736
S000023755,Empower Core Bond Fund,4,0,0,0.03992131615042559,1.0209187304626068
S000024524,"T. Rowe Price Global Multi-Sector Bond Fund, Inc.",4,0,0,0.0178118003354812,0.9692847946916417
S000044181,WBI BullBear Value 3000 ETF,3,0,0,0.15143123578647985,1.0084402339388157
S000053601,iShares MSCI Global Sustainable Development Goals ETF,4,0,0,0.06298427776311451,1.013526801267768
S000000788,Victory Sycamore Established Value Fund,4,0,0,0.005677067983334872,1.0202878037272942
S000002100,T. Rowe Price International Stock Portfolio,4,0,0,0.05463766493361513,1.0022036237879797
S000003770,S&P MidCap 400 Pure Growth Fund,2,0,0,0.03781239982564389,1.0139686821901353
S000003800,Transportation Fund,1,0,0,0.05892717680754092,1.038287350675589
S000003809,Technology Fund,2,0,0,0.008600749163549214,0.9717751563894561
S000005002,Nationwide Investor Destinations Moderately Aggressive Fund,4,0,0,0.05855612049076511,1.020408051065102
S000006497,Artisan Mid Cap Value Fund,3,0,0,0.013062613223288777,0.9920634920634921
S000007151,Fidelity Balanced Fund,4,0,0,0.0019863519188032643,0.9860893549369871
S000015261,Invesco RAFI Developed Markets ex-U.S. ETF,3,0,0,0.06837448427115739,1.060034587717107
S000030981,GuidePath Growth Allocation Fund,4,0,0,0.13588385726305116,0.9942267099295344
S000051872,VANGUARD INTERNATIONAL HIGH DIVIDEND YIELD INDEX FUND,4,0,0,0.006941535291512552,1.073633597400598
S000053572,Victory High Yield Fund,4,0,0,0.08698402189649797,1.0213667260433124
S000056849,Invesco S&P SmallCap Quality ETF,4,0,0,0.20089442382889947,1.0212827858529538
S000062810,Fidelity Series Large Cap Growth Index Fund,4,0,0,0.0033497447399711716,1.021844043992544
S000063361,SPDR S&P Kensho Final Frontiers ETF,4,0,0,0.08649307624729309,0.963084069724689
S000000227,Invesco EQV European Equity Fund,4,0,0,0.08448259185018975,1.0287787355332658
S000003825,MML Managed Volatility Fund,4,0,0,0.0003037725605520114,1.020350677300924
S000004250,iShares MSCI Malaysia ETF,4,0,0,0.1472256990896756,1.0610492125461646
S000011751,Payden Limited Maturity Fund,4,0,0,0.006247934204992609,0.9906502069110419
S000019230,Invesco Fundamental High Yield Corporate Bond ETF,4,0,0,0.3195197704581991,1.024348027704927
S000040880,Schwab Fundamental International Small Equity ETF,4,0,0,0.040274273420801296,1.0555999713217254
S000046499,Schwab Fundamental Global Real Estate Index Fund,4,0,0,0.013611015873559394,1.0895988663530771
S000024920,ProShares UltraPro MidCap400,4,0,0,0.0036227103533609147,1.020914052985442
S000033315,FlexShares Morningstar Global Upstream Natural Resources Index Fund,4,0,0,0.09486548468888129,1.0459912221497194
S000045650,Fidelity Advisor Series Equity Growth Fund,4,0,0,0.006528141288797487,1.003059250144534
S000055185,SPDR SSGA Fixed Income Sector Rotation ETF,4,0,0,0.08795652178578475,1.0224239669249755
S000077958,Calvert International Responsible Index ETF,4,0,0,0.06150487155766322,1.0546217791389856
S000013722,VanEck Environmental Services ETF,4,0,0,0.08175510094498774,1.0241618454221628
S000058496,JNL/Mellon U.S. Stock Market Index Fund,4,0,0,0.0055136734694683906,0.9199964734874854
S000080558,Avantis International Small Cap Equity ETF,4,0,0,0.05738486397305091,1.0562005235212917
S000005417,NVIT Invesco Small Cap Growth Fund,4,0,0,0.290519119066021,1.0225833805229487
S000007726,VIP Index 500 Portfolio,4,0,0,0.006310724414525327,0.904106244029786
S000014039,SPDR(R) S&P(R) International Small Cap ETF,4,0,0,0.20574503611928446,1.0492354056139994
S000017687,Fidelity Advisor Value Fund,4,0,0,0.05773327413879821,1.0044017833754948
S000044437,JNL/T. Rowe Price Balanced Fund,4,0,0,0.012197794670025509,1.0371853308657542
S000005003,Nationwide Investor Destinations Moderate Fund,4,0,0,0.1074124210915284,1.0204023030122873
S000007608,VY(R) T. ROWE PRICE DIVERSIFIED MID CAP GROWTH PORTFOLIO,4,0,0,0.018294837041898927,0.9927965161855071
S000007682,LargeCap Growth Account I,4,0,0,0.0005112855077661151,0.9642143724712954
S000008749,Templeton Global Balanced Fund,3,0,0,0.0064401429897680985,1.0151928866484632
S000023365,Invesco Active U.S. Real Estate ETF,4,0,0,0.06357940031403678,1.0239075502961215
S000043499,PGIM Short Duration Multi-Sector Bond Fund,4,0,0,0.010048425401208845,0.98747535192653
S000046865,AZL DFA International Core Equity Fund,4,0,0,0.020172860451784392,1.0497892705217544
S000061604,iShares ESG Aware MSCI USA Small-Cap ETF,4,0,0,0.07879537526436839,1.0121289293350135
S000069694,Leatherback Long/Short Alternative Yield ETF,4,0,0,0.09796433945207626,1.0140267496479038
S000001435,THRIVENT INCOME PORTFOLIO,4,0,0,0.012053651184663162,1.0212468258347518
S000003888,Putnam VT Small Cap Value Fund,4,0,0,0.09267759882906966,1.0252909460149613
S000004258,iShares MSCI South Korea ETF,4,0,0,0.11792123058065311,1.0602015288288975
S000007756,VIP Utilities Portfolio,3,0,0,0.009232016055813303,1.0063038023477935
S000012903,Victory International Fund,4,0,0,0.01652004639714616,1.0445844677253282
S000032974,First Trust S-Network Future Vehicles & Technology ETF,4,0,0,0.06173523942170905,1.0125599629544817
S000033429,Invesco Fundamental Investment Grade Corporate Bond ETF,4,0,0,0.12219044671170057,1.0242738020968931
S000069125,BlackRock LifePath ESG Index 2030 Fund,4,0,0,0.2462676544196015,1.010092453899927
S000072799,T. Rowe Price Ultra Short-Term Bond ETF,4,0,0,0.0027770374146827053,1.0322394834185484
S000080411,iShares Flexible Income Active ETF,4,0,0,0.047592131772877036,1.0292608568121362
S000080643,iShares iBonds Dec 2033 Term Corporate ETF,4,0,0,0.12117296574108818,1.0373308116222713
S000000614,High Yield Fund,4,0,0,0.06169302064899575,1.0367274182388417
S000001487,T. Rowe Price International Stock Fund,4,0,0,0.047027293557350816,1.029457667459315
S000004362,iShares Core U.S. Aggregate Bond ETF,4,0,0,0.005039554300250946,1.022158771499824
S000004514,PGIM Jennison Blend Fund,4,0,0,0.030410094770197318,0.997530749028826
S000005123,Fidelity Advisor Equity Value Fund,1,0,0,0.016358477791596805,1.036588491063186
S000005251,TAX MANAGED MULTI CAP GROWTH PORTFOLIO,4,0,0,0.01137544402791496,1.0186059761571171
S000009179,EQ/Large Cap Value Index Portfolio,4,0,0,0.004631397378329401,0.9724733459915517
S000029045,Hartford Real Asset Fund,4,0,0,0.01224057596909828,1.0287640993222553
S000036609,1290 VT Real Estate Portfolio,4,0,0,0.027061571079146952,1.0405849120123825
S000041167,VanEck Israel ETF,4,0,0,0.07549463447204695,0.9825147426887242
S000044691,Multimanager Aggressive Equity Portfolio,4,0,0,0.01215965169065303,1.0205680143138887
S000004997,Nationwide International Index Fund,4,0,0,0.06998473826828955,1.050938668126752
S000022923,SPDR Portfolio Intermediate Term Corporate Bond ETF,4,0,0,0.10715901017682818,1.0228369539185636
S000033730,Defensive Market Strategies Fund,4,0,0,0.3052179534332865,1.0203718554089645
S000049460,International Equity Index Fund,4,0,0,0.07247018102007655,1.0535203080770499
S000055368,Fidelity Series Small Cap Discovery Fund,4,0,0,0.07270694126214364,1.0117204664631534
S000004423,Ultra-Small Company Fund,4,0,0,0.18836247951293636,0.9995050187642334
S000060814,Invesco S&P 500 Equal Weight Health Care ETF,4,0,0,0.06448933388028158,1.0208291611713247
S000062079,Fidelity Low Duration Bond Factor ETF,4,0,0,0.0033861261558871384,1.0242069469002117
S000079198,iShares ESG Aware MSCI USA Value ETF,4,0,0,0.023601820743198276,1.0142647838044905
S000002250,"BlackRock Emerging Markets Fund, Inc.",4,0,0,0.015083514536370093,1.0273714206114535
S000032780,BlackRock LifePath Index 2040 Fund,3,0,0,0.014895193203156739,1.011079004590612
S000047761,Innovator IBD(R) 50 ETF,3,0,0,0.1937630210419779,1.0038714856241107
S000060799,Invesco S&P Smallcap 600 Pure Growth ETF,4,0,0,0.27123864687713267,1.0229227393128413
S000062159,iShares ESG Aware U.S. Aggregate Bond ETF,4,0,0,0.0040276231767216435,1.0243968419311698
S000072084,AdvisorShares Gerber Kawasaki ETF,4,0,0,0.040141070302501865,0.9620596806574053
S000072763,MassMutual Global Credit Income Opportunities Fund,4,0,0,0.05356625235860883,1.0192195697045872
S000075229,ActivePassive U.S. Equity ETF,4,0,0,0.03506878669532529,1.0111533223578006
S000000230,Invesco EQV International Equity Fund,4,0,0,0.04185197205000563,1.046407020760036
S000001438,THRIVENT MODERATE ALLOCATION PORTFOLIO ,4,0,0,0.002289761098719172,0.9999125657911857
S000003654,JPMorgan Mid Cap Growth Fund,4,0,0,0.02601789968049405,1.0207819044255697
S000009751,Federated Hermes Kaufmann Fund II,4,0,0,0.015239892439346559,1.0461054408250041
S000011995,Invesco RAFI US 1000 ETF,3,0,0,0.038768062374990676,1.0191165658375057
S000012756,VANGUARD MID-CAP GROWTH INDEX FUND,4,0,0,0.002676197336908983,0.9821122613573784
S000026009,Emerging Markets Portfolio,3,0,0,0.004618965978437472,1.0216841951561455
S000033156,Schwab U.S. Aggregate Bond ETF,4,0,0,0.0008785207861105159,1.0211690552436112
S000040915,Invesco Global ex-US High Yield Corporate Bond ETF,3,0,0,0.07352817899458897,1.0315610585806394
S000057031,Virtus Seix Total Return Bond Fund,2,0,0,0.010633945691689095,1.0181054535519578
S000057286,Fidelity Large Cap Stock K6 Fund,4,0,0,0.015057504287295055,1.016147485813791
S000059335,Inspire 100 ETF,1,0,0,0.0019682571786504258,1.0431379370325273
S000062551,Invesco BulletShares 2028 Corporate Bond ETF,4,0,0,0.17100828925304484,1.0238938441032601
S000063105,Fidelity ZERO International Index Fund,4,0,0,0.005307907989303863,1.0426710287168557
S000063139,iShares BB Rated Corporate Bond ETF,4,0,0,0.1412096460876824,1.0406775787649154
S000079726,AST J.P. Morgan Fixed Income Central Portfolio,4,0,0,0.02902901788989761,0.9696119594711543
S000029046,The Hartford International Value Fund,4,0,0,0.05037940151071527,1.0252060565180863
S000064060,EQ/Invesco Moderate Growth Allocation Portfolio,4,0,0,0.015527024619839553,1.0210717340962774
S000006610,International Value Fund,4,0,0,0.032213154585877854,1.052629103877983
S000022364,VanEck Natural Resources ETF,4,0,0,0.21188771696358435,1.0173635536344339
S000006977,SPDR(R) S&P Bank ETF,4,0,0,0.06556420737866273,1.0137678995430406
S000006990,SPDR(R) S & P 600 Small Cap Growth ETF,4,0,0,0.2145465702572943,1.0116982408654833
S000007118,Fidelity Growth Strategies Fund,4,0,0,0.029731260816128337,1.0025728845769206
S000009200,Global Resources Fund,4,0,0,0.060114088790791456,0.9734315611098293
S000010886,Saratoga Technology & Communication Portfolio,1,0,0,0.03171007494200203,1.0202094515980527
S000011478,MML Small/Mid Cap Value Fund,4,0,0,0.10213722549093547,1.0199031650873684
S000023782,AMG GW&K Small Cap Core Fund,4,0,0,0.14726810852384306,0.9902753209970652
S000007796,Transamerica Bond,4,0,0,0.015703407980563678,1.0187759328379102
S000037042,iShares Short Duration Bond Active ETF,4,0,0,0.038675022349653136,1.0293701667184596
S000079688,Fidelity Disruptive Medicine ETF,4,0,0,0.1215710097012638,1.0240025263813486
S000004329,iShares U.S. Technology ETF,4,0,0,0.01974522420748121,1.0197408295558636
S000005597,George Putnam Balanced Fund,4,0,0,0.005948819855025543,1.0207071201481175
S000006820,LORD ABBETT BOND DEBENTURE FUND INC,4,0,0,0.016777470635406275,1.0217713656877514
S000007104,Fidelity International Small Cap Fund,4,0,0,0.01428506511926056,1.058004260595537
S000008481,Carillon Eagle Mid Cap Growth Fund,4,0,0,0.005464646239654068,1.0174646788690709
S000052853,ALPS Active Equity Opportunity ETF,3,0,0,0.02598266446005096,1.005251693911191
S000053579,Victory RS Select Growth Fund,4,0,0,0.04492546702597139,1.020667888413765
S000065345,iShares iBonds 2025 Term High Yield and Income ETF,1,0,0,0.015075482814884859,1.0389160951559644
S000077112,iShares Environmentally Aware Real Estate ETF,4,0,0,0.034405408424919674,1.0459900936653848
S000003812,Leisure Fund,3,0,0,0.05384175981799993,1.0164590726074278
S000004287,U.S. Total Bond Index Master Portfolio,4,0,0,0.048822816791150116,1.0268936279042145
S000005406,NVIT Investor Destinations Moderately Aggressive Fund,4,0,0,0.06430545276970896,1.0200230632141734
S000007013,Global Emerging Markets Fund,3,0,0,0.0026062431456335255,1.0538149852648977
S000007681,Diversified International Account,3,0,0,0.012056987381329659,1.0188291127701616
S000021220,VOYA INTERNATIONAL INDEX PORTFOLIO,4,0,0,0.0558104958211655,1.0547361846862844
S000030963,Invesco S&P 500 High Beta ETF,4,0,0,0.09093882875445164,1.0205909825140673
S000032498,iShares MSCI Global Min Vol Factor ETF,4,0,0,0.004587012285654365,1.0455523896443963
S000049989,1290 Multi-Alternative Strategies Fund,4,0,0,0.20395002414049088,1.02043029289301
S000052601,Amplify Online Retail ETF,4,0,0,0.09023679794627333,1.1279166310254234
S000072329,Global X Blockchain ETF,4,0,0,0.2916814157104185,1.0310729847838422
S000045541,AB Concentrated International Growth Portfolio,4,0,0,0.08894387951563677,1.0314282635424765
S000000500,BNY Mellon Technology Growth Fund,2,0,0,0.05087313963179841,1.044305208994009
S000009516,Royce Small-Cap Value Fund,3,0,0,0.02065765725800839,1.020285595115382
S000032810,Hartford Emerging Markets Equity Fund,4,0,0,0.005954814879860593,1.016684469981653
S000003611,THE HARTFORD EQUITY INCOME FUND,4,0,0,0.025335928313913583,1.0252639569660076
S000009209,EQ/Invesco Comstock Portfolio,2,0,0,0.008975599280400164,1.0200034000113334
S000083349,John Hancock Disciplined Value International Select ETF,4,0,0,0.0962460892419422,1.051888693427245
S000065268,GMO Alternative Allocation Fund,4,0,0,0.2657417788523989,
S000066527,Global X Thematic Growth ETF,4,0,0,0.2738530028158135,1.0215802045729354
S000053356,Wilshire Income Opportunities Fund,4,0,0,0.003564297286244139,
S000009065,Federated Hermes Short-Term Government Fund,2,0,0,,
S000084449,Obra Opportunistic Structured Products ETF,4,0,0,,
S000072159,RH Tactical Outlook ETF,4,0,0,,
S000072699,Global X Solar ETF,1,0,0,0.008523123947691849,
S000076800,AST Target Maturity Central Portfolio,4,0,0,0.0035982653655239148,0.9128143262054693
S000005383,Nuveen Large Cap Value Fund,1,0,0,4.547552964647997e-06,1.0108699500761251
S000072931,JPMorgan Active Value ETF,3,0,0,0.004353625335716715,1.0209156283878793
S000002615,JPMorgan Emerging Markets Equity Fund,3,0,0,0.016146999518954368,1.022817103568201
S000004257,iShares MSCI Austria ETF,3,0,0,0.03703836112695976,1.032756115226946
S000031522,DWS Science and Technology Fund,3,0,0,0.002650748567572483,0.9928722399859751
S000037769,Victory Market Neutral Income Fund,3,0,0,0.0114097840748552,1.0257139846933554
S000002656,MFS Core Equity Portfolio,3,0,0,0.000389277139633535,0.9501819199552197
S000009097,Federated Hermes Max-Cap Index Fund,3,0,0,0.000289619416970722,1.0215548064153643
S000046396,Victory S&P 500 Index Fund,3,0,0,0.000856176208068763,1.0239093664424055
S000001026,DFA TWO-YEAR FIXED INCOME PORTFOLIO,2,0,0,0.01708419835557863,1.0172257138415828
S000044015,Goldman Sachs Small/Mid Cap Equity Fund,2,0,0,0.006878203320881843,1.0273644947084375
S000056107,Destinations Low Duration Fixed Income Fund,3,0,0,0.014709449102085223,1.0190675620801095
S000038009,Touchstone Strategic Trust-Touchstone Flexible Income Fund,3,0,0,0.009599858528263153,1.022192957394901
S000023609,Neuberger Berman Emerging Markets Equity Fund,2,0,0,0.028521285380312057,1.0559668825399693
S000044753,VictoryShares US EQ Income Enhanced Volatility Wtd ETF,3,0,0,0.012269636230276099,1.021344466355167
S000010492,Janus Henderson Flexible Bond Fund,3,0,0,0.0009971631860281542,1.0222926176609475
S000008732,Calvert VP SRI Mid Cap Portfolio,2,0,0,0.044859879153672184,1.0201003843820127
S000049991,1290 Diversified Bond Fund,2,0,0,0.04484463901032051,1.0200118466326176
S000010885,Saratoga Mid Capitalization Portfolio,2,0,0,0.09127773623275165,1.0201606370097067
S000038895,Core Bond Fund,1,0,0,0.0024832345177083163,1.0227884435307975
S000064700,Invesco SteelPath MLP Income Fund,2,0,0,0.006252389578776863,1.0211609023132988
S000008751,International Equity Series,1,0,0,0.06653685034061307,1.031709628394632
S000079690,Fidelity Disruptors ETF,2,0,0,0.0074433112564162044,1.0094343823157383
S000002177,BlackRock International Select Equity Fund,1,0,0,0.006012682910367548,1.0385084886332943
S000079059,Global X Emerging Markets Great Consumer ETF,2,0,0,0.004233675214481421,1.0535577755379835
S000017675,Fidelity Strategic Real Return Fund,1,0,0,0.0022986757547830603,1.0317503235499197
S000030616,Global Insight Portfolio,2,0,0,0.019319002174002453,1.0156249999999485
S000056886,VictoryShares Dividend Accelerator ETF,2,0,0,0.021172180576081324,1.0216483099126472
S000090639,iShares iBonds Dec 2045 Term Treasury ETF,1,0,0,0.10447891262925572,1.0332532776233323
S000069107,BlackRock Sustainable Aware Advantage International Equity Fund,2,0,0,0.00015080839338590168,1.0396080893970348
S000069709,Global X Data Center & Digital Infrastructure ETF,2,0,0,0.05221737278664377,1.0249554184366212
S000070441,ALPS Active REIT ETF,2,0,0,0.027729235320801165,1.0250482766889844
S000002490,MFS Global Growth Fund,2,0,0,0.007132238201861362,1.0508621878792763
S000093366,Avantis Total Equity Markets ETF,1,0,0,0.0036416447893306853,1.0391874847698452
S000011322,VANGUARD DIVIDEND APPRECIATION INDEX FUND,1,0,0,4.647441018799874e-05,1.0931130815859795
S000005746,VY(R) INVESCO GROWTH AND INCOME PORTFOLIO,1,0,0,0.017063806756533555,1.0227613172652597
S000094769,ProShares Ultra S&P 500 Equal Weight,1,0,0,0.0008827299763302394,1.0286225402504472
S000070949,JPMorgan Hedged Equity 3 Fund,1,0,0,0.01464165108966231,1.0196612858093563
S000077553,FundX Aggressive ETF,1,0,0,0.17542403657652578,0.9761108458835269
S000091807,VanEck Communication Services TruSector ETF,1,0,0,0.0014442917310041512,0.9944975644957604
S000047926,Fidelity Real Estate Equity Central Fund,1,0,0,0.012258042334876798,1.0178363706863125
S000084021,Harbor International Compounders Fund,1,0,0,0.03404797497785638,1.0459360954746912
S000076676,SGI Dynamic Tactical ETF,1,0,0,0.25327899541849347,1.0239789424686507
S000079720,GMO U.S. Opportunistic Value Fund,1,0,0,0.0032232860003655306,1.021023689222237
S000003791,MassMutual Premier Core Bond Fund,4,0,0,0.033371992136533364,1.0185612845089427
S000052994,JNL/T. Rowe Price U.S. High Yield Fund,4,0,0,,
S000054858,Hartford Schroders International Multi-Cap Value Fund,4,0,0,0.03578112477349974,1.0380854076136574
S000000985,LARGE CAP INTERNATIONAL PORTFOLIO,4,0,0,0.06133266273539544,1.0371735185660695
S000005150,Calvert Short Duration Income Fund,4,0,0,0.006370302966584227,1.0201280352736766
S000005412,NVIT AQR Large Cap Defensive Style Fund,1,0,0,0.07027685659275888,1.0217526609525494
S000006409,The Consumer Staples Select Sector SPDR Fund,4,0,0,0.011386376253870017,1.0148221777483788
S000012191,DIAMOND HILL SELECT FUND,4,0,0,0.06660148422582277,1.0014946225326653
S000020423,International Sustainability Core 1 Portfolio,4,0,0,0.07227129339725868,1.040339839913227
S000020653,Madison Diversified Income Fund,4,0,0,0.12073528577320279,1.0207199708069061
S000023661,NYLI Hedge Multi-Strategy Tracker ETF,4,0,0,0.2641730311709131,1.0142112075042677
S000029611,JNL/BlackRock Global Allocation Fund,4,0,0,0.02581060598164023,0.9388226809170294
S000055366,Fidelity Nasdaq Composite Index Fund,4,0,0,0.040638964028848534,1.0028067481539027
S000062640,EQ/Lazard Emerging Markets Equity Portfolio,4,0,0,0.039279364749155284,1.0251674193536195
S000015502,WisdomTree New Economy Real Estate Fund,4,0,0,0.16891315837606014,0.998219341433295
S000025771,ALPS Equal Sector Weight ETF,4,0,0,0.21718844253821804,1.0097987661143486
S000041000,ALPS International Sector Dividend Dogs ETF,4,0,0,0.14018199937284584,1.0466551655026661
S000052577,Calamos Phineus Long/Short Fund,4,0,0,0.030956219678420018,1.0111335308992133
S000063709,Sprott Junior Gold Miners ETF,4,0,0,0.13463195005401388,0.9693682058615914
S000001507,BlackRock Advantage Small Cap Growth Fund,4,0,0,0.0741604150350325,1.0042410208048553
S000003806,Energy Fund,3,0,0,0.06037265980376962,0.9940438462464323
S000009422,iShares U.S. Regional Banks ETF,2,0,0,0.0014175641075948528,1.0218533300359243
S000020972,Dunham Large Cap Value Fund,4,0,0,0.062069317330344875,0.9956386138053563
S000032769,Invesco S&P 500 Value with Momentum ETF,4,0,0,0.08158455672132264,1.02092271827989
S000035393,iShares MSCI United Kingdom Small-Cap ETF,4,0,0,0.007105723576563503,0.9519009656890404
S000038590,PGIM Short Duration High Yield Income Fund,4,0,0,0.058480766786424124,1.032777698570433
S000043768,WisdomTree International Hedged Quality Dividend Growth Fund,4,0,0,0.013711273677659473,1.0225092712071118
S000059502,Franklin FTSE China ETF,4,0,0,0.001439450139128857,1.0416666666666667
S000060839,Invesco BulletShares 2025 Corporate Bond ETF,2,0,0,0.01989805147643886,1.024725714832115
S000077718,iShares Floating Rate Loan Active ETF,3,0,0,0.0220128109095365,1.024442071745542
S000001366,THRIVENT LARGE CAP VALUE FUND,3,0,0,0.0049752659861937365,1.0093622001170275
S000003714,Energy Fund,1,0,0,0.02235013837114052,0.993728331937004
S000008707,VOYA INDEX PLUS SMALLCAP PORTFOLIO,4,0,0,0.03220995961956394,1.0097760186280798
S000008981,Columbia Variable Portfolio - Acorn Fund,2,0,0,0.025943405122963593,1.0216246091409966
S000027875,Invesco V.I. Global Core Equity Fund,4,0,0,0.1183499056618585,1.0202001898135409
S000032045,DWS RREEF Real Estate Securities Fund,3,0,0,0.03773403874665728,1.0121248097617341
S000061993,JPMorgan BetaBuilders Developed Asia Pacific ex-Japan ETF,4,0,0,0.003610515599544766,1.0503297436844237
S000062805,Fidelity Series Emerging Markets Fund,4,0,0,0.009625179880389155,1.045679318244974
S000085059,iShares High Yield Active ETF,4,0,0,0.09293322921131077,1.0402433920906087
S000009044,1290 VT Equity Income Portfolio,4,0,0,0.02269933474457842,1.0211267605633803
S000013104,Invesco Dorsey Wright Healthcare Momentum ETF,4,0,0,0.3140000220219866,1.0226386427064371
S000013127,Invesco Dorsey Wright Basic Materials Momentum ETF,4,0,0,0.23575262437837627,1.021147690994198
S000028947,SPDR(R) Bloomberg International Corporate Bond ETF,4,0,0,0.0782354037569166,1.0129987281496304
S000039312,Fidelity Telecom and Utilities Fund,4,0,0,0.01390260218449929,0.9883770339390263
S000053205,DFA Social Fixed Income Portfolio,4,0,0,0.02821076881144937,1.0211938946919772
S000058608,T. Rowe Price Multi-Strategy Total Return Fund,2,0,0,0.0279742274610996,1.0130607923410182
S000011103,T. Rowe Price Mid Cap Growth Portfolio,4,0,0,0.23249580419976149,1.0217707912873446
S000024065,VanEck Indonesia Index ETF,4,0,0,0.06747155656387856,1.0031000593197061
S000039595,Transamerica Sustainable Equity Income,2,0,0,0.008253333875710466,1.0245300804948498
S000039732,ProShares High Yield-Interest Rate Hedged,4,0,0,0.041872157709300965,1.0205386729416772
S000059742,VanEck Real Assets ETF,4,0,0,0.20831728609593414,0.9880146334591117
S000003576,THE HARTFORD HEALTHCARE FUND,4,0,0,0.012842188067644719,1.0176375785492695
S000008014,Systematic Core Fund,4,0,0,0.02698493317329052,1.0258874866415266
S000031722,AB Dynamic Asset Allocation Portfolio,4,0,0,0.024330286622403663,1.04752568781405
S000042600,Calvert Green Bond Fund,4,0,0,0.029469575618356322,1.0214701523389815
S000079685,Fidelity Disruptive Automation ETF,3,0,0,0.03047848211603867,0.9968274379700935
S000000187,Invesco V.I. Global Real Estate Fund,4,0,0,0.20787855037502365,1.0211410551443043
S000006882,Franklin Biotechnology Discovery Fund,4,0,0,0.03327818530697175,1.0270836856209902
S000008638,VOYA MIDCAP OPPORTUNITIES PORTFOLIO,4,0,0,0.017999263014433723,0.9460771034362506
S000035389,iShares MSCI Norway ETF,4,0,0,0.036471781159596886,1.0390253753522607
S000042012,Xtrackers MSCI Europe Hedged Equity ETF,4,0,0,0.007130515868473741,1.04016508464548
S000061644,Principal Investment Grade Corporate Active ETF,4,0,0,0.009516781885077694,1.0109682853749902
S000064825,Pacer US Cash Cows Growth ETF,3,0,0,0.09947588213188745,1.0223714284215148
S000070458,Horizon Kinetics Inflation Beneficiaries ETF,4,0,0,0.052235776521827065,0.9417808219178082
S000083568,F/m 2-Year Investment Grade Corporate Bond ETF,1,0,0,0.0065876695370611195,1.0203026528908545
S000005544,Nuveen Credit Income Fund,4,0,0,0.05090064968069568,1.0359670329353585
S000005787,VANGUARD EUROPEAN STOCK INDEX FUND,4,0,0,0.006932615195633279,1.045081501821041
S000006997,Inflation Protection Fund,1,0,0,0.00024140516768191513,1.0386023167073801
S000007851,Kinetics Internet Portfolio,4,0,0,0.018633158579806235,0.9290448929376434
S000014502,JNL/BlackRock Global Natural Resources Fund,3,0,0,0.07941403354796893,1.022827184496469
S000023756,Empower Multi-Sector Bond Fund,4,0,0,0.025755600319625253,1.024026651904432
S000030004,VANGUARD RUSSELL 2000 VALUE INDEX FUND,4,0,0,0.011320659293784638,1.0677787915865078
S000030019,VANGUARD S&P SMALL-CAP 600 VALUE INDEX FUND,4,0,0,0.008107801181776305,1.04278395760035
S000047306,EMQQ The Emerging Markets Internet ETF,4,0,0,0.0048612728473532455,1.021186440677966
S000062306,WisdomTree International Multifactor Fund,4,0,0,0.009369069729597005,1.0371610221688654
S000067147,Sprott Gold Equity Fund,4,0,0,0.04623100625102531,0.9518843983986933
S000067976,T. Rowe Price Equity Income ETF,4,0,0,0.03334561352987658,0.9526044081490782
S000077852,Nuveen Emerging Markets Debt Managed Accounts Portfolio,4,0,0,0.05120210609475304,1.0303405485263515
S000001441,THRIVENT MODERATELY CONSERVATIVE ALLOCATION PORTFOLIO,4,0,0,0.0035715074681970755,0.9877662992203476
S000005747,VY(R) CBRE Real Estate Portfolio,3,0,0,0.013702860514835333,1.0186308054415882
S000006794,AST Preservation Asset Allocation Portfolio,4,0,0,0.007047215759476703,0.9034914240256768
S000007716,VIP Equity-Income Portfolio,4,0,0,0.012520363836471912,1.02278267039615
S000009429,NYLI VP Epoch U.S. Equity Yield Portfolio,4,0,0,0.014759698313727913,1.0182005494505495
S000010396,Janus Henderson Enterprise Portfolio,3,0,0,0.0079634505812408,1.0206084129446342
S000050079,John Hancock Multifactor Mid Cap ETF,4,0,0,0.03355318818844726,1.021962581000789
S000057290,Fidelity Growth Strategies K6 Fund,4,0,0,0.03354476867025971,1.0012519429435427
S000075150,Dimensional US Real Estate ETF,4,0,0,0.06790008448623042,1.0237102427496456
S000012379,WisdomTree U.S. Total Dividend Fund,4,0,0,0.03033800884052091,1.009640342798151
S000025336,Brighthouse/Templeton International Bond Portfolio,4,0,0,0.006316395451167788,1.0206053588061377
S000044276,Transamerica Multi-Asset Income,4,0,0,0.04076146936673305,1.0207396184747897
S000050532,Direxion Daily Pharmaceutical & Medical Bull 3X Shares,3,0,0,0.08017679209430213,1.0229111331913312
S000078980,Sprott Critical Materials ETF,4,0,0,0.2532607471950562,0.9812304372324282
S000003793,MassMutual Premier Diversified Bond Fund,4,0,0,0.05889017214255333,1.0128253850095812
S000003827,MML Small Cap Growth Equity Fund,4,0,0,0.23995737338369555,1.0197972590021445
S000007466,Select Health Care Portfolio,4,0,0,0.03866829089931962,0.9845081610175835
S000041101,Nationwide Bailard International Equities Fund,4,0,0,0.0648729437487259,1.047162229278883
S000047257,FlexShares Credit-Scored US Corporate Bond Index Fund,4,0,0,0.2510202954174123,1.0216309065700455
S000013106,Invesco S&P 100 Equal Weight ETF,2,0,0,0.00970093245446141,1.020302806700139
S000013337,Long/Short Equity Portfolio,4,0,0,0.026316172862137967,0.9989782482830819
S000023715,Disciplined Value Fund,3,0,0,0.00306681620836741,1.020517310998256
S000028298,Invesco S&P SmallCap Financials ETF,4,0,0,0.24098449566503616,1.0119943426675697
S000028537,NYLI MacKay Total Return Bond Fund,4,0,0,0.009760283497808154,1.0311483471573561
S000030018,VANGUARD S&P SMALL-CAP 600 GROWTH INDEX FUND,4,0,0,0.003725567897254508,0.9873553723773715
S000048866,Core Income Portfolio,4,0,0,0.03537289132554716,1.0195092664837404
S000060805,Invesco Zacks Multi-Asset Income ETF,3,0,0,0.16617405604394797,1.0239294302796427
S000061568,Pacer Lunt Large Cap Multi-Factor Alternator ETF,3,0,0,0.08527961842104012,1.0138510636700093
S000003897,Putnam VT Focused International Equity Fund,2,0,0,0.010704985192086288,1.0383133621409464
S000005758,VOYA U.S. STOCK INDEX PORTFOLIO,4,0,0,0.0014886684053710569,1.006405589797641
S000049905,VictoryShares International Volatility Wtd ETF,3,0,0,0.02377968408148701,1.0483603278536089
S000050621,Empower Small Cap Growth Fund,4,0,0,0.053561941543483836,1.0182046751638603
S000069448,Invesco NASDAQ 100 ETF,4,0,0,0.015753843832994146,1.0207368130428363
S000082268,Amplify Digital Payments ETF ,4,0,0,0.05165123363481445,1.019536646608213
S000002119,"T. Rowe Price Science & Technology Fund, Inc.",4,0,0,0.024119959332427957,0.915422456618727
S000003039,Invesco Aerospace & Defense ETF,4,0,0,0.06676818964360949,1.021461546042975
S000004452,VANGUARD INFORMATION TECHNOLOGY INDEX FUND,4,0,0,0.004919490454780842,0.9881225368431579
S000007144,Lord Abbett Value Opportunities Fund,4,0,0,0.0016068436610906698,1.020628577600173
S000014089,Short-Term Income Account,4,0,0,0.009490280655756458,1.029916249929007
S000026040,PD High Yield Bond Market Portfolio,4,0,0,0.04271608807088476,1.019301401962757
S000034854,Dunham Focused Large Cap Growth Fund,4,0,0,0.09847559719913873,1.0113966581910643
S000038923,iShares Core MSCI Emerging Markets ETF,4,0,0,0.04284398826695144,1.0796401301909926
S000041792,Quantified Alternative Investment Fund,4,0,0,0.21076098750647132,1.0135252065497855
S000065159,VictoryShares Short-Term Bond ETF,4,0,0,0.0044486211209758065,1.0210346665618342
S000075203,iShares U.S. Long Credit Bond Index Fund,4,0,0,0.09592433435792858,1.0429291947557315
S000077117,Innovator Equity Managed Floor ETF,4,0,0,0.03389776703956184,0.9976244466720464
S000077118,Innovator Nasdaq-100 Managed Floor ETF,4,0,0,0.08115592685522585,1.0039959134614824
S000088119,Morgan Stanley Pathway Large Cap Equity ETF,3,0,0,0.0024871882453989767,1.0233449746491636
S000069556,VanEck Moody's Analytics IG Corporate Bond ETF,4,0,0,0.03329417608655741,1.032012082942471
S000006985,SPDR Portfolio S&P 500 Value ETF,4,0,0,0.0031453091792337405,1.0075539677229075
S000010734,EQ/Common Stock Index Portfolio,4,0,0,0.005007451464208918,1.0219642468537735
S000042625,Fidelity Series Large Cap Value Index Fund,4,0,0,0.00878940503925299,1.022519206059883
S000067264,BNY Mellon Emerging Markets Equity ETF,4,0,0,0.010018243981344113,1.0558846572317397
S000006413,The Industrial Select Sector SPDR Fund,4,0,0,0.013288370480324933,1.020431919479228
S000006986,SPDR(R) Portfolio S&P 400 Mid Cap ETF,4,0,0,0.11674182773449059,1.0124377868934458
S000051237,Calvert International Responsible Index Fund,4,0,0,0.04292174740131347,1.0507584444587403
S000003053,Invesco WilderHill Clean Energy ETF,4,0,0,0.25101323836697004,1.0268593573252727
S000004436,iShares ESG Optimized MSCI USA ETF,3,0,0,0.0031787308148835034,1.041895000457511
S000005152,Fidelity Advisor Strategic Income Fund,4,0,0,0.012135129614814773,0.9545745973898326
S000046704,PGIM Jennison Emerging Markets Equity Opportunities Fund,3,0,0,0.09223204201706484,1.04321931564163
S000048153,iShares iBonds Dec 2025 Term Corporate ETF,1,0,0,0.023242232445284564,1.0356996877092257
S000054096,Fidelity Large Cap Value Index Fund,4,0,0,0.008081144260722354,1.013597354704132
S000054857,Hartford Schroders International Stock Fund,2,0,0,0.0028678844708605613,1.0604168645743581
S000057025,Virtus Seix High Yield Fund,4,0,0,0.028734893042012242,1.0306825202644174
S000075575,Kensington Managed Income Fund,4,0,0,0.2464061333000324,1.011348038593724
S000086384,Disciplined Value Global Long/Short Fund,4,0,0,0.04325964549114688,1.0222795681316852
S000007078,MidCap Growth Fund,1,0,0,0.014527435952457117,1.0155721783555636
S000009340,Goldman Sachs U.S. Tax-Managed Equity Fund,3,0,0,0.0029173409373707275,1.044776119402985
S000030006,VANGUARD RUSSELL 3000 INDEX FUND,4,0,0,0.00039644821651321126,1.020305743379038
S000031490,DFA Investment Grade Portfolio,4,0,0,0.04071766892707712,1.0210155200646722
S000031802,First Trust Developed Markets ex-US AlphaDEX Fund,4,0,0,0.07092760675928472,1.0510446281809025
S000052905,T. Rowe Price Integrated U.S. Large-Cap Value Equity Fund,4,0,0,0.017194071542593396,1.0134399345951908
S000057862,BlackRock LifePath Dynamic 2060 Fund,4,0,0,0.15024069040476226,0.9910684381503845
S000079627,Voya VACS Series HYB Fund,4,0,0,0.04422533892396975,1.037080060909993
S000081803,Fidelity Enhanced Mid Cap ETF,4,0,0,0.014084760263903007,0.9912315211626277
S000084319,Pacer Developed Markets Cash Cows Growth Leaders ETF,2,0,0,0.04803417666831824,1.0154906485102064
S000004450,VANGUARD HEALTH CARE INDEX FUND,4,0,0,0.003086792592676586,0.9221647014105524
S000009330,Goldman Sachs International Equity Insights Fund,3,0,0,0.0129675527068504,1.0571761481992827
S000031534,Fidelity Series High Income Fund,4,0,0,0.0960621382102517,1.0417314268816855
S000062651,EQ/Invesco Global Real Assets,4,0,0,0.038197580182630454,1.045209351898817
S000008001,Mid Cap Strategic Growth Fund,4,0,0,0.03969717225507524,1.0186405567063213
S000071121,JNL Bond Index Fund,4,0,0,,
S000006026,Fidelity Total Market Index Fund,4,0,0,0.010059619464398806,0.9943647283465818
S000073698,VictoryShares Core Plus Intermediate Bond ETF,4,0,0,0.010850792387170674,1.0200783397304969
S000074555,iShares MSCI China Multisector Tech ETF,4,0,0,0.04234835873550495,1.0163268377913515
S000002068,"T. Rowe Price Balanced Fund, Inc.",4,0,0,0.012620436308804155,1.0358817933056883
S000002922,VANGUARD HEALTH CARE FUND,3,0,0,0.0017178405181295098,0.9397243087640037
S000003804,Internet Fund,1,0,0,0.004287318052388577,1.0184273615801183
S000007314,Franklin Small-Mid Cap Growth VIP Fund,3,0,0,0.004079866210958359,1.0210803689064558
S000007849,Neuberger Berman Large Cap Growth Fund,3,0,0,0.010671402138777623,1.00967007963595
S000008709,VOYA SMALL COMPANY PORTFOLIO,4,0,0,0.04938047324539384,1.0014184090671872
S000019188,Fidelity Asset Manager 40%,1,0,0,0.009573875680865342,1.0169971671388103
S000027365,Jacob Small Cap Growth Fund,4,0,0,0.07508427444227182,1.0121375074838699
S000030017,VANGUARD S&P SMALL-CAP 600 INDEX FUND,4,0,0,0.007708267368248265,0.9737669622734538
S000037667,Multi-Manager Global Listed Infrastructure Fund,4,0,0,0.017297642523976788,1.018040284759237
S000058037,iShares ESG Aware USD Corporate Bond ETF,4,0,0,0.06709667017641512,1.0310992897715436
S000068114,JNL/PIMCO Investment Grade Credit Bond Fund,4,0,0,0.004528150828094222,1.312007641006214
S000072813,iMGP DBI Managed Futures Strategy ETF,1,0,0,0.1669325316490912,1.0206767220487192
S000079686,Fidelity Disruptive Communications ETF,4,0,0,0.034965890468705504,0.9729610756804106
S000003037,Invesco Dividend AchieversTM ETF,4,0,0,0.011991863590197447,1.0212672798021423
S000005323,Fidelity Advisor Utilities Fund,1,0,0,0.0009430838114497436,1.0721247563352827
S000028741,AZL Russell 1000 Value Index Fund,4,0,0,0.0016780834052038875,1.0210181585413047
S000035916,iShares Aaa - A Rated Corporate Bond ETF,4,0,0,0.08162767502361505,1.0341154849793635
S000062304,WisdomTree Emerging Markets Multifactor Fund,4,0,0,0.005415901125231504,1.0472199323980345
S000063668,JPMorgan BetaBuilders U.S. Aggregate Bond ETF,2,0,0,0.001304103012315078,1.0215939357394959
S000069740,iShares US Small Cap Value Factor ETF,4,0,0,0.04993542423304756,1.0214826492034073
S000082279,Amplify Junior Silver Miners ETF,4,0,0,0.05342135729669118,0.9168350011936409
S000088866,Invesco QQQ Low Volatility ETF,2,0,0,0.08806573005307096,1.0201897907535404
S000000605,Nuveen Multi Cap Value Fund,3,0,0,0.011782681289987117,1.0256509249759673
S000001509,BlackRock High Equity Income Fund,3,0,0,0.003416538297280952,1.017816527672479
S000004355,iShares Expanded Tech-Software Sector ETF,4,0,0,0.05301401247960338,0.9991416079205802
S000005183,State Street S&P 500 Index Fund,4,0,0,0.0027502124428277833,1.0214828409318732
S000006378,Disciplined International Equity Portfolio,4,0,0,0.08235916244510931,1.0291563707009848
S000010995,CVT Russell 2000 Small Cap Index Portfolio,4,0,0,0.07987913634413937,1.0258486920174674
S000012895,Victory Growth Fund,4,0,0,0.004359513305041923,1.0203214310477016
S000047479,Transamerica Strategic Income,4,0,0,0.03419972497068804,1.0196739144951381
S000049130,TCW Core Fixed Income Portfolio,4,0,0,0.14466025586770545,1.0211267808205173
S000061991,Multi-Asset Real Return Portfolio,1,0,0,0.004432282595385561,1.0471702972927388
S000030192,AMG GW&K Small/Mid Cap Growth Fund,4,0,0,0.17019715237954672,0.9848329884084785
S000031503,TOPS Balanced ETF Portfolio,4,0,0,0.21585976127467119,1.020965238565455
S000053084,SPDR MSCI Emerging Markets Fossil Fuel Reserves Free ETF,4,0,0,0.03826023035492348,1.0532127524077561
S000055370,Fidelity Small Cap Discovery Fund,4,0,0,0.06448594317802481,0.9925372262192451
S000009914,AMG GW&K Core Bond ESG Fund,4,0,0,0.07428625581768072,1.030460609424345
S000011083,Loomis Sayles Growth Portfolio,4,0,0,0.0854415360226667,1.0226424448058393
S000016884,VanEck Low Carbon Energy ETF,4,0,0,0.2127822605731142,1.0020376397260993
S000025079,MML Small Company Value Fund,4,0,0,0.2445533008642058,1.0222106950275383
S000032495,Global X SuperDividend ETF,3,0,0,0.061278191997685624,1.0524068266532038
S000067262,BNY Mellon US Small Cap Core Equity ETF,4,0,0,0.09369109605558676,0.9920196315961852
S000075152,Dimensional International Core Equity 2 ETF,4,0,0,0.06484262523178339,1.0417971703775426
S000019124,iShares MSCI EAFE Small-Cap ETF,4,0,0,0.0481635185213227,1.086234468208096
S000027873,Invesco V.I. Equity and Income Fund,4,0,0,0.019544711761691366,1.022335832312265
S000000213,Invesco Global Core Equity Fund,4,0,0,0.07707822978657669,1.0216371274812666
S000006028,DWS Emerging Markets Equity Fund,4,0,0,0.028191993399846536,0.9362133595526332
S000006138,DWS Global Income Builder Fund,4,0,0,0.04611277788321565,1.0254319083217238
S000025458,Transamerica BlackRock Tactical Allocation VP,4,0,0,0.012798845193884767,1.0180488810291328
S000025898,Janus Henderson Adaptive Risk Managed U.S. Equity Fund,4,0,0,0.010029586497263961,1.0212683225882444
S000040645,Transamerica Energy Infrastructure,3,0,0,0.0799931097817924,1.0217800484001076
S000042353,iShares 0-5 Year High Yield Corporate Bond ETF,4,0,0,0.16742134071534062,1.045571034137154
S000078972,Horizon Kinetics Medical ETF,3,0,0,0.06490643724503423,0.9631182684645538
S000080097,Transamerica Long Credit,4,0,0,0.006842522208574957,1.0183048733581015
S000085029,Global X Russell 2000 ETF,3,0,0,0.019184168034820086,1.030488772010315
S000001446,THRIVENT SMALL CAP INDEX PORTFOLIO,4,0,0,0.0223215211458417,0.9965257442188354
S000002197,PSF Global Portfolio,4,0,0,0.03378047273093676,1.009105811533741
S000003596,THE HARTFORD SHORT DURATION FUND,4,0,0,0.014885331888589873,1.020588840321161
S000006056,Fidelity Advisor Capital Development Fund,4,0,0,0.019923004861474348,1.0157072695152274
S000007470,Select Insurance Portfolio,4,0,0,0.0022607264276831287,1.0188933931819515
S000009077,Federated Hermes Short-Term Income Fund,4,0,0,0.00776076756039279,1.0214828429730007
S000025162,Payden Corporate Bond Fund,4,0,0,0.02641603228167138,1.0356657351393022
S000026866,Fidelity Series International Growth Fund,2,0,0,0.00017632890582107042,1.0097338142051073
S000027304,Emerging Markets Debt Fund,4,0,0,0.0545031282965932,1.0257533209888077
S000057288,Fidelity Total Bond K6 Fund,4,0,0,0.0030925604693555434,1.0351354224006184
S000005200,Eaton Vance China Equity Fund,4,0,0,0.08600615648371315,1.0512665344668795
S000029608,CM Commodity Index Fund,3,0,0,0.08871471029531307,1.0204704839226721
S000019983,Mid Cap Fund,2,0,0,0.02400235231657335,0.9940944881889764
S000059554,VanEck Morningstar Wide Moat Fund,4,0,0,0.024011467859661385,0.992442428859079
S000010125,AB EQUITY INCOME FUND INC,4,0,0,0.026341308625234993,1.021754588281287
S000056707,GMO Climate Change Fund,4,0,0,0.09496304989039271,1.054275306971523
S000078984,Sprott Junior Uranium Miners ETF,4,0,0,0.12035944051788648,0.9913269465189363
S000006544,RIVER OAK DISCOVERY FUND,3,0,0,0.15200809186938474,
S000001445,THRIVENT SMALL CAP STOCK PORTFOLIO,3,0,0,0.00888925161012645,1.0123355425216423
S000088748,iShares MSCI Global Quality Factor ETF,2,0,0,0.002020080314765072,1.008225038344548
S000013816,CRM ALL CAP VALUE FUND,3,0,0,0.04641647819594197,1.004334665754828
S000004246,iShares MSCI Australia ETF,2,0,0,0.0006306044796708714,1.0448267432034117
S000006906,NYLI WMC Value Fund,1,0,0,0.0075171723855266374,1.0342249543113473
S000088559,American Beacon Ninety One Emerging Markets Equity Fund,1,0,0,0.002356031731872655,1.0418092229227727
S000005198,Eaton Vance Atlanta Capital SMID-Cap Fund,3,0,0,0.021525648268295464,1.005569035836078
S000059009,Touchstone Strategic Trust-Touchstone Balanced Fund,3,0,0,0.002273882814551164,1.0206831483596543
S000077070,JPMorgan Active Growth ETF,3,0,0,0.005873897134245007,1.0215030364942204
S000051866,International Small Cap Portfolio,3,0,0,0.0876106769363306,1.05596828111663
S000008982,Columbia Variable Portfolio - Acorn International Fund,1,0,0,0.024832877697738703,1.0588973225956757
S000007112,Fidelity Magellan Fund,2,0,0,0.0012450738156572646,1.0197878472597186
S000001722,JNL/MFS Mid Cap Value Fund,3,0,0,0.012961209165712468,0.9935967630005788
S000083238,iShares International Dividend Active ETF,2,0,0,0.00558653756548725,1.0153443243606524
S000009360,Goldman Sachs Variable Insurance Trust Mid Cap Growth Fund,1,0,0,0.007395793349385181,1.074238597111989
S000007301,Growth Opportunities Portfolio,2,0,0,0.008973119898515366,1.0206961429915333
S000017341,First Trust Large Cap Growth AlphaDEX Fund,2,0,0,0.007418457244092027,0.9764552631638337
S000010890,Saratoga Large Capitalization Growth Portfolio,3,0,0,0.04973232861335391,1.0212923504603857
S000073568,WisdomTree Efficient Gold Plus Gold Miners Strategy Fund,2,0,0,0.03091359735122264,1.0081458998658757
S000035896,American Beacon Stephens Mid-Cap Growth Fund,3,0,0,0.006425626729437894,1.0201942046148549
S000026387,WisdomTree Managed Futures Strategy Fund,3,0,0,0.02155280603093128,1.0229052804295942
S000070582,Global X Adaptive U.S. Risk Management ETF,2,0,0,0.0004921041092295495,1.0221882872251424
S000091281,iShares S&P 500 3% Capped ETF,1,0,0,0.0037477506897510655,1.0454803182721084
S000007840,Neuberger Berman Large Cap Value Fund,2,0,0,0.016600652584460925,1.0138955278245636
S000002106,"T. Rowe Price New Horizons Fund, Inc.",2,0,0,0.02562114621722027,0.9786258697674882
S000002419,MFS Growth Fund,1,0,0,1.2650085078565897e-05,1.021450738930761
S000006015,PACE High Yield Investments,1,0,0,0.0001668411122341185,1.0057065283806068
S000064994,Xtrackers MSCI USA Selection Equity ETF,2,0,0,0.0002979517878579767,0.9903698840008754
S000089248,Elm Market Navigator ETF,2,0,0,0.027632413861501625,0.9888783779244593
S000044491,SGI Global Equity Fund,1,0,0,0.1238094783605274,1.0341790047101833
S000001259,Limited Term U.S. Government Fund,1,0,0,0.008571573950499933,1.0193110288454565
S000012929,Victory Government Securities Fund,1,0,0,0.000358196314298361,1.02171471395388
S000097906,Amplify Stablecoin Technology ETF,1,0,0,0.0051494629701583985,0.985054347826087
S000003780,MML Barings Inflation-Protected and Income Fund,1,0,0,0.0025790299499322774,1.020543706561945
S000101407,THRIVENT CORE INVESTMENT GRADE CORPORATE BOND FUND,1,0,0,0.020842866273275616,1.0290718234601344
S000068798,Nuveen Core Impact Bond Managed Accounts Portfolio,1,0,0,0.006181098952570098,1.0289982591300544
S000007656,Global Emerging Markets Account,1,0,0,0.0016699355015774432,1.0373708921139828
S000040742,State Street(R) SPDR(R) Bloomberg 1-10 Year TIPS ETF,1,0,0,0.00440016623106825,1.0362578337291255
S000001161,INTERNATIONAL EQUITY FUND,4,0,0,0.06270188467203434,1.0429418797924552
S000006987,SPDR(R) S & P 400 Mid Cap Growth ETF,4,0,0,0.12801147398464802,1.011264459827252
S000041095,Nationwide Loomis Short Term Bond Fund,4,0,0,0.25755071787098743,1.020842033900558
S000043384,WisdomTree Interest Rate Hedged U.S. Aggregate Bond Fund,4,0,0,0.029089903516722065,1.0297699362143962
S000003679,MassMutual Diversified Value Fund,4,0,0,0.007845402925437605,1.0224696815183603
S000011105,Brighthouse Small Cap Value Portfolio,4,0,0,0.23681689891264343,1.022112873183883
S000013721,VanEck Steel ETF,4,0,0,0.2292463485950584,1.0171630008946317
S000032811,The Hartford World Bond Fund,4,0,0,0.005851167226540288,1.037415764259336
S000033059,SPDR SSGA Multi-Asset Real Return ETF,4,0,0,0.10093489047248813,1.0064830912824612
S000040816,WisdomTree U.S. Quality Dividend Growth Fund,4,0,0,0.026737540083253814,1.010541017535299
S000045259,Brighthouse/Artisan International Portfolio,3,0,0,0.025860109592858366,1.0216799913361772
S000051137,Fidelity SAI U.S. Quality Index Fund,4,0,0,0.0011318366844170812,1.0281782798595145
S000066644,Calvert Emerging Markets Advancement Fund,4,0,0,0.014054025946801023,1.0500569868182106
S000004367,iShares Morningstar U.S. Equity ETF,4,0,0,0.018099641594623572,1.012692049666035
S000007481,Select Pharmaceuticals Portfolio,4,0,0,0.16093280859669934,0.9967947908682478
S000026553,iShares Russell Top 200 ETF,3,0,0,0.0024759750163726797,0.9894463245466227
S000039220,Fidelity Series Opportunistic Insights Fund,4,0,0,0.004651826954697467,0.989546037617826
S000046273,ProShares MSCI EAFE Dividend Growers ETF,4,0,0,0.04717346682461443,1.0456541865043119
S000047035,First Trust Eurozone AlphaDEX ETF,4,0,0,0.062799722615708,1.0380732273847262
S000051995,Fidelity SAI Emerging Markets Index Fund,4,0,0,0.010361999355539237,1.071966145623373
S000054184,iShares ESG Advanced High Yield Corporate Bond ETF,4,0,0,0.19706124866651104,1.0414295997352223
S000057604,Janus Henderson Developed World Bond Fund,4,0,0,0.005968227824004719,1.019633237418048
S000066115,Quantified Common Ground Fund,4,0,0,0.1320336461769764,1.0123785546628725
S000075030,Dimensional U.S. Marketwide Value ETF,4,0,0,0.030921029004120238,1.022669146912457
S000079687,Fidelity Disruptive Finance ETF,4,0,0,0.042664213591499744,0.9752780784299806
S000001412,International Growth Fund,4,0,0,0.009692859890183921,1.0509526053838885
S000002594,VANGUARD CAPITAL OPPORTUNITY FUND,4,0,0,0.015661324626221364,1.0446082070204614
S000004369,iShares Morningstar Value ETF,4,0,0,0.002763892049349318,1.0184222329274573
S000020634,AST Investment Grade Bond Portfolio,4,0,0,0.020857431008329066,1.0321240615675993
S000022497,iShares Emerging Markets Infrastructure ETF,4,0,0,0.10559701071902229,1.0290848779257453
S000043966,WisdomTree Floating Rate Treasury Fund,1,0,0,5.839925525042645e-05,1.0213940978812097
S000053581,Victory RS Small Cap Growth Fund,4,0,0,0.059288851718085546,1.0228569968119605
S000054641,U.S. Global GO GOLD and Precious Metal Miners ETF,4,0,0,0.17116379778557209,0.9649942676962432
S000064611,Invesco Gold & Special Minerals Fund,3,0,0,0.010090808337613449,1.0225992774423824
S000075506,iShares Emergent Food and AgTech Multisector ETF,1,0,0,0.011982504973265945,1.0630988143456581
S000003055,Invesco Large Cap Value ETF,1,0,0,0.0013547540623205015,1.0223651397901241
S000003722,Technology Fund,2,0,0,0.0071737711233130046,0.9909644211456179
S000016768,Schwab Fundamental International Equity Index Fund,4,0,0,0.006974965202927847,1.0378297089981876
S000030984,GuidePath Absolute Return Allocation Fund,4,0,0,0.22745093960413082,1.013021671535396
S000046037,State Street Target Retirement 2030 Fund,3,0,0,0.03528553874466492,1.012038392347805
S000048952,PIMCO RAE Emerging Markets Fund,4,0,0,0.007817717889215025,1.1432117703390325
S000075060,Sprott Uranium Miners ETF,4,0,0,0.07707854781575367,0.9718146658290667
S000049082,AB Global Risk Allocation-Moderate Portfolio,2,0,0,0.01280540775395319,1.056994244147745
S000059700,SPDR S&P Kensho Intelligent Structures ETF,4,0,0,0.09677924358957622,1.005169091415081
S000075383,Avantis Responsible U.S. Equity ETF,4,0,0,0.0020100103462220784,1.0194522592792248
S000083425,Avantis Emerging Markets ex-China Equity ETF,4,0,0,0.019291439407081806,1.0376069359709312
S000003668,MassMutual Small Cap Growth Equity Fund,4,0,0,0.2233643490872398,1.018184511829557
S000007329,Franklin Income VIP Fund,2,0,0,0.0028093110789468383,1.0247742985209802
S000007898,Transamerica BlackRock Real Estate Securities VP,4,0,0,0.04005038226450444,1.0502516415108987
S000071696,Janus Henderson U.S. Real Estate ETF,4,0,0,0.08454448279475968,1.0209003215434083
S000075959,Carillon Chartwell Real Income Fund,4,0,0,0.03451182921365198,1.000151996924364
S000082930,Janus Henderson Securitized Income ETF,2,0,0,0.0009651820036536583,1.0203844030044376
S000005706,DWS Core Equity Fund,4,0,0,0.008641415280673132,0.993118287582089
S000006216,Hotchkis and Wiley Value Opportunities Fund,2,0,0,0.050680057710647354,1.020159875219341
S000012972,Federated Hermes MDT Small Cap Core Fund,4,0,0,0.03276836871805035,1.0280876410922364
S000030361,Invesco KBW High Dividend Yield Financial ETF,4,0,0,0.3001573044073056,1.027054607769936
S000045911,1290 High Yield Bond Fund,4,0,0,0.08439308887216317,1.0207277396790206
S000060791,Invesco S&P 500 Pure Growth ETF,3,0,0,0.07410242593547234,1.02040997221067
S000062244,Innovator Deepwater Frontier Tech ETF,4,0,0,0.12577503707992815,0.955985797391553
S000075205,iShares U.S. Long Government Bond Index Fund,4,0,0,0.08260446127711353,1.0422464743811644
S000080479,T. Rowe Price Hedged Equity Fund,2,0,0,0.0009369971081528061,1.0125110576275027
S000004431,iShares U.S. Consumer Staples ETF,3,0,0,0.004476114735576729,0.9408813973785198
S000004627,PGIM Quant Solutions Large-Cap Index Fund,2,0,0,0.008401380050269854,0.9240842410021306
S000006755,Franklin Growth Fund,2,0,0,0.00013697596933571576,1.019131557947999
S000007852,Kinetics Global Portfolio,4,0,0,0.0201061245893202,0.9364103736778928
S000012813,Hood River Small-Cap Growth Fund,4,0,0,0.2230650485228531,0.9582741605130222
S000026635,Schwab U.S. Mid-Cap ETF,4,0,0,0.004916702516865473,1.021936640922857
S000042854,2045 Lifetime Blend Portfolio,4,0,0,0.024627178721895928,1.0204913650852527
S000053255,2060 Lifetime Blend Portfolio,1,0,0,0.031137585522045066,1.0245138332072843
S000064608,Invesco Russell 2000 Dynamic Multifactor ETF,4,0,0,0.3261899885720232,1.0032368908568543
S000073660,Hood River International Opportunity Fund,4,0,0,0.13669650507574369,0.9284272413668482
S000003759,Basic Materials Fund,2,0,0,0.009989285140179422,0.9981482006978007
S000004339,iShares Core S&P U.S. Value ETF,4,0,0,0.004572732161612843,1.0103515591273688
S000004353,iShares U.S. Digital Infrastructure and Real Estate ETF,4,0,0,0.06610259318816679,0.9609001430785977
S000004394,SMALL COMPANY GROWTH PORTFOLIO,4,0,0,0.003981386585505772,0.9877878107278479
S000005131,Fidelity Advisor Limited Term Bond Fund,4,0,0,0.004939066972433469,1.0371878701461403
S000007277,Lord Abbett Core Fixed Income Fund,4,0,0,0.0022835058758805494,1.0207488146973018
S000029441,Global X Lithium and Battery Tech ETF,3,0,0,0.08551699806068414,1.0436602181359043
S000033062,SPDR SSGA Global Allocation ETF,4,0,0,0.14084139429465592,1.0077946939405331
S000068129,JNL Moderate Growth ETF Allocation Fund,4,0,0,0.13087454251251399,0.9467267160510224
S000001130,AMG River Road Small Cap Value Fund,4,0,0,0.09445122662273947,1.0001448470053043
S000003155,DIAMOND HILL LARGE CAP FUND,4,0,0,0.026350281283749166,1.004908195557077
S000003610,THE HARTFORD DIVIDEND AND GROWTH FUND,4,0,0,0.012322870986682841,1.0043549563873089
S000005084,College Retirement Equities Fund - Core Bond Account,4,0,0,0.009097378443875183,1.0275521801000556
S000046094,Multisector Income Fund,4,0,0,0.03572583177236058,1.010267273649376
S000066460,Avantis U.S. Equity Fund,4,0,0,0.0048342258550739085,1.0255714445323467
S000075149,Dimensional Emerging Markets Core Equity 2 ETF,4,0,0,0.08854784940724773,1.0536091910963616
S000075151,Dimensional US Small Cap Value ETF,4,0,0,0.08209645946562007,1.0282756453237263
S000000374,BNY Mellon Asset Allocation Fund,4,0,0,0.010049635125859952,1.025503344527278
S000006973,SPDR(R) Portfolio S&P 1500 Composite Stock Market ETF,4,0,0,0.019476860684574115,1.0157551336740638
S000013684,Templeton Emerging Markets Small Cap Fund,4,0,0,0.011949899019939921,1.0353603150635555
S000017690,Fidelity High Income Fund,4,0,0,0.11973961371673436,1.0431772109029418
S000033636,Fidelity Global ex U.S. Index Fund,4,0,0,0.006792383505922712,1.043174373997088
S000042725,Lord Abbett Emerging Markets Corporate Debt Fund,2,0,0,0.012522395207157996,1.024153997690856
S000004432,iShares Morningstar Mid-Cap Value ETF,4,0,0,0.01390480175158741,0.9656199929853706
S000016688,High Yield Strategy Fund,1,0,0,0.012427826845327661,1.0167389956602604
S000026638,Schwab International Small-Cap Equity ETF,4,0,0,0.02795151118873913,1.0615604952836377
S000042074,WAVELENGTH FUND,4,0,0,0.31030763349258134,1.0212189081723408
S000052999,Protective Life Dynamic Allocation Series - Moderate Portfolio,4,0,0,0.020550599233447552,1.0205024011821204
S000081805,Fidelity Enhanced Large Cap Growth ETF,2,0,0,0.005986854191160841,0.9982593026107818
S000084701,Optimize Strategy Index ETF,4,0,0,0.22106764461231984,0.9794649954135344
S000003873,Putnam VT Large Cap Growth Fund,4,0,0,0.014396315503472517,1.0181413437267883
S000004371,iShares Morningstar Mid-Cap ETF,4,0,0,0.019865826158159045,0.949385693005519
S000023374,MFS New Discovery Value Portfolio,4,0,0,0.015621622799384182,0.9377305019604798
S000036830,iShares Morningstar Multi-Asset Income ETF,4,0,0,0.2855396021814634,1.0215402571372691
S000052903,T. Rowe Price Integrated Global Equity Fund,4,0,0,0.0326318552475811,1.0349529289250567
S000059909,BlackRock International Index V.I. Fund,4,0,0,0.011841548421045792,1.0142652008726611
S000072321,Roundhill Ball Metaverse ETF,4,0,0,0.0834021033829915,0.9429403354593969
S000075964,Carillon Chartwell Small Cap Value Fund,1,0,0,0.004873371914113051,1.066414686825054
S000079412,Voya VACS Index Series I Portfolio,4,0,0,0.030574076114987102,1.0675899909794295
S000080512,Kensington Defender Fund,4,0,0,0.2299477453347057,0.9900042417737461
S000002487,UBS U.S. Allocation Fund,4,0,0,0.05487593538806075,0.9922988333996651
S000007850,Neuberger Berman Mid Cap Growth Fund,3,0,0,0.02242972235095922,1.0272855522990822
S000044070,ALPS Emerging Sector Dividend Dogs ETF,4,0,0,0.17325567141668083,1.0507773089478236
S000058154,Main Sector Rotation ETF,4,0,0,0.2249517297487651,1.0101579152905928
S000084183,Eaton Vance Short Duration Income ETF,4,0,0,0.09189817658916341,1.0215304194666746
S000007912,Transamerica Morgan Stanley Capital Growth VP,4,0,0,0.11467086356378285,0.981092328611914
S000062650,EQ/Goldman Sachs Mid Cap Value Portfolio,4,0,0,0.02249078596322461,1.0215454620736835
S000077390,Growth Equity Index Fund,4,0,0,0.01387496938903767,0.9480825902049612
S000083413,Eaton Vance Total Return Bond ETF,4,0,0,0.03405604663037896,1.0227973724574595
S000087688,ProShares Russell 2000 High Income ETF,4,0,0,0.02558600207803118,1.0378864560874272
S000005151,Calvert Core Bond Fund,4,0,0,0.03234513354160246,1.0191764908776966
S000006975,SPDR(R) Global Dow ETF,4,0,0,0.060480510265305355,1.0446993610548547
S000006383,Small Cap Equity Portfolio,4,0,0,0.06426330031105562,1.0099084161300667
S000021672,ALPS REIT Dividend Dogs ETF,4,0,0,0.09777891397254554,1.0152963406901752
S000026786,NYLI Epoch Global Equity Yield Fund,4,0,0,0.01200761967501282,1.021174868483126
S000039296,VIP Emerging Markets Portfolio,4,0,0,0.015615801747050477,1.0041892557910301
S000046275,ProShares MSCI Europe Dividend Growers ETF,3,0,0,0.02281972027909601,1.0502472534533662
S000064823,Pacer Trendpilot International ETF,3,0,0,0.013095685023066914,1.0082851803928794
S000083818,ProShares Nasdaq-100 High Income ETF,3,0,0,0.0026644395976825556,1.0203437390389336
S000004305,iShares Global Tech ETF,4,0,0,0.0031823531850982125,1.0075874248092989
S000005786,VANGUARD EMERGING MARKETS STOCK INDEX FUND,4,0,0,0.02573401198922927,1.1002016804297818
S000006185,GuideMark Small/Mid Cap Core Fund,4,0,0,0.05587987873210284,0.992377386129447
S000006392,SPDR(R) EURO STOXX 50(R) ETF,4,0,0,0.019986106451881504,1.0435103863937796
S000012914,Victory Small Cap Stock Fund,4,0,0,0.03298260304777491,1.0294558276432626
S000022024,BlackRock LifePath Dynamic 2050 Fund,4,0,0,0.13067200271463655,0.9914594060399682
S000060789,Invesco S&P 500 Equal Weight Technology ETF,4,0,0,0.04241574728951849,1.0203312530387383
S000062277,Pacer Lunt Large Cap Alternator ETF,3,0,0,0.1294845410258703,1.002430336369621
S000073678,Innovator S&P Investment Grade Preferred ETF,4,0,0,0.06950098257503251,1.0037937230381269
S000002878,BlackRock Advantage Large Cap Value V.I. Fund,4,0,0,0.019421913619383013,1.0112558562419547
S000004433,iShares Morningstar Small-Cap ETF,4,0,0,0.10601562308337097,1.0050885276448818
S000005441,Fidelity Advisor International Capital Appreciation Fund,4,0,0,0.008861910031106203,0.980891681104228
S000005629,VOYA LIMITED MATURITY BOND PORTFOLIO,4,0,0,0.053572251741192414,1.0289964864539847
S000009414,iShares U.S. Oil & Gas Exploration & Production ETF,4,0,0,0.030332862818263744,1.0390311778593715
S000010705,JNL/Franklin Templeton Income Fund,4,0,0,,
S000026036,PD Large-Cap Value Index Portfolio,4,0,0,0.008055819445905131,1.020755187663556
S000027817,Invesco Equally-Weighted S&P 500 Fund,4,0,0,0.04116700648020064,1.021317383726474
S000048294,Goldman Sachs ActiveBeta(R) Japan Equity ETF,4,0,0,0.03036984070578728,1.0498351127280119
S000066380,Nationwide BNY Mellon Dynamic U.S. Equity Income Fund,4,0,0,0.05330560396784369,1.0136912333689125
S000068839,NYLI Growth ETF Allocation Fund,4,0,0,0.16288298583679206,1.0245901639344261
S000001160,SMALL CAP EQUITY FUND,4,0,0,0.26708812568094964,0.9891554009106956
S000002980,UBS International Sustainable Equity Fund,4,0,0,0.11167541773313588,1.0485378899154019
S000005001,Nationwide Investor Destinations Aggressive Fund,4,0,0,0.10120694963677794,1.021407379614845
S000009045,1290 VT Socially Responsible Portfolio,4,0,0,0.0029727062216431373,1.020712135308042
S000031537,Eaton Vance Focused Growth Opportunities Fund,4,0,0,0.048750376270986204,1.0055887027024768
S000033567,Omni Small-Cap Value Fund,4,0,0,0.14616990382998477,1.007437369853851
S000066461,Avantis U.S. Small Cap Value Fund,4,0,0,0.027407873743736304,1.023295322355784
S000005093,Nuveen Life Small Cap Equity Fund,4,0,0,0.022537989471717867,0.9860448212286853
S000006602,Emerging Markets Fund,4,0,0,0.02392615557304831,1.0350200934559945
S000025015,Transamerica BlackRock iShares Tactical - Conservative VP,4,0,0,0.2572066213049013,1.0035037729333514
S000000948,U.S. MICRO CAP PORTFOLIO,4,0,0,0.0816812821748061,0.9897424232066906
S000056355,Fidelity Flex International Index Fund,4,0,0,0.011200851573397173,1.0697955211324772
S000056509,Global X U.S. Infrastructure Development ETF,3,0,0,0.0023005791480133846,1.0236402966625464
S000060056,Xtrackers Emerging Markets Carbon Reduction and Climate Improvers ETF,4,0,0,0.0001274992330569642,1.0297482837528604
S000061213,First Trust Indxx Innovative Transaction & Process ETF,4,0,0,0.051646845603524366,1.0001444996670412
S000004321,iShares U.S. Energy ETF,1,0,0,0.007135503053769901,1.0549181805602028
S000006186,GuideMark World ex-US Fund,4,0,0,0.04178738009428499,0.9942202271252768
S000008399,BlackRock Advantage International Fund,4,0,0,0.00018874492627169438,1.0231369084769548
S000032044,DWS RREEF Global Real Estate Securities Fund,4,0,0,0.02614105598609307,1.0388603676555261
S000037634,Cambria Shareholder Yield ETF,3,0,0,0.012293873454066262,0.9813726715839478
S000065015,iShares Cybersecurity and Tech ETF,4,0,0,0.11284595021975778,1.0033581345173463
S000075798,ALPS | OShares U.S. Small-Cap Quality Dividend ETF,3,0,0,0.04623229281587313,1.0086370504215052
S000003857,JPMorgan Large Cap Value Fund,4,0,0,0.009334118287522257,1.0205551380852578
S000004337,iShares JPX-Nikkei 400 ETF,4,0,0,0.0020832837820713504,1.0531064937248193
S000018499,BlackRock Event Driven Equity Fund,4,0,0,0.060072757968925555,0.995078959754338
S000019978,Core Bond Fund,3,0,0,0.01545102866488718,1.0148068394538121
S000031505,TOPS Growth ETF Portfolio,4,0,0,0.056927945702353835,1.0204844513244038
S000046874,JPMorgan Diversified Return U.S. Equity ETF,4,0,0,0.020124588889012706,1.0206548011426062
S000056363,Fidelity Flex 500 Index Fund,2,0,0,0.0010335056715186375,1.0272116032969185
S000060784,Invesco Total Return Bond ETF,3,0,0,0.0795190469446384,1.0273369786913757
S000063522,Nuveen Green Bond Fund,3,0,0,0.010281303394164547,1.0276145269155061
S000074294,Invesco ESG S&P 500 Equal Weight ETF,4,0,0,0.13721841747223706,1.0208428879857598
S000089870,Grayscale Bitcoin Miners ETF,4,0,0,0.16826771224557172,0.9909993410757815
S000010413,AB International Value Fund,4,0,0,0.09073822899220653,1.0526329836821569
S000024921,ProShares UltraPro Russell2000,4,0,0,0.015973483268911935,1.0305670492267527
S000054231,NYLI Candriam International Equity ETF,4,0,0,0.030480141491279044,1.0574331351676476
S000054232,NYLI Candriam U.S. Large Cap Equity ETF,4,0,0,0.024094982719920832,0.9886392273284746
S000068837,NYLI Equity ETF Allocation Fund,4,0,0,0.11221383910944205,1.0204435208512754
S000021746,Transamerica Goldman Sachs Managed Risk - Balanced ETF VP,4,0,0,0.1313538386046099,1.016820511899467
S000033843,WisdomTree Emerging Markets Corporate Bond Fund,4,0,0,0.05123375563281368,1.0296128610067021
S000003216,HARTFORD CAPITAL APPRECIATION HLS FUND,2,0,0,0.006856825534929579,0.9897886516107469
S000005080,College Retirement Equities Fund - Stock Account,4,0,0,0.011907576695249117,1.0060621061836246
S000009865,AMG Veritas Asia Pacific Fund,4,0,0,0.021250773702040524,1.0434760067507562
S000035446,Neuberger Berman Long Short Fund,4,0,0,0.014694357804428031,1.0085862524796678
S000022933,First Trust Global Wind Energy ETF,4,0,0,0.11473772409645198,1.0127963790154415
S000033683,Transamerica Emerging Markets Debt,4,0,0,0.03879690256193812,1.0196338004587258
S000042623,Fidelity Advisor Series Growth Opportunities Fund,4,0,0,0.006313055475932141,0.9927744894121558
S000073837,iShares ESG Optimized MSCI USA Min Vol Factor ETF,1,0,0,0.09163125084281748,1.0304568538884267
S000074569,iShares U.S. Thematic Rotation Active ETF,4,0,0,0.002647487139052474,0.9922014109280524
S000075962,Carillon Chartwell Short Duration High Yield Fund,2,0,0,0.0011081913882791876,1.0190859751266035
S000002175,"BlackRock Balanced Fund, Inc.",4,0,0,0.0013701660228106682,0.9786162031399407
S000004946,Villere Balanced Fund,4,0,0,0.1241909766522635,1.0141695573171556
S000006068,Fidelity Mid Cap Value Fund,4,0,0,0.050778386227748155,1.0288130530114856
S000007454,Select Consumer Discretionary Portfolio,4,0,0,0.04909683282131537,1.0228188500293836
S000007482,Select Retailing Portfolio,4,0,0,0.04779005765178895,1.0088120863496752
S000031157,DWS Global High Income Fund,4,0,0,0.13187467598117225,1.0320467864191714
S000040881,Schwab Fundamental Emerging Markets Equity ETF,4,0,0,0.00886236682090968,1.0623313111241321
S000045160,Multi-Asset High Income Fund,4,0,0,0.026424761101516373,1.021360391318263
S000053582,Victory RS Science & Technology Fund,4,0,0,0.017372842742769623,1.0242612052791098
S000055381,iShares ESG Aware MSCI USA ETF,4,0,0,0.005308320501139936,0.9681213248907
S000021170,Virtus KAR Small-Cap Growth Fund,3,0,0,0.0004891646442035454,1.0306628118642254
S000047503,iShares MSCI Intl Momentum Factor ETF,4,0,0,0.002219837970579076,1.0416862580269732
S000050156,Invesco S&P 500 Enhanced Value ETF,4,0,0,0.05663576532153284,1.02080101143636
S000067284,Counterpoint High Yield Trend ETF,4,0,0,0.300259428570653,1.0200411099691675
S000075425,Artisan Value Income Fund,2,0,0,0.030596732085252928,1.0090818317236077
S000007322,Templeton Foreign VIP Fund,4,0,0,0.08080238466461118,1.020324214683678
S000015656,BNY Mellon Global Stock Fund,4,0,0,0.017435339822082972,0.9968069056892338
S000020425,VanEck Gaming ETF,4,0,0,0.1597826995054812,1.0119454515345103
S000046757,Nationwide Destination 2060 Fund,4,0,0,0.01943124478646184,1.0204953031596926
S000002537,MFS International Equity Fund,4,0,0,0.006223133199881271,1.053658263869533
S000004224,GMO International Equity Fund,4,0,0,0.032069558991014414,1.0459508018667862
S000047073,AB Global Core Equity Portfolio,1,0,0,0.002305778725210282,1.0530668703349824
S000052158,Environmental Accountability Portfolio,1,0,0,0.015967165358962795,1.0202080748945281
S000001911,"BNY Mellon Stock Index Fund, Inc.",4,0,0,0.020252206922293153,1.0071361767407645
S000002972,PACE Large Co Growth Equity Investments,4,0,0,0.012311498442937444,1.0096342512333498
S000046039,State Street Target Retirement 2040 Fund,3,0,0,0.009905472305077937,1.0107605516088591
S000074626,Equitable Moderate Growth MF/ETF Portfolio,3,0,0,0.022687677694692775,1.020615848511352
S000083827,Eaton Vance Floating-Rate ETF,4,0,0,0.004151935863613621,1.0206980474920686
S000006541,BLACK OAK EMERGING TECHNOLOGY FUND,3,0,0,0.08741165364767899,
S000009041,Federated Hermes Short-Intermediate Government Fund,4,0,0,,
S000037466,U.S. Strategic Equity Fund,4,0,0,0.05135321318985714,
S000089384,Obra Defensive High Yield ETF,3,0,0,,
S000078310,JNL Multi-Manager U.S. Select Equity Fund,3,0,0,0.018261574082132217,0.9743142657392149
S000073788,Catholic Responsible Investments International Small-Cap Fund,2,0,0,0.0075565962179229215,0.9303924739023031
S000035691,Touchstone Strategic Trust-Touchstone Value Fund,1,0,0,0.019818529630120044,1.0202477810650887
S000042909,American Funds Developing World Growth & Income Fund,1,0,0,0.0004111153716727688,0.9180386542591267
S000003887,Putnam VT Research Fund,1,0,0,0.005471190776238492,1.0266217870257037
S000087954,SPDR SSGA My2033 Corporate Bond ETF,3,0,0,0.09328806332930925,1.0216749342813038
S000000634,Financial Industries Fund,1,0,0,0.008628232450115104,1.0255539768533404
S000003847,JPMorgan Equity Index Fund,3,0,0,0.003035596682517169,1.0220688787254224
S000015626,iShares Mortgage Real Estate ETF,2,0,0,0.006675448708454243,0.9954309639635727
S000016022,S&P 500 Index Fund,2,0,0,0.027093243444992164,1.0146256541939729
S000061596,GuidePath Conservative Income Fund,2,0,0,0.06307403774780096,1.0238095238095237
S000073423,ProShares Big Data Refiners ETF,3,0,0,0.09081329927623658,1.0206853003570993
S000034585,JPMorgan International Focus Fund,2,0,0,0.010433794255882102,1.0500609083272234
S000065702,Fidelity Puritan K6 Fund,3,0,0,0.00550259910989059,0.9975143444862259
S000066433,ProShares Russell U.S. Dividend Growers ETF,1,0,0,0.01568305749567264,1.020020711080428
S000025257,Direxion Daily 20+ Year Treasury Bull 3X Shares,1,0,0,0.000282582988777478,1.020152030342032
S000050655,MFS Blended Research Emerging Markets Equity Fund,2,0,0,0.0028097471084617825,1.052134857868271
S000095019,Hartford Dynamic Bond ETF,3,0,0,0.021701298761169094,1.0322073340102358
S000082572,Xtrackers US National Critical Technologies ETF,2,0,0,0.001077453898051504,1.037657265337161
S000003134,UBS Emerging Markets Equity Opportunity Fund,3,0,0,0.043427282992444645,1.0490315090455542
S000048744,DWS CROCI(R) U.S. Fund,2,0,0,0.013639608817143855,1.0227193824225445
S000064903,iShares MSCI Japan Value ETF,1,0,0,0.000475193939726131,1.0691049105205923
S000087908,Small-Cap Plus Bond Alpha Portfolio,2,0,0,0.011336947058650943,1.019215953941772
S000057617,T. Rowe Price U.S. High Yield Fund,2,0,0,0.06496973682024114,0.9415163414885083
S000005091,Nuveen Life International Equity Fund,2,0,0,0.013695233743627324,1.0487553954530597
S000080075,Aristotle High Yield Bond Fund,2,0,0,0.011917364809935438,1.0213304969440113
S000065216,Fidelity SAI International SMA Completion Fund,2,0,0,0.00797562881558976,1.0383503327774914
S000004440,VANGUARD FTSE SOCIAL INDEX FUND,1,0,0,0.0004089386511599097,1.021101789794364
S000005160,The Merger Fund VL,1,0,0,0.0012909328899706385,1.019904174573055
S000020962,ProShares Large Cap Core Plus,1,0,0,0.0009791289719021234,1.026811180832858
S000090719,E*TRADE No Fee International Index Fund,2,0,0,0.034669656383484085,1.0565290285147897
S000007083,International Equity Fund,1,0,0,0.0018643287075154585,1.0403372926685164
S000050780,ProShares S&P 500 Ex-Technology ETF,2,0,0,0.00025782875821386944,1.0238014450965705
S000068731,iShares ESG Aware 60/40 Balanced Allocation ETF,2,0,0,0.09956827391557731,1.0070394994133751
S000068732,iShares ESG Aware 80/20 Aggressive Allocation ETF,2,0,0,0.2408805149833542,1.0070394994133751
S000073712,International Growth Portfolio,1,0,0,0.004782912813883826,1.0204792339902449
S000080073,Aristotle Core Bond Fund,1,0,0,0.0013697530069765357,1.0215698217385472
S000064752,ARK Blockchain & Fintech Innovation ETF,2,0,0,0.012498688558176211,0.9867924391494486
S000075638,NVIT J.P. Morgan Innovators Fund,1,0,0,0.008260729654057962,1.0205046303028156
S000008795,Growth-Income Fund,1,0,0,0.0068128232645598,0.943581069155874
S000044870,VIP Floating Rate High Income Portfolio,1,0,0,0.001636896850390159,1.0194255417173328
S000093162,John Hancock Disciplined Value Select ETF,1,0,0,5.4931274216765986e-05,1.0254556301267712
S000068730,iShares ESG Aware 40/60 Moderate Allocation ETF,1,0,0,0.047014082603219015,1.007039499413375
S000026126,"T. Rowe Price U.S. Large-Cap Core Fund, Inc.",1,0,0,0.0014018555270221321,1.1102041797450668
S000033237,First Trust Cloud Computing ETF,1,0,0,0.0022569804581434234,0.9846172891683602
S000061303,VANGUARD U.S. MULTIFACTOR FUND,1,0,0,0.00010171323399263436,0.9616633671206842
S000052663,Harbor International Small Cap Fund,1,0,0,0.010704382790392566,1.2095655731687662
S000080057,Aristotle Short Duration Income Fund,1,0,0,0.013331399721093453,1.0200326188325266
S000084357,Invesco S&P SmallCap 600 GARP ETF,1,0,0,0.22846772061547577,
S000005372,Nuveen Core Bond Fund,4,0,0,0.007283248790036724,1.029858833316272
S000005933,Strategic Allocation: Conservative Fund,4,0,0,0.01882526344452426,1.0139861554671605
S000006515,MetLife Mid Cap Stock Index Portfolio,4,0,0,0.09900802649867975,1.022793305116928
S000034610,Mercer Emerging Markets Equity Fund,4,0,0,0.03075279986451369,1.0425886665013275
S000053101,Focused International Growth Fund,4,0,0,0.07080275171790655,1.0343890367919142
S000001006,THE CONTINENTAL SMALL COMPANY SERIES,4,0,0,0.1153190822126748,1.0525985191133613
S000006981,SPDR(R) S&P(R) Dividend ETF,4,0,0,0.03282765359120338,1.0175822715206078
S000022786,Direxion Daily Small Cap Bull 3X Shares,3,0,0,0.2342937070721617,1.0208399292078876
S000025798,ATM Mid Cap Managed Volatility Portfolio,4,0,0,0.022280929879090628,1.0280917112322674
S000046031,State Street Aggregate Bond Index Portfolio,4,0,0,0.062344089459254,1.019574224908854
S000047583,Hartford Multifactor Developed Markets (ex-US) ETF,4,0,0,0.06021285599496914,1.0337372621210357
S000066679,NVIT GS Emerging Markets Equity Insights Fund,4,0,0,0.01960991349468964,1.0287998017686526
S000007572,"VALUE LINE LARGER COMPANIES FOCUSED FUND, INC.",4,0,0,0.11926850008846542,1.0159948091923359
S000012925,Victory Capital Growth Fund,4,0,0,0.008379349611402612,1.0513134533900095
S000025792,EQ/International Managed Volatility Portfolio,4,0,0,0.06115993653258418,1.0537641122827737
S000052767,1290 Avantis U.S. Large Cap Growth Fund,3,0,0,0.0007997898714118098,1.0201435117143598
S000004351,iShares MSCI EAFE ETF,4,0,0,0.0038590973658547156,1.0291318049266782
S000004361,iShares iBoxx $ Investment Grade Corporate Bond ETF,4,0,0,0.079125102432177,1.0299242042733945
S000004453,VANGUARD INTERNATIONAL GROWTH FUND,4,0,0,0.005667058139178787,1.0241879516169006
S000005121,Fidelity Advisor Equity Growth Fund,4,0,0,0.004947747776097844,0.9859683413829181
S000009729,Federated Hermes Kaufmann Fund,4,0,0,0.011820196631391416,1.0289926448483449
S000030016,VANGUARD S&P MID-CAP 400 GROWTH INDEX FUND,4,0,0,0.002561930051956423,0.9846999987102266
S000061995,JPMorgan BetaBuilders Japan ETF,4,0,0,0.007852650612578364,1.0502465884482168
S000070378,Pacer Swan SOS Fund of Funds ETF,2,0,0,0.001898154573826042,1.0274871017576588
S000071470,DFA Global Core Plus Real Return Portfolio,4,0,0,0.02417687542295207,1.0234206761733289
S000088766,JPMorgan Flexible Income ETF,1,0,0,0.00012042681875482001,1.0524147945464386
S000003723,Telecommunications Fund,1,0,0,0.01997168296604035,1.0806762251230475
S000004330,iShares Dow Jones U.S. ETF,4,0,0,0.010778617331117298,1.0127734811038926
S000007196,Fidelity Blue Chip Value Fund,4,0,0,0.01777847762759287,1.0138982805897079
S000007718,VIP High Income Portfolio,4,0,0,0.0935481289792639,1.0280688221935343
S000018843,MFS Mid Cap Value Portfolio,2,0,0,0.00532801094481423,1.0190233216830684
S000031154,DWS High Income Fund,4,0,0,0.08090688501901386,1.0234710007877537
S000033818,Empower SecureFoundation Balanced ETF Fund,4,0,0,0.07370125287162813,1.020459210912441
S000038520,Invesco S&P 500 High Dividend Low Volatility ETF,4,0,0,0.05741469536478264,1.0207181504933052
S000000698,Clearwater Select Equity Fund,4,0,0,0.01662479062914302,1.0211363982618358
S000001348,THRIVENT MODERATELY CONSERVATIVE ALLOCATION FUND,4,0,0,0.0034728713736567676,1.0241246964831205
S000005623,VY(R) JPMORGAN EMERGING MARKETS EQUITY PORTFOLIO,4,0,0,0.03138367897270254,1.0305469084162504
S000025074,VANGUARD FTSE ALL-WORLD EX-US SMALL-CAP INDEX FUND,4,0,0,0.05875551909535039,1.0935088706157137
S000031804,First Trust Mid Cap Growth AlphaDEX Fund,4,0,0,0.06148990835430781,0.993673893476753
S000033603,BlackRock Advantage Emerging Markets Fund,4,0,0,0.002076127558405671,1.0409979684420319
S000033927,NYLI VP Natural Resources Portfolio,3,0,0,0.027162187257002396,1.017118631546191
S000037698,GuidePath Multi-Asset Income Allocation Fund,4,0,0,0.1803315824855359,1.017185688773677
S000042847,2010 Lifetime Blend Portfolio,2,0,0,0.12761953146944563,1.0206989970496814
S000048687,Pacer US Export Leaders ETF,3,0,0,0.1461512834374574,0.9899936889857068
S000051678,Invesco Variable Rate Investment Grade ETF,3,0,0,0.023506869302222816,1.0248153741992396
S000056077,KraneShares Emerging Markets Consumer Technology Index ETF,1,0,0,0.0292589052053973,1.057978698568664
S000082246,Eaton Vance High Yield ETF,4,0,0,0.15483563285981153,1.021455369539505
S000008352,Small Cap Special Values Fund,4,0,0,0.09055355686268454,1.0271778898140314
S000009148,EQ/Mid Cap Index Portfolio,4,0,0,0.019925362414412125,1.024545843752049
S000066281,Direxion Daily Dow Jones Internet Bull 3X Shares,3,0,0,0.002125656475181303,1.021537412986629
S000021035,NVIT Jacobs Levy Large Cap Growth Fund,4,0,0,0.07090550227592343,1.0221971210759784
S000057185,Direxion Daily Aerospace & Defense Bull 3X Shares,3,0,0,0.02128362721950365,1.0210764923796887
S000002627,JPMorgan Developed International Value Fund,4,0,0,0.01471482301858966,1.0503854489171727
S000003036,Invesco International Dividend AchieversTM ETF,4,0,0,0.17898551406578464,1.022328099619526
S000003052,Invesco Golden Dragon China ETF,4,0,0,0.28165545227820427,1.025917785646505
S000004536,PGIM Total Return Bond Fund,4,0,0,0.012872739034548056,0.9930390661330839
S000007473,Select Medical Technology and Devices Portfolio,4,0,0,0.01233701393964852,1.0037703611257107
S000007487,Select Transportation Portfolio,4,0,0,0.03290667681963507,1.002306952391341
S000013111,Invesco BuyBack AchieversTM ETF,3,0,0,0.08682459995622852,1.023104514851558
S000042784,LargeCap S&P 500 Managed Volatility Index Account,3,0,0,0.00013691629878428648,0.9974706508141026
S000049047,Principal Active High Yield ETF,4,0,0,0.05833150013693873,1.0165445909258775
S000053745,JPMorgan Diversified Return U.S. Mid Cap Equity ETF,4,0,0,0.02820153970668714,1.0214386004715523
S000058778,THRIVENT CORE EMERGING MARKETS DEBT FUND,4,0,0,0.027521867331770433,1.0181068410694807
S000061352,Diversified Real Assets Fund,4,0,0,0.03479541143803727,1.0369011592254591
S000061858,Olstein All Cap Value Fund,4,0,0,0.06878283010549874,1.0042158886298054
S000062302,American Century U.S. Quality Growth ETF,3,0,0,0.0028779481802174906,1.0368453358549412
S000074055,JPMorgan Small & Mid Cap Enhanced Equity ETF,4,0,0,0.051299218846020844,1.0233776595105237
S000076685,iShares iBonds Dec 2032 Term Corporate ETF,4,0,0,0.11383501491307015,1.0220878693310511
S000080330,Dimensional US Large Cap Vector ETF  ,4,0,0,0.013889276581391496,1.0226778719732499
S000085324,Invesco BulletShares 2034 Corporate Bond ETF,4,0,0,0.03794854295117787,1.0180391981630086
S000004437,iShares MSCI EAFE Growth ETF,4,0,0,0.00408772764267863,1.0210953913117886
S000012907,Victory Nasdaq-100 Index Fund,4,0,0,0.0013643192185155719,1.020510563366582
S000014241,High Yield Fund,3,0,0,0.012985628551260953,1.0453251091074822
S000042848,2015 Lifetime Blend Portfolio,1,0,0,0.027211538581111815,1.0206915367011358
S000068771,iShares ESG Advanced MSCI EAFE ETF,4,0,0,0.004433267003321177,0.9964542845213482
S000068937,U.S. Sustainability Targeted Value Portfolio,4,0,0,0.028484652469816997,1.0221940377044638
S000070085,Invesco Real Assets ESG ETF,2,0,0,0.03845121158239859,1.0207792643810043
S000002913,VANGUARD GROWTH AND INCOME FUND,3,0,0,0.0004373989326889696,1.0046260873952588
S000003742,S&P MidCap 400 Pure Value Fund,1,0,0,0.00587973240778017,1.0346837656659866
S000038169,Nuveen Core Impact Bond Fund,4,0,0,0.049745352925746666,1.02534813719878
S000044692,Multimanager Core Bond Portfolio,4,0,0,0.007003887186774467,1.0199442803194825
S000006528,T.Rowe Price Large Cap Growth Portfolio,4,0,0,0.038085452982937994,1.020263485335923
S000045388,SPDR MSCI World StrategicFactors ETF,4,0,0,0.05048911659582375,1.042616783783008
S000075489,Small Cap Dividend Fund,4,0,0,0.05993987560417791,1.0053517729150034
S000001027,DIMENSIONAL EMERGING MARKETS VALUE FUND,4,0,0,0.08789943799598725,1.1528037148849133
S000005978,Global Gold Fund,4,0,0,0.017269467799393187,1.0416975851202677
S000010019,SPDR(R) S&P(R) Homebuilders ETF,4,0,0,0.09650567938311849,1.0181699332153198
S000027179,International Equity Index Fund,4,0,0,0.009842569352802375,0.9834790266093605
S000030169,Victory Ultra Short-Term Bond Fund,4,0,0,0.00886355511162354,1.0202638827932675
S000031707,PGIM Absolute Return Bond Fund,4,0,0,0.012057329755390844,0.9698984451580088
S000046397,Victory Integrity Mid-Cap Value Fund,4,0,0,0.0123376867761367,1.0216063879755783
S000004340,iShares Core S&P U.S. Growth ETF,4,0,0,0.009930373866411093,0.9997883401647022
S000012142,Russell 2000 2x Strategy Fund,3,0,0,0.023142550078664916,0.9949634681119388
S000017777,iShares International Select Dividend ETF,4,0,0,0.012443591439202576,1.0568636555938415
S000025369,AZL MSCI Global Equity Index Fund,4,0,0,0.004605951417862045,1.048791612740354
S000036655,First Trust Emerging Markets Small Cap AlphaDEX Fund,4,0,0,0.04892995993695805,1.0592828059640185
S000037319,ProShares Global Listed Private Equity ETF,3,0,0,0.1204293219061584,1.0229299651208092
S000062381,Advantage CoreAlpha Bond Master Portfolio,4,0,0,0.03751879056946159,1.0270157922133476
S000077853,Nuveen High Yield Managed Accounts Portfolio,4,0,0,0.07316080542559558,1.036096456640106
S000001347,THRIVENT MODERATELY AGGRESSIVE ALLOCATION FUND,4,0,0,0.0011201693772233663,1.0245390546340738
S000003811,Consumer Products Fund,2,0,0,0.008589060440747054,0.9978729835635582
S000004268,iShares MSCI Eurozone ETF,4,0,0,0.004357333169759133,1.0076681284721272
S000007120,Fidelity New Millennium Fund,4,0,0,0.009896348515549484,0.9979094927730827
S000007855,Kinetics Small Cap Opportunities Portfolio,4,0,0,0.03245638809619222,1.0041458695065844
S000012913,Victory Short-Term Bond Fund,4,0,0,0.00596022617900621,1.0205304411464495
S000019228,Invesco Preferred ETF,4,0,0,0.01617179213187889,1.0194199417336554
S000042991,WisdomTree Bloomberg U.S. Dollar Bullish Fund,4,0,0,0.29818937104544163,1.0200609021907865
S000064059,EQ/Goldman Sachs Growth Allocation Portfolio,4,0,0,0.27780596682648123,1.0200992856278
S000079611,JPMorgan BetaBuilders Emerging Markets Equity ETF,4,0,0,0.0020154415636968992,1.0502960321868944
S000010991,CVT S&P 500 Index Portfolio,4,0,0,0.0016049226436238425,1.0224053494879413
S000063004,American Century Focused Dynamic Growth ETF,4,0,0,0.03717942705793738,1.0001912601107263
S000001004,THE JAPANESE SMALL COMPANY SERIES,4,0,0,0.09662945285688976,1.0506509632117957
S000072330,Global X Hydrogen ETF,4,0,0,0.2753746988942058,1.0675264715530566
S000000376,BNY Mellon Intermediate Bond Fund,3,0,0,0.08561708751768056,1.0254411511420596
S000002697,PACE Intermediate Fixed Income Investments,4,0,0,0.027050137324809903,1.0204222210245275
S000051236,Calvert U.S. Mid Cap Core Responsible Index Fund,4,0,0,0.011808702616206514,1.0184381477564137
S000002578,VANGUARD EXPLORER FUND,4,0,0,0.007118954816523084,1.015701240191366
S000003808,Health Care Fund,2,0,0,0.030551745346686157,0.9640864905665557
S000007677,Core Plus Bond Account,4,0,0,0.05054366759625144,1.014378282556379
S000010489,Janus Henderson Global Research Fund,3,0,0,0.010749348081603827,1.0500666879588043
S000026003,Large-Cap Growth Portfolio,4,0,0,0.03616090857868438,1.0207097742976912
S000059504,Franklin FTSE Mexico ETF,3,0,0,0.003808960544203636,1.0443596897637393
S000062559,ProShares Pet Care ETF,2,0,0,0.03429979061898664,1.0507524687389487
S000064648,Invesco Select Risk: Moderate Investor Fund,4,0,0,0.006383463832426982,1.0202170605882939
S000069577,PD Mid-Cap Index Portfolio,4,0,0,0.008969730809294129,1.0195475215142091
S000075232,ActivePassive Core Bond ETF,4,0,0,0.06630639136384536,1.0203860712155375
S000075472,iShares iBonds 2028 Term High Yield and Income ETF,4,0,0,0.07715496208598495,0.9437322974397298
S000078942,Invesco High Yield Select ETF,3,0,0,0.0763848946409773,1.025184411625586
S000001097,WPG Partners Small Cap Value Diversified Fund,4,0,0,0.21211150888250038,1.0212168517634572
S000003588,THE HARTFORD MIDCAP FUND,4,0,0,0.028596608475924337,0.9489946026456473
S000005556,Nuveen Mid Cap Value Opportunities Fund,2,0,0,0.004048039260573579,1.0299187894239434
S000010731,Invesco Income Allocation Fund,4,0,0,0.04429537860996847,1.0202435619243264
S000022378,Catalyst/SMH Total Return Income Fund,4,0,0,0.2578742901242511,1.010388723414348
S000024223,Fidelity Emerging Markets Equity Central Fund,4,0,0,0.011479291861651737,1.0654109168768875
S000029542,Ultra Short Term Bond Trust,4,0,0,0.003959616662539984,1.0201996145041266
S000035395,iShares MSCI World ETF,4,0,0,0.007143834599786295,1.019421562670388
S000072133,Mid Cap Growth Fund,4,0,0,0.009545997841536282,1.020394376745894
S000076619,iShares MSCI Water Management Multisector ETF,1,0,0,0.048053072994643634,1.0217113665389528
S000085000,Roundhill GLP-1 & Weight Loss ETF,4,0,0,0.26395863558668853,0.9642333555056558
S000018373,BlackRock 20/80 Target Allocation Fund,2,0,0,0.032351413106083325,1.016900836572253
S000031806,First Trust Small Cap Growth AlphaDEX Fund,4,0,0,0.0766265938418957,0.9852985836550447
S000032783,BlackRock LifePath Index 2055 Fund,4,0,0,0.0010747526333723721,0.9870730224684517
S000040205,iShares MSCI USA Value Factor ETF,4,0,0,0.004744456096608316,0.9605473533536822
S000048955,PIMCO RAE International Fund,4,0,0,0.06117282355768212,1.0283860118325012
S000049057,NYLI VP CBRE Global Infrastructure Portfolio,4,0,0,0.04794749289326921,1.0364705633622002
S000052998,Protective Life Dynamic Allocation Series - Conservative Portfolio,4,0,0,0.047544431652478646,1.0202171214712266
S000059701,SPDR S&P Kensho Smart Mobility ETF,4,0,0,0.2239252421611533,1.0129824791717768
S000061712,VIP Extended Market Index Portfolio,4,0,0,0.06842800054499122,1.0124902845205814
S000000982,U.S. VECTOR EQUITY PORTFOLIO,4,0,0,0.019104333529790556,1.0223924010356795
S000007899,Transamerica JPMorgan Tactical Allocation VP,4,0,0,0.0058592279734651686,1.0215874750870437
S000009512,Royce Small-Cap Opportunity Fund,4,0,0,0.029213778757429074,1.026620599479116
S000010018,SPDR(R) S&P(R) Biotech ETF,4,0,0,0.18560460786165617,0.9836790752184194
S000012717,Global Real Estate Index Fund,4,0,0,0.010665240302561623,1.0326748306519955
S000015506,WisdomTree U.S. MidCap Fund,4,0,0,0.06221305556477999,1.0116587457335713
S000029604,Nuveen Emerging Markets Equity Fund,4,0,0,0.014770283847002364,1.048982836030533
S000046032,State Street Global All Cap Equity ex-U.S. Index Portfolio,4,0,0,0.06704861060022224,1.0488898917697336
S000002382,Morgan Stanley Income Opportunities Fund,1,0,0,0.015351089913311173,1.0201965445086314
S000005000,Nationwide Small Cap Index Fund,4,0,0,0.22691411616123894,1.0245229256158512
S000005932,Strategic Allocation: Moderate Fund,4,0,0,0.04833858147828566,1.0060323150115524
S000006520,MFS Total Return Portfolio,4,0,0,0.10339310885334412,1.0213512401877456
S000009056,EQ/AB Small Cap Growth Portfolio,4,0,0,0.08292208399829454,1.025688768054041
S000009613,New Perspective Fund,4,0,0,0.006469821641729129,1.0361840648771339
S000033634,Direxion NASDAQ-100 Equal Weighted Index Shares,3,0,0,0.03729978150000988,1.0214904775221048
S000063017,John Hancock Multifactor Emerging Markets ETF,4,0,0,0.028767176912064582,1.050571143030234
S000075153,Dimensional International Small Cap Value ETF,4,0,0,0.061305510655763396,1.0506962825340338
S000087668,SPDR S&P Emerging Markets ex-China ETF,4,0,0,0.01486305290303444,1.0351552486974405
S000006526,Western Asset Management Strategic Bond Opportunities Portfolio,4,0,0,0.22887289067389083,1.0210985888988222
S000058036,iShares ESG Aware 1-5 Year USD Corporate Bond ETF,4,0,0,0.054285012998689645,1.029910460822311
S000072410,American Century Multisector Income ETF,4,0,0,0.04602649052385957,1.0155229488667095
S000004331,iShares U.S. Transportation ETF,4,0,0,0.047682138175845316,0.9553411874691075
S000006247,DWS Core Equity VIP,4,0,0,0.020527184445540823,0.9931876347451145
S000013102,Invesco Dorsey Wright Financial Momentum ETF,4,0,0,0.2218430908205574,1.021763376151035
S000023552,Alternative Asset Allocation Fund,2,0,0,0.001506806316649471,1.0203763019066043
S000028552,iShares MSCI China Small-Cap ETF,4,0,0,0.24533122635010404,1.0905250460559592
S000033023,Large Cap Index Master Portfolio,4,0,0,0.08148359660959875,1.0034533493444764
S000071546,AdvisorShares Hotel ETF,3,0,0,0.06282702275322849,0.9502420610505792
S000073966,VIP Stock Selector Portfolio,4,0,0,0.004836505736824228,0.997993457463555
S000075231,ActivePassive Intermediate Municipal Bond ETF,4,0,0,0.04244846446519855,1.0213918472273227
S000080934,EQ/Core Plus Bond Portfolio,4,0,0,0.007630445920217435,1.0204688918818154
S000085700,Abacus FCF Small Cap Leaders ETF,4,0,0,0.16528978069530198,1.0096372646551526
S000004333,iShares U.S. Telecommunications ETF,4,0,0,0.08202660272826451,1.0032656904323476
S000015906,Global Shareholder Yield Fund,4,0,0,0.01585254606576152,1.050440382193523
S000017679,Fidelity Short-Term Treasury Bond Index Fund,2,0,0,0.01271321912790531,1.0203153239693759
S000075230,ActivePassive International Equity ETF,4,0,0,0.27372949347802483,1.0232855087567494
S000002074,T. Rowe Price Integrated U.S. Small-Cap Growth Equity Fund,4,0,0,0.03138097699839898,0.9204357509108437
S000003795,MassMutual Premier Disciplined Growth Fund,1,0,0,0.000195894088814524,1.011502371102815
S000086503,Dimensional Emerging Markets ex China Core Equity ETF ,4,0,0,0.034671343991099356,1.039499181612717
S000005931,Strategic Allocation: Aggressive Fund,4,0,0,0.06474315620762527,1.0085651181644217
S000007785,Transamerica Capital Growth,4,0,0,0.05453875709080977,1.0123616463095797
S000014042,SPDR(R) MSCI ACWI EX-US ETF,4,0,0,0.06275479474797174,1.0480000954040334
S000056237,Parametric Volatility Risk Premium - Defensive Fund,4,0,0,0.01242702705283389,1.01879130703027
S000065248,Fidelity Series Total Market Index Fund,4,0,0,0.009988843655225382,0.9971330599659355
S000065748,Fidelity Mid Cap Growth Index Fund,4,0,0,0.03965805935777424,0.9733659827556695
S000021038,NVIT Jacobs Levy Large Cap Core Fund,4,0,0,0.1328106866874514,1.0210581200588107
S000047354,Virtus LifeSci Biotech Products ETF,4,0,0,0.18729686535642065,1.0099006983391898
S000068123,JNL/Mellon Energy Sector Fund,4,0,0,0.006228371150624776,0.9908404862031223
S000007279,Lord Abbett Short Duration Income Fund,4,0,0,0.002921928598300983,1.0151320222719353
S000009355,Goldman Sachs Variable Insurance Trust Small Cap Equity Insights Fund,4,0,0,0.015411970286694172,0.9630273284613422
S000038991,Jacob Discovery Fund,4,0,0,0.11616909238973733,1.0417202463355189
S000067838,iShares ESG MSCI EM Leaders ETF,4,0,0,0.024726017082211362,1.03492822914819
S000079681,Voya Short Duration High Income Fund,4,0,0,0.0737845936782951,1.0335577300292016
S000003802,Biotechnology Fund,2,0,0,0.03143590911107278,0.9592176344031915
S000004279,BlackRock LifePath Dynamic 2040 Fund,4,0,0,0.09357597727724054,0.9950675614463254
S000004439,iShares Micro-Cap ETF,4,0,0,0.21996513374002494,0.978809628782835
S000005384,Nuveen Quant Mid Cap Growth Fund,4,0,0,0.07515394149125487,0.9864556113133904
S000007717,VIP Growth Portfolio,4,0,0,0.0037831684032065827,0.9905986872864384
S000019126,iShares MSCI Japan Small-Cap ETF,4,0,0,0.013767976594443034,1.027283595075958
S000025367,AZL Mid Cap Index Fund,4,0,0,0.008696421133152174,1.020010254340275
S000026034,PD Large-Cap Growth Index Portfolio,4,0,0,0.006619012702090929,1.0196191820077725
S000030217,DFA Commodity Strategy Portfolio,4,0,0,0.007186152366233892,1.0155976763981567
S000046033,State Street Target Retirement Fund,4,0,0,0.04258506627500077,1.0169216488824089
S000056103,Destinations International Equity Fund,4,0,0,0.007161368650235119,1.026017195016738
S000075069,Goldman Sachs ActiveBeta(R) World Low Vol Plus Equity ETF,4,0,0,0.019254427171884192,1.0475421269237084
S000001358,THRIVENT SMALL CAP STOCK FUND,4,0,0,0.01684287807437891,1.0153761333006617
S000007458,Select Semiconductors Portfolio,4,0,0,0.028175976983825013,1.0126392703378924
S000009425,NYLI VP Wellington Growth Portfolio,3,0,0,0.0005520991432985384,1.027913322475974
S000012195,Nuveen Short Term Bond Fund,4,0,0,0.0014305728143670213,1.0237391736209287
S000013108,Invesco S&P MidCap Quality ETF,3,0,0,0.12608205421286425,1.021479646310087
S000014245,Short-Term Income Fund,4,0,0,0.002746251200485939,1.0341928071545925
S000037318,ProShares Merger ETF,3,0,0,0.07978796461382417,1.023391812865497
S000052000,Pacer Global Cash Cows Dividend ETF,3,0,0,0.003954440985608288,1.0472636815920398
S000063523,Nuveen Short Duration Impact Bond Fund,4,0,0,0.005363005865180249,1.0252578363718714
S000064658,Invesco V.I. Discovery Mid Cap Growth Fund,4,0,0,0.12167598661201309,0.9248282729544466
S000000498,BNY Mellon Dynamic Value Fund,4,0,0,0.027485566655077998,1.0171690343480009
S000000008,"BNY Mellon Appreciation Fund, Inc.",4,0,0,0.030143033471959627,1.0016734135662726
S000079719,GMO Resource Transition Fund,4,0,0,0.07378388755022301,1.0476356219671559
S000025839,AMG Renaissance Large Cap Growth Fund,4,0,0,0.02572286240010121,1.0009429679766382
S000079509,Impact Bond Fund,4,0,0,0.03100392053474315,1.016638420110414
S000073358,FlexShares ESG & Climate US Large Cap Core Index Fund,4,0,0,0.018386706662734065,1.020461991030859
S000084308,North Shore Equity Rotation ETF,4,0,0,,
S000082274,Amplify BlueStar Israel Technology ETF,4,0,0,0.10991283812399612,0.9964998434246484
S000058148,First Trust SMID Growth Strength ETF,2,0,0,0.010756578655993852,0.9948003523876595
S000081637,iShares MSCI Emerging Markets Value Factor ETF,2,0,0,0.0016915146623853413,0.987444600087262
S000088770,JPMorgan Active High Yield ETF,1,0,0,0.004549006012671659,1.440858022220577
S000093056,Invesco BulletShares 2033 High Yield Corporate Bond ETF,3,0,0,0.04970573466470902,1.0230217666900763
S000093681,Invesco Core Fixed Income ETF,2,0,0,0.009712021938287636,1.0242179973080414
S000023655,SPDR(R) Bloomberg Short Term International Treasury Bond ETF,1,0,0,0.0004172722278426896,1.030055294314574
S000061857,Counterpoint Tactical Municipal Fund,2,0,0,0.07758595618684969,1.0205561659529025
S000012219,MFS Diversified Income Fund,3,0,0,0.0024785340537751372,1.0505464193205492
S000023603,Fidelity Series All-Sector Equity Fund,3,0,0,0.013975540655367361,1.0317277244665373
S000017668,VIP Investment Grade Bond Portfolio,3,0,0,0.011211702119655102,1.0158730158730158
S000087948,SPDR SSGA My2027 Corporate Bond ETF,3,0,0,0.03289962727773527,1.020761980016006
S000033729,AB Emerging Markets Multi-Asset Portfolio,2,0,0,0.002624187167362038,1.0196534186573205
S000018357,BlackRock Managed Income Fund,3,0,0,0.011534039075223499,1.0189819320135967
S000072613,Main International ETF,3,0,0,0.26313086333289026,1.002294192942802
S000007099,Fidelity Nordic Fund,3,0,0,0.007085147932250269,1.06842282540283
S000016023,S&P MidCap Index Fund,2,0,0,0.006552739031346474,0.9933891314778297
S000067490,Nationwide Destination 2065 Fund,3,0,0,0.022564051497473765,1.0204953031596926
S000001973,BlackRock Advantage Large Cap Core Fund,1,0,0,0.0003550291026457443,1.0145133664949286
S000089172,Neuberger Berman Growth ETF,3,0,0,0.012219967768571934,1.00967007963595
S000089011,VictoryShares Free Cash Flow Growth ETF,1,0,0,1.9576281445443486e-05,1.5465294529099907
S000046040,State Street Target Retirement 2045 Fund,3,0,0,0.0011144252102738728,1.0236937010220195
S000028536,NYLI Short Term Bond Fund,1,0,0,0.0003912881464156689,1.0257138347154728
S000085471,VictoryShares WestEnd Global Equity ETF,2,0,0,0.06737580074246485,1.0207484253427195
S000064647,Invesco Select Risk: Conservative Investor Fund,2,0,0,0.0012768180782459554,1.0159827321964587
S000000763,MFS Core Equity Fund,2,0,0,0.0002681016692242862,1.0029802842732691
S000001869,BlackRock Energy Opportunities Fund,2,0,0,0.0030222820887664363,0.9656652360515021
S000090467,iShares Disciplined Volatility Equity Active ETF,2,0,0,0.024605458897956227,1.0136439561050623
S000004332,iShares U.S. Utilities ETF,1,0,0,0.00683025365965359,1.0693642768219205
S000067977,T. Rowe Price Growth Stock ETF,2,0,0,0.0002741973588411381,0.9565667011375388
S000087737,BNY Mellon Concentrated Growth ETF,2,0,0,0.03719499866402378,1.0337746676592536
S000037365,JPMorgan SmartRetirement Blend 2025 Fund,1,0,0,3.716018385832611e-05,1.022779085963411
S000004405,VANGUARD WELLESLEY INCOME FUND,1,0,0,5.657364414347758e-05,1.0420978301329071
S000083870,AB International Low Volatility Equity ETF,1,0,0,0.0061490128353130615,1.053381219426256
S000092695,Capital Group U.S. Large Growth ETF,1,0,0,0.0027225728416990272,0.9246575342465755
S000008759,"Templeton Growth Fund, Inc.",1,0,0,0.003107563406932096,1.050105814725103
S000031533,Fidelity Series Floating Rate High Income Fund,1,0,0,1.3197434087539086e-05,1.6949180327868854
S000006827,ProShares Ultra QQQ,1,0,0,0.00010610901081450651,1.0210210210210209
S000003688,S&P 500 Pure Value Fund,1,0,0,0.0011724465112222895,1.0111574331010373
S000042772,Transamerica Mid Cap Growth,1,0,0,0.009489873830635596,1.0271262795364307
S000009147,EQ/ClearBridge Large Cap Growth ESG Portfolio,1,0,0,0.007721300437780286,1.0890823098298201
S000005098,TIAA Separate Account VA-1 - Stock Index Account,4,0,0,0.005928509480622268,0.9868136149927997
S000005776,Equity Income Fund,4,0,0,0.008279371772349666,1.0156541243049326
S000011516,BNY Mellon Small Cap Value Fund,4,0,0,0.12927838306567108,0.9798032851331817
S000066804,Fidelity Stocks for Inflation ETF,3,0,0,0.026748370295129584,1.0017394601608212
S000000370,BNY Mellon Mid Cap Multi-Strategy Fund,4,0,0,0.027150467444219385,1.0141383519132645
S000003658,MassMutual Blue Chip Growth Fund,4,0,0,0.007000754591780181,1.0125917540434486
S000012386,WisdomTree International SmallCap Dividend Fund,4,0,0,0.06905448132210319,1.0675690891729632
S000048405,International Small-Mid Cap Fund,4,0,0,0.07314085440248977,1.0472030582663596
S000066681,NVIT GS Large Cap Equity Fund,2,0,0,0.04584205509799425,1.024522753152544
S000001798,JNL Multi-Manager Small Cap Value Fund,4,0,0,0.04014282245308866,0.9347829871766201
S000002780,Small Cap Stock Index Portfolio,4,0,0,0.1896862117739295,0.9888940603047041
S000006391,SPDR(R) Portfolio Europe ETF,4,0,0,0.04912088618863639,1.0433722971164983
S000022895,International Vector Equity Portfolio,4,0,0,0.07265231396819354,1.0481505949383405
S000047509,SPDR MSCI ACWI Climate Paris Aligned ETF,4,0,0,0.06324483045666394,1.0452390706537795
S000064789,Fidelity Founders Fund,3,0,0,0.026508241424223086,1.0011804832460847
S000002793,JPMorgan Mid Cap Equity Fund,4,0,0,0.012154319919788995,1.0230744729979337
S000004342,iShares Russell 2000 Value ETF,4,0,0,0.07888026809141266,1.0194903680240297
S000022496,iShares MSCI All Country Asia ex Japan ETF,4,0,0,0.01687203217046443,1.0801904091799404
S000030983,GuidePath Tactical Allocation Fund,4,0,0,0.05134775754768367,0.9850985887666751
S000032976,VANGUARD EMERGING MARKETS SELECT STOCK FUND,4,0,0,0.00507273709949544,1.0418047728038844
S000060783,Invesco Ultra Short Duration ETF,3,0,0,0.0120338841811419,1.026015021879681
S000060807,Invesco S&P Spin-Off ETF,4,0,0,0.13888880656725447,1.0259927016889556
S000061255,iShares U.S. Consumer Focused ETF,4,0,0,0.02351924342076783,1.0313719584266619
S000066941,RPAR Risk Parity ETF,4,0,0,0.08423832793384503,0.9849499221441789
S000003025,Invesco S&P SmallCap Value with Momentum ETF,4,0,0,0.18298618391547705,1.0197018649463
S000003760,S&P SmallCap 600 Pure Value Fund,2,0,0,0.0357274024318301,1.0156964986968822
S000004628,PGIM Global Real Estate Fund,4,0,0,0.01540456967612047,0.9952323940781103
S000023758,Empower Global Bond Fund,4,0,0,0.009125746971037805,1.0443308511449503
S000025364,AZL Enhanced Bond Index Fund,3,0,0,0.0004584479095395494,1.0247865080951892
S000028996,PIMCO 0-5 Year High Yield Corporate Bond Index Exchange-Traded Fund,4,0,0,0.03614879673493686,1.036957448341389
S000053590,Victory High Yield VIP Series,1,0,0,0.05730236949648736,1.0256130902592249
S000060813,Invesco S&P 500 Equal Weight Financials ETF,3,0,0,0.01968971994299901,1.0202064522173326
S000072692,U.S. Global Sea to Sky Cargo ETF,4,0,0,0.11105455676027937,1.0193246973879806
S000033771,Total International Ex U.S. Index Master Portfolio,4,0,0,0.03302252792666922,1.042277168230235
S000045912,1290 SmartBeta Equity Fund,4,0,0,0.009109683233585597,1.0500224861722447
S000055539,Invesco S&P SmallCap High Dividend Low Volatility ETF,4,0,0,0.3225429819740021,1.0257374725598112
S000057039,Virtus SGA International Growth Fund,4,0,0,0.043897292730361984,1.0113004549731697
S000060809,Invesco S&P 500 Equal Weight Consumer Staples ETF,4,0,0,0.07614493591029076,1.0208111239127997
S000007911,Transamerica Aegon Bond VP,4,0,0,0.016828866092371768,1.0181616531624653
S000012492,Active M International Equity Fund,4,0,0,0.004742981699975512,1.02878554589186
S000017747,THE HARTFORD STRATEGIC INCOME FUND,4,0,0,0.05447206039701584,1.0359403995105323
S000030159,Eaton Vance RBA Equity Strategy Fund,4,0,0,0.06856036583611673,1.02954819588619
S000037191,American Beacon The London Company Income Equity Fund,4,0,0,0.018305623142918354,1.025100705973186
S000045387,SPDR MSCI Emerging Markets StrategicFactors ETF,4,0,0,0.047600432225327984,1.040740249984553
S000061114,MassMutual Select T. Rowe Price International Equity Fund,1,0,0,0.03495018104736594,1.0508401769093298
S000082825,Avantis Emerging Markets Small Cap Equity ETF,4,0,0,0.039107675201700984,1.056785140219176
S000004065,Calamos International Growth Fund,4,0,0,0.17234286624362594,1.0185557921898922
S000008435,International Equity Fund,3,0,0,0.006737888803416601,1.0503583650027812
S000012397,WisdomTree Global High Dividend Fund,4,0,0,0.043859371914389995,1.023006105534556
S000015483,WisdomTree Emerging Markets High Dividend Fund,4,0,0,0.09545614901872622,1.0598562430394067
S000066279,Direxion Daily S&P 500 High Beta Bull 3X Shares,3,0,0,0.014309784007333425,1.0206107257312556
S000069557,VanEck Moody's Analytics BBB Corporate Bond ETF,4,0,0,0.032289553570324536,1.0294006309433967
S000078890,Goldman Sachs MarketBeta Total International Equity ETF,4,0,0,0.011732752519944979,1.065830738783269
S000080123,Pacer US Small Cap Cash Cows Growth Leaders ETF,3,0,0,0.1853529554305905,1.0072916069487894
S000082206,iShares LifePath Target Date 2060 ETF,4,0,0,0.15989031642748078,1.0094022977410562
S000003749,Europe 1.25x Strategy Fund,1,0,0,0.06028239569665476,1.0191179442704137
S000003879,Putnam VT Emerging Markets Equity Fund,3,0,0,0.008893225576791609,1.015767131594906
S000004323,iShares U.S. Financials ETF,4,0,0,0.007630880047196886,0.993696439314942
S000005570,Nuveen Small Cap Value Fund,3,0,0,0.010970465076383433,1.034178812058426
S000008882,iShares Global Industrials ETF,4,0,0,0.0057235673219830805,1.0017822449567784
S000012899,Victory Income Fund,4,0,0,0.007077318545374589,1.0211743456333269
S000020792,BlackRock Multi-Asset Income Portfolio,4,0,0,0.03006762947725762,0.9050055531546696
S000020978,Dunham High Yield Bond Fund,4,0,0,0.16334414743179468,1.020206819797242
S000054183,iShares ESG Aware MSCI EM ETF,4,0,0,0.012310545589872109,1.0853607506080294
S000062672,Global X Adaptive U.S. Factor ETF,1,0,0,0.00024397784232496047,1.0232717316906228
S000085682,Pacer MSCI World Industry Advantage ETF,3,0,0,0.1506504787380123,1.0232390161711287
S000004175,Emerging Markets Equity Portfolio,4,0,0,0.013164904233980599,1.025364274150027
S000034749,Invesco S&P Emerging Markets Low Volatility ETF,3,0,0,0.03498922711118188,1.053389622129546
S000048295,Goldman Sachs ActiveBeta(R) U.S. Large Cap Equity ETF,4,0,0,0.0019171334418397882,1.023797035255296
S000060792,Invesco S&P 500 Pure Value ETF,4,0,0,0.07602476858901806,1.0218504503073063
S000063041,iShares iBonds Dec 2028 Term Corporate ETF,4,0,0,0.04002834772822395,1.0140661121971302
S000064595,Invesco S&P MidCap 400 Revenue ETF,4,0,0,0.18718911004977573,0.9873162670225274
S000066392,Ocean Park Tactical Bond Fund,4,0,0,0.3286829187940703,1.0114597322193462
S000085681,Pacer Nasdaq 100 Top 50 Cash Cows Growth Leaders ETF,3,0,0,0.17784631631953535,1.015879671022493
S000007488,Select Utilities Portfolio,4,0,0,0.03199864402650047,0.9727818185866728
S000012319,SPDR(R) S&P(R) Oil & Gas Exploration & Production ETF,4,0,0,0.1664238850134059,1.0322110048078774
S000026955,VanEck Junior Gold Miners ETF,4,0,0,0.07355808921286983,0.9541293130139348
S000066682,NVIT GS Small Cap Equity Insights Fund,4,0,0,0.21659216959840513,1.0273199894299623
S000070905,Dimensional World ex. U.S. Core Equity 2 ETF,4,0,0,0.0804045371135849,1.0493522865684357
S000051789,SPDR Russell 1000 Low Volatility Focus ETF,4,0,0,0.016506431342873232,1.0128989114101816
S000073421,ProShares Nanotechnology ETF,4,0,0,0.05708968438368264,1.0260917109899836
S000012318,SPDR(R) S&P(R) Aerospace & Defense ETF,4,0,0,0.14771164968672817,1.0092966803052208
S000021077,GLOBAL REAL ESTATE FUND,4,0,0,0.05907688271794496,1.035483766586455
S000039440,International Large Cap Growth Portfolio,4,0,0,0.075952605323006,1.0350392451403194
S000052050,SPDR S&P North American Natural Resources ETF,4,0,0,0.0844266819515976,1.0385290720987985
S000068130,JNL Growth ETF Allocation Fund,4,0,0,0.0891177823730457,1.0022694629013071
S000012534,Voya Global Bond Fund,4,0,0,0.011624616757800074,1.0388507854182725
S000044183,WBI BullBear Quality 3000 ETF,3,0,0,0.12826491095996903,0.9955776132951274
S000061890,Empower Core Strategies: Inflation-Protected Securities Fund,3,0,0,0.00035130109767469563,1.0216665612920808
S000069260,iShares Health Innovation Active ETF,4,0,0,0.06064714932596022,0.9708358420333156
S000077859,Fidelity Series Small Cap Core Fund,4,0,0,0.07995275699790175,0.9712487005178497
S000081704,F/m Opportunistic Income ETF,4,0,0,0.0695271883225433,1.0162065629129111
S000089010,Invesco MSCI North America Climate ETF,4,0,0,0.007540875205806364,1.0210977726958155
S000003732,Nova Fund,2,0,0,0.0004975344565103854,1.0078134956814995
S000007675,SmallCap Account,4,0,0,0.02564350448704936,1.0224218765255255
S000016758,VIP Materials Portfolio,4,0,0,0.03225939436364065,0.9897957858928033
S000025657,Invesco Core Plus Bond Fund,4,0,0,0.07196363763739401,1.0275636024493704
S000036777,iShares J.P. Morgan EM High Yield Bond ETF,4,0,0,0.11136122101563412,1.0375266109519257
S000048624,iShares U.S. Small-Cap Equity Factor ETF,4,0,0,0.07967587566293079,0.9981993771837018
S000048688,Pacer Trendpilot US Mid Cap ETF,3,0,0,0.12423679675675388,1.0031916865750974
S000055170,International Strategic Equity Allocation Fund,4,0,0,0.010053338534710455,1.0552852814101703
S000064612,Invesco Comstock Select Fund,4,0,0,0.06830081710847603,1.0214592381965697
S000072204,iShares iBonds Dec 2031 Term Corporate ETF,4,0,0,0.06538412804352135,1.0289517872883525
S000001454,Lord Abbett Emerging Markets Bond Fund,2,0,0,0.012799196078543528,1.021218739090954
S000003810,Basic Materials Fund,1,0,0,0.013311042109947133,1.0265489047231235
S000016757,VIP Consumer Staples Portfolio,4,0,0,0.079751960179432,1.018598216233317
S000018073,iShares MSCI Turkey ETF,4,0,0,0.15865553339990007,1.055447461792104
S000035094,Dynamic US Opportunity Fund,4,0,0,0.319414017528742,0.9873800570717198
S000039218,Fidelity Series Stock Selector Large Cap Value Fund,4,0,0,0.009418645530937504,1.029052892915925
S000048890,1290 VT DoubleLine Opportunistic Bond Portfolio,4,0,0,0.007681830526490304,1.022474724821745
S000064624,Invesco Global Fund,4,0,0,0.02885311445471129,1.0208631932411456
S000065984,Short Duration Bond Fund,4,0,0,0.0081776373433669,1.0306135273441264
S000072798,T. Rowe Price Total Return ETF,4,0,0,0.015551005923472404,0.9794947995073643
S000081785,Dimensional Ultrashort Fixed Income ETF,4,0,0,0.00428947114281543,1.0159022082917755
S000085602,Invesco S&P 500 Equal Weight Income Advantage ETF,3,0,0,0.05954252601329763,1.0211441260810634
S000001129,AMG River Road Dividend All Cap Value Fund,4,0,0,0.0839572924768871,1.011488149535637
S000001736,JNL/DoubleLine Core Fixed Income Fund,4,0,0,,
S000005083,College Retirement Equities Fund - Equity Index Account,4,0,0,0.0024242920768731257,0.966956984782911
S000011123,BlackRock High Yield Portfolio,4,0,0,0.20201202345346989,1.0211790116604043
S000011502,BNY Mellon Global Fixed Income Fund,4,0,0,0.10140709195129263,1.027792887640155
S000053103,Global Small Cap Fund,4,0,0,0.08006962113287319,1.0379837957350884
S000066462,Avantis Emerging Markets Equity Fund,4,0,0,0.059005453174314715,1.0483182089450127
S000073664,Hartford Large Cap Growth ETF,2,0,0,0.0068577712799310605,1.029391732061603
S000001159,GROWTH EQUITY FUND,4,0,0,0.029069158789113623,0.9942235289745156
S000014040,SPDR(R) Dow Jones International Real Estate ETF,4,0,0,0.11504473454525671,1.0520127861055115
S000033974,Eaton Vance RBA All Asset Strategy Fund,4,0,0,0.04340300015258537,1.0270319825228804
S000034874,SPDR Bloomberg Investment Grade Floating Rate ETF,4,0,0,0.05103086419088913,1.0176207687551984
S000039915,World ex U.S. Core Equity Portfolio,4,0,0,0.07100784361968394,1.051720873558336
S000051701,SPDR S&P 500 Fossil Fuel Reserves Free ETF,3,0,0,0.0007841048057609978,1.020242925853447
S000051994,Fidelity SAI U.S. Large Cap Index Fund,4,0,0,0.0018392627180589126,1.006668720909909
S000065837,FlexShares US Quality Low Volatility Index Fund,4,0,0,0.06370412835780337,1.0218353650823244
S000001750,JNL/T. Rowe Price Mid-Cap Growth Fund,3,0,0,0.00708585931580244,0.9687617946033306
S000002468,MFS Global Equity Fund,4,0,0,0.013353499564996754,1.0548669741146628
S000003778,MassMutual Premier Global Fund,4,0,0,0.022124341790821022,1.0307060717711014
S000038670,World ex U.S. Targeted Value Portfolio,4,0,0,0.05830641049898787,1.0724847587309816
S000003313,Core Bond Fund,4,0,0,0.004138238046690393,1.0280046578441695
S000009820,Strategic Income Opportunities Fund,4,0,0,0.019529268034309263,1.0095658530754583
S000009828,Voya International High Dividend Low Volatility Portfolio,4,0,0,0.037067763367543055,1.0349599983299849
S000013698,iShares 5-10 Year Investment Grade Corporate Bond ETF,4,0,0,0.1231627663077654,1.0298941562920636
S000018555,Free Market U.S. Equity Fund,4,0,0,0.032697563663115554,1.0080795990124936
S000070210,USA Mutuals Vice Fund,4,0,0,0.08442174269136565,1.019619001758341
S000072837,Invesco Alerian Galaxy Crypto Economy ETF,3,0,0,0.2863478264350058,1.0801537737293396
S000002674,MFS Global Equity Series,1,0,0,0.023791832775241686,1.0251498224822582
S000007170,Spectrum Preferred and Capital Securities Income Fund,4,0,0,0.0240913306933043,0.9119864800653604
S000007490,Select Brokerage and Investment Management Portfolio,4,0,0,0.13205003066857263,0.9956788202667116
S000017681,Fidelity Strategic Dividend and Income Fund,4,0,0,0.005930382931996679,0.993043800220945
S000030362,Invesco KBW Premium Yield Equity REIT ETF,4,0,0,0.23618295802521633,1.0247675426277354
S000057372,Alpha Architect Global Factor Equity ETF,3,0,0,0.043765394624087545,1.0125146646987586
S000057421,Nuveen ESG Emerging Markets Equity ETF,3,0,0,0.01002307619135239,1.028859139076254
S000060798,Invesco S&P 500 Equal Weight Consumer Discretionary ETF,2,0,0,0.02249194604162612,1.0206186286734038
S000071604,T. Rowe Price U.S. Equity Research ETF,3,0,0,0.001969371323563919,0.9168985381170379
S000077487,American Century Short Duration Strategic Income ETF,4,0,0,0.010969902496505871,1.0208000749185746
S000003751,S&P 500 2x Strategy Fund,2,0,0,0.00067329281876179,1.0079516823474701
S000009739,Federated Hermes Strategic Income Fund,4,0,0,0.02255843578430495,1.020125786163522
S000015627,iShares Core U.S. REIT ETF,3,0,0,0.0013181671537807736,1.0217087649555496
S000026014,Large-Cap Value Portfolio,3,0,0,0.031484827778366656,1.0204070880018674
S000031955,Transamerica Madison Diversified Income VP,4,0,0,0.0054516006391802565,1.0164765525982256
S000032956,Empower Large Cap Value Fund,4,0,0,0.010152413412779183,1.0223726773648343
S000036004,iShares Emerging Markets Dividend ETF,4,0,0,0.025016230590695732,1.0526970008527292
S000043436,Lifestyle Blend Growth Portfolio,4,0,0,0.02571963610396639,1.0196175635365265
S000044275,Transamerica Core Bond,3,0,0,0.014808720247688971,1.0203722895351233
S000044749,VictoryShares US 500 Volatility Wtd ETF,4,0,0,0.00484208802620901,1.0250569476082005
S000054330,Finisterre Emerging Markets Total Return Bond Fund,4,0,0,0.01662063742021091,1.0346229880165294
S000055468,Pacer US Small Cap Cash Cows 100 ETF,3,0,0,0.1273100137725394,1.0212244593318798
S000001912,Appreciation Portfolio,1,0,0,0.04486392247817871,1.0016838591784352
S000019332,WisdomTree Emerging Markets SmallCap Dividend Fund,4,0,0,0.08362711508791501,1.0689635984745909
S000027920,Direxion Daily Semiconductor Bull 3X Shares,3,0,0,0.004577135164223211,1.0213349255960589
S000066459,Avantis U.S. Small Cap Value ETF,4,0,0,0.011220303087406373,1.0169365917470787
S000006979,SPDR(R) S&P Insurance ETF,4,0,0,0.046895099654425454,1.0042128523603513
S000007801,Transamerica Small/Mid Cap Value,4,0,0,0.014598763757617393,1.0203918692614464
S000012385,WisdomTree International MidCap Dividend Fund,4,0,0,0.025705491245466523,1.031356976397019
S000046023,State Street Target Retirement 2050 Fund,2,0,0,0.0016766946910862462,1.0160001872140108
S000076641,Dimensional Emerging Markets Sustainability Core 1 ETF,4,0,0,0.04838787243120436,1.0832199015315906
S000080473,NYLI Fiera SMID Growth Fund,4,0,0,0.014476241030823261,1.0207512346446368
S000057712,ClearShares OCIO ETF,4,0,0,0.29213726818643787,1.0169896738938446
S000067016,THRIVENT CORE EMERGING MARKETS EQUITY FUND,4,0,0,0.014387085575091087,1.0292005821222414
S000076521,Avantis U.S. Large Cap Value Fund,4,0,0,0.0035140606752603575,1.018493059140169
S000086501,Dimensional US Vector Equity ETF,4,0,0,0.05887974302639274,1.025254139828558
S000000196,Invesco V.I. Technology Fund,4,0,0,0.07548851254293802,1.02069592531161
S000003740,S&P SmallCap 600 Pure Value Fund,2,0,0,0.035733318891526256,1.0156445060120138
S000023757,Empower High Yield Bond Fund,4,0,0,0.04664576698946882,1.0239850686945384
S000050373,iShares Russell Small/Mid-Cap Index Fund,4,0,0,0.097111994967865,1.0148248036195775
S000055763,PGIM Quant Solutions Emerging Markets Equity Fund,4,0,0,0.008921867028692344,0.98296407052986
S000063074,VANGUARD ESG INTERNATIONAL STOCK ETF,4,0,0,0.010167502334136954,1.1051069941295326
S000065244,International Dynamic Growth Fund ,1,0,0,1.8950088846999636e-05,1.0368037183080407
S000075576,Kensington Dynamic Allocation Fund,4,0,0,0.16241167545577337,0.9949525159114349
S000077302,Fidelity Hedged Equity Fund,4,0,0,0.0056257873120416965,1.017877201376682
S000005466,DWS Emerging Markets Fixed Income Fund,4,0,0,0.041663626939523996,1.0285739661461284
S000007281,Lord Abbett Income Fund,4,0,0,0.012871694054997945,1.021152319048539
S000008325,Total Stock Market Index Trust,4,0,0,0.004159511823532951,1.0284155811989362
S000008794,Washington Mutual Investors Fund,4,0,0,0.004128364491183109,0.921755450888144
S000013110,Invesco Dorsey Wright Technology Momentum ETF,3,0,0,0.30117125959852475,1.0228985372381287
S000040877,Schwab Fundamental U.S. Large Company ETF,4,0,0,0.0015746775458363182,1.0226521804943407
S000044751,VictoryShares US 500 Enhanced Volatility Wtd ETF,4,0,0,0.005012909908310209,1.0250569476082005
S000056101,Destinations Multi Strategy Alternatives Fund,3,0,0,0.008799988889717409,1.0227960471675865
S000072323,Sparkline Intangible Value ETF,1,0,0,0.002982433005563868,1.0330578512396693
S000084031,iShares U.S. Industry Rotation Active ETF,4,0,0,0.03278886373211373,1.0249645020473923
S000000701,THRIVENT DYNAMIC ALLOCATION FUND,4,0,0,0.009647755412070374,1.0163943392552899
S000002595,VANGUARD GLOBAL EQUITY FUND,3,0,0,0.0056181217568325404,1.0594031020319652
S000004254,iShares MSCI Singapore ETF,4,0,0,0.0468022921264704,0.9943192336732055
S000010041,Mercer Core Fixed Income Fund,4,0,0,0.01748384308079628,1.0192457455932928
S000074627,Equitable Growth MF/ETF Portfolio,3,0,0,0.07987721260363388,1.0206236694637925
S000009876,AMG TimesSquare Mid Cap Growth Fund,4,0,0,0.05078032480426132,0.97860407132829
S000052083,EQ/Franklin Moderate Allocation,4,0,0,0.14216322368607537,1.0217707209458438
S000054499,FlexShares STOXX Global ESG Select Index Fund,4,0,0,0.05988764243702231,1.0385243979759748
S000070041,American Century Quality Preferred ETF,1,0,0,0.03768199373213847,1.032753419390067
S000017260,Disciplined Value Emerging Markets Equity Fund,4,0,0,0.04006167668992795,1.0292057993940995
S000033601,BlackRock Commodity Strategies Fund,4,0,0,0.007836771329199731,1.1741977911418364
S000049024,iShares International Equity Factor ETF,4,0,0,0.005480074792778222,1.0626353205208023
S000066016,Invesco BulletShares 2029 Corporate Bond ETF,4,0,0,0.1330879872689847,1.0240971519130295
S000069640,Global X CleanTech ETF,4,0,0,0.18238919559477867,1.038300828030151
S000075434,SPDR MarketAxess Investment Grade 400 Corporate Bond ETF,4,0,0,0.007030085317437989,1.0143934347833512
S000079411,Voya VACS Index Series EM Portfolio,4,0,0,0.012636539848109729,1.0351994000514093
S000080487,Touchstone ETF Trust-Touchstone Dynamic International ETF,4,0,0,0.028304883812082664,1.0500294464682707
S000082198,iShares LifePath Target Date 2065 ETF,4,0,0,0.044076530887177744,0.9739677587969837
S000082204,iShares LifePath Target Date 2050 ETF,4,0,0,0.13293864938751213,1.0179141014594038
S000088408,iShares International Country Rotation Active ETF,4,0,0,0.16328675377616653,0.9916493606806202
S000000205,Invesco V.I. Core Plus Bond Fund,4,0,0,0.03413895938246195,1.022482944821555
S000002179,PGIM Quant Solutions Mid-Cap Value Fund,3,0,0,0.01558825153636849,1.0507339271709017
S000006212,Hotchkis and Wiley Large Cap Disciplined Value Fund,2,0,0,0.029851367987369665,1.0215482841181165
S000073597,Fidelity Clean Energy ETF,4,0,0,0.15205939359129136,0.9736202926225911
S000075960,Carillon Chartwell Mid Cap Value Fund,1,0,0,0.023589980686170405,1.0313189845474615
S000001416,THRIVENT AGGRESSIVE ALLOCATION PORTFOLIO,3,0,0,0.002038513025496058,0.9890708711904628
S000004282,Diversified Equity Master Portfolio,4,0,0,0.061858025097401674,1.0138046004546784
S000007093,Fidelity International Discovery Fund,4,0,0,0.009379057048291737,0.9940291515776674
S000060800,Invesco S&P Smallcap 600 Pure Value ETF,4,0,0,0.3103626551953038,1.0261755680484363
S000061203,Motley Fool 100 Index ETF,4,0,0,0.02304940722893289,1.0093494926541646
S000000068,"BNY Mellon Large Cap Securities Fund, Inc.",3,0,0,0.011544286995607864,1.0085013044231201
S000005159,BNY Mellon International Bond Fund,4,0,0,0.13376987567648566,1.0295756038023256
S000028525,NYLI S&P 500 Index Fund,4,0,0,0.00121084688407273,1.020957217136127
S000005221,Eaton Vance Large-Cap Value Fund,4,0,0,0.005056742166609363,1.020000390875874
S000059608,Disciplined U.S. Small Cap Equity Portfolio,4,0,0,0.09151427635181385,1.0199190041797153
S000006543,ROCK OAK CORE GROWTH FUND,3,0,0,0.18283172872436498,
S000084933,Genter Capital Municipal Quality Intermediate ETF,4,0,0,,
S000088672,Indexperts Gorilla Aggressive Growth ETF,4,0,0,,
S000001046,Large Company Value Portfolio,3,0,0,0.0014395123137112297,
S000084932,Genter Capital Taxable Quality Intermediate ETF,4,0,0,,
S000009124,Federated Hermes International Leaders Fund,4,0,0,0.0024618840132102585,1.0259917920656636
S000019534,Wilshire International Equity Fund,4,0,0,0.0018075145102334016,
S000091510,Onchain Economy ETF,4,0,0,0.13634663554487778,0.9459583042565698
S000077902,JPMorgan SmartRetirement 2065 Fund,1,0,0,0.008350599457488046,1.0216523018709271
S000004718,PGIM Jennison Diversified Growth Fund,1,0,0,0.002101403352759079,3.2069641331105467
S000080686,Principal Focused Blue Chip ETF,1,0,0,0.02675193937386404,1.031641878098571
S000045528,Impax Ellevate Global Women's Leadership Fund,1,0,0,0.0033683208016103616,1.0217034976332846
S000000968,DFA ONE-YEAR FIXED INCOME PORTFOLIO,3,0,0,0.0015583557022689708,1.019656995267158
S000023735,Empower Large Cap Growth Fund,2,0,0,0.005591845900246192,1.0203425652787659
S000059067,Touchstone Variable Series Trust-Touchstone Bond Fund,3,0,0,0.028136538290103125,1.0205897163070845
S000007333,Franklin Global Real Estate VIP Fund,1,0,0,0.013025919318743773,1.1934033515751494
S000049907,VictoryShares US Large Cap High Div Volatility Wtd ETF,3,0,0,0.012763082533222966,1.0208946981078086
S000073782,Catholic Responsible Investments Opportunistic Bond Fund,2,0,0,0.004826136797179304,0.9405775331884318
S000091769,Invesco Comstock Contrarian Equity ETF,1,0,0,0.0017505200013236061,1.0202362636679279
S000030481,iShares 0-5 Year TIPS Bond ETF,1,0,0,0.004538761643145562,1.0201636618429746
S000035683,Touchstone Strategic Trust-Touchstone Focused Fund,2,0,0,0.011641048849992097,1.0200129115558425
S000079838,T. Rowe Price Value ETF,3,0,0,0.0071208645320404475,1.0099126670995233
S000089398,NYLI VP MFS Research Portfolio,2,0,0,0.0033605559528130987,1.0200153964588143
S000002085,"T. Rowe Price Global Technology Fund, Inc.",3,0,0,0.005963895150311907,0.9922685685601563
S000085736,Fidelity SAI Canada Equity Index Fund,3,0,0,0.01730696010909807,1.0489641484362857
S000052849,BlackRock LifePath Index 2060 Fund,2,0,0,0.0012620752245807397,0.9864448025521758
S000010509,AB Growth Fund,2,0,0,0.008821044776265882,1.03127760378163
S000011439,Emerging Markets Equities Fund Inc,2,0,0,0.003655579759512129,1.0078545584515708
S000010074,"AB SUSTAINABLE GLOBAL THEMATIC FUND, INC.",3,0,0,0.0197578684225479,1.0203180927629645
S000001045,Large Company Growth Portfolio,2,0,0,0.0007547202280279354,
S000059069,Touchstone Variable Series Trust-Touchstone Small Company Fund,2,0,0,0.012919528002439134,1.0204081632653061
S000093318,VictoryShares International Free Cash Flow ETF,2,0,0,0.004714998090597871,1.054765797209688
S000030998,Xtrackers MSCI Emerging Markets Hedged Equity ETF,2,0,0,0.0003568332167292762,1.0110384253730913
S000090720,E*TRADE No Fee Large Cap Index Fund,2,0,0,0.0007169707077585499,0.9811172075535782
S000068729,iShares ESG Aware 30/70 Conservative Allocation ETF,1,0,0,0.1878331689274109,1.0295998127338575
S000008438,High Yield Fund,2,0,0,0.11743724772627522,1.0206174707130058
S000092024,T. Rowe Price International Equity Research ETF,2,0,0,0.020410403854731862,0.9596643058840594
S000007143,Lord Abbett Focused Small Cap Value Fund,1,0,0,0.0013943454765578149,1.040118870728083
S000093203,iShares Texas Equity ETF,2,0,0,0.0021338303684180233,0.9786219206284403
S000050252,Victory Global Equity Income Fund,2,0,0,0.0037156939010890948,1.049317943336831
S000076132,JPMorgan Nasdaq Equity Premium Income ETF,2,0,0,0.00181578346281765,1.020313245816045
S000009436,NYLI VP Dimensional U.S. Equity Portfolio,1,0,0,0.00036871453256648334,1.0251497005988024
S000064701,Invesco SteelPath MLP Alpha Plus Fund,1,0,0,0.0062408233810256975,1.026283760832303
S000065839,FlexShares Emerging Markets Quality Low Volatility Index Fund,2,0,0,0.02182813897785689,1.023496969286276
S000093178,WisdomTree GeoAlpha Opportunities Fund,2,0,0,0.027463182145689352,1.0340948611696403
S000089352,Touchstone ETF Trust-Touchstone International Equity ETF,1,0,0,0.025246978692928797,1.050081998551171
S000011766,Payden Equity Income Fund,1,0,0,0.0003598878068187203,1.0326829487148028
S000007001,Small-Cap Value Series,1,0,0,0.012263302581403233,1.0311362717347352
S000036223,SGI U.S. Large Cap Equity Fund,1,0,0,0.014290641175498903,0.9848996780555159
S000093319,VictoryShares International Free Cash Flow Growth ETF,1,0,0,0.009095859657656791,1.0922592698403695
S000097192,Hood River Emerging Markets Fund,1,0,0,0.02841255234842146,0.9753617347169292
S000052237,Ultra-Short Term Fixed Income Fund,1,0,0,0.0009986957294477116,1.0206312829369824
S000082813,FundX Conservative ETF,1,0,0,0.04824518634257446,1.0138544820625746
S000007908,Transamerica Aegon Sustainable Equity Income VP,1,0,0,0.01120999233298964,1.0200000917438534
S000019678,Federated Hermes Kaufmann Large Cap Fund,1,0,0,,
S000002405,Parametric Tax-Managed Emerging Markets Fund,4,0,0,0.06261825899350693,1.0447840083972513
S000021031,NVIT Loomis Core Bond Fund,4,0,0,0.10531558454463226,1.0217884294029023
S000031836,SPDR Portfolio Corporate Bond ETF,4,0,0,0.09649276053210633,1.0201364457612665
S000068838,NYLI Moderate ETF Allocation Fund,4,0,0,0.07220478981802865,1.0206511467865351
S000069434,Dimensional Emerging Core Equity Market ETF,4,0,0,0.07038263397029765,1.0476972692005364
S000078011,ProShares S&P Global Core Battery Metals ETF,4,0,0,0.09598446667431668,1.0507095706944107
S000086726,Sprott Silver Miners & Physical Silver ETF,4,0,0,0.05401440567890282,0.9675782118812739
S000006501,Brighthouse/Wellington Core Equity Opportunities Portfolio,3,0,0,0.023151273315639088,1.021211873716136
S000022584,Hartford International Equity Fund,4,0,0,0.0657579484909277,1.0332539535499747
S000028355,Parametric International Equity Fund,4,0,0,0.11986089737858807,1.049654825312652
S000077959,Calvert US Large-Cap Core Responsible Index ETF,4,0,0,0.0541973097315453,1.0214604319582972
S000001462,Meridian Growth Fund,4,0,0,0.08406601011708585,0.9873980262812748
S000002974,PACE Small/Medium Co Growth Equity Investments,4,0,0,0.12480280319375023,1.0187154072796445
S000003788,MassMutual Premier Small Cap Opportunities Fund,4,0,0,0.1116202124295642,1.0222745357106833
S000006410,The Energy Select Sector SPDR Fund,4,0,0,0.013271484574913868,1.0205265399677699
S000006580,High-Yield Fund,4,0,0,0.11776975278381904,1.0191789134669378
S000012177,Focused Dynamic Growth Fund,4,0,0,0.048246404311026524,0.9472326558919055
S000040475,VanEck VIP Global Gold Fund,4,0,0,0.08295575539223178,0.9982753910727813
S000041190,WisdomTree Japan Opportunities Fund,4,0,0,0.04585818759767552,1.0460250898668364
S000002321,"BlackRock Large Cap Focus Value Fund, Inc.",4,0,0,0.029739592785477855,1.0032410242601997
S000006103,DWS Health and Wellness Fund,1,0,0,0.010120500969161337,1.026879218059111
S000023586,iShares Core 40/60 Moderate Allocation ETF,3,0,0,0.04395904843897076,1.027916939147173
S000065749,Fidelity Mid Cap Value Index Fund,4,0,0,0.012358544759764403,0.9131184581643155
S000078008,Innovator Gradient Tactical Rotation Strategy ETF,3,0,0,0.07702732219661265,1.0169029443838604
S000078944,Invesco Short Duration Total Return Bond ETF,3,0,0,0.05841749944739998,1.027048252883347
S000087951,SPDR SSGA My2030 Corporate Bond ETF,4,0,0,0.08971720909241675,1.0199719894517658
S000000465,Invesco Select Risk: Growth Investor Fund,4,0,0,0.01564405162536494,1.0209909660668253
S000000766,MFS Research International Fund,3,0,0,0.010968239556267169,1.0365003186170556
S000002228,PSF PGIM High Yield Bond Portfolio,4,0,0,0.04404357758403229,0.9598064950863733
S000005514,Schwab Core Equity Fund,3,0,0,0.006912680511106522,1.021056720142183
S000040952,T. Rowe Price Global Allocation Fund,4,0,0,0.01445692497863902,1.026339733962818
S000046392,Victory Munder Mid-Cap Core Growth Fund,1,0,0,0.005611581145296394,1.0283038077784565
S000054995,Abacus FCF Leaders ETF,4,0,0,0.07408936928689194,1.009497507276887
S000064661,Invesco V.I. Global Strategic Income Fund,4,0,0,0.03882453752182818,1.0312514602668112
S000081376,Hartford Quality Value ETF,3,0,0,0.010433212028043915,1.0213143872113677
S000001108,Boston Partners Long/Short Equity Fund,4,0,0,0.11945700434659395,1.0118926629858611
S000001429,THRIVENT GLOBAL STOCK PORTFOLIO,4,0,0,0.00837038809682961,1.0210771866631196
S000006260,DWS Small Mid Cap Growth VIP,4,0,0,0.03232490895793422,0.996927314171805
S000007736,VIP Consumer Discretionary Portfolio,4,0,0,0.056535052259286615,0.9868198324339582
S000033768,Nuveen Real Asset Income Fund,4,0,0,0.016765325170914967,1.0307208037641924
S000036643,Invesco S&P 500 Downside Hedged ETF,3,0,0,0.01196145513816905,1.020925452346393
S000045868,Hotchkis and Wiley Small Cap Diversified Value Fund,2,0,0,0.01794791064953743,1.017703124076927
S000057289,Fidelity Contrafund K6,4,0,0,0.004327143857671697,0.9960870136022901
S000062078,Fidelity Enhanced High Yield ETF,4,0,0,0.09549221647477922,1.0344877212959762
S000070550,Nationwide GQG US Quality Equity Fund,4,0,0,0.07004203683224781,1.0206228956228955
S000075637,NVIT J.P. Morgan Digital Evolution Strategy Fund,2,0,0,0.008898230270626912,1.0196747261235954
S000004013,THE HARTFORD GROWTH OPPORTUNITIES FUND,3,0,0,0.012495044244265173,0.9945075006821212
S000010891,Saratoga Small Capitalization Portfolio,4,0,0,0.061613111840270234,1.0267921233823056
S000010996,CVT EAFE International Index Portfolio,4,0,0,0.062105500352694104,1.0502413796989822
S000077962,Calvert US Select Equity ETF,2,0,0,0.01191765672115381,1.0212403193564394
S000000953,Dimensional VA U.S. Targeted Value Portfolio,4,0,0,0.030300454879298513,1.0222903565434887
S000002437,MFS International New Discovery Fund,4,0,0,0.05012633078884473,1.051419337402204
S000027487,Direxion Daily Retail Bull 3X Shares,3,0,0,0.08722974739882093,1.0212023177117184
S000047823,ALPS Medical Breakthroughs ETF,4,0,0,0.2751294573598822,1.027346679973063
S000057732,Morningstar Defensive Bond Fund,4,0,0,0.220061512147847,1.0204318428300532
S000000969,DFA FIVE-YEAR GLOBAL FIXED INCOME PORTFOLIO,4,0,0,0.0005693564758067959,1.0123645412227995
S000001361,THRIVENT INCOME FUND,4,0,0,0.012193307244925618,1.019589051924015
S000003744,S&P MidCap 400 Pure Growth Fund,1,0,0,0.03775266457778227,1.0139715831737155
S000004348,iShares Latin America 40 ETF,4,0,0,0.014663482808945553,1.0306678176015394
S000018291,Emerging Markets 2x Strategy Fund,1,0,0,0.024762639381704973,1.0349077171911703
S000023506,iShares Agency Bond ETF,4,0,0,0.007661221436395902,1.026708835978644
S000071281,BlackRock U.S. Carbon Transition Readiness ETF,4,0,0,0.00593379775990873,1.0000557556947585
S000003319,Opportunistic Fixed Income Fund,4,0,0,0.05133401889385183,1.0224892119270588
S000004335,iShares Russell Mid-Cap Value ETF,4,0,0,0.023311746446177523,1.0037205082819465
S000007752,VIP Energy Portfolio,4,0,0,0.022683176661920098,1.0648895534981495
S000024773,Global X MSCI Colombia ETF,3,0,0,0.03174883755241348,1.0290848531302963
S000026637,Schwab International Equity ETF,4,0,0,0.005932325300492038,1.0525933486925012
S000026639,Schwab Emerging Markets Equity ETF,4,0,0,0.0055821446905774865,1.0765508191031847
S000034850,Wilmington Large-Cap Strategy Fund,4,0,0,0.006743940725926636,0.9974163827338651
S000036460,Emerging Markets Debt Portfolio,4,0,0,0.07872821424547952,1.0209922049285356
S000046190,Goldman Sachs Tactical Tilt Overlay Fund,4,0,0,0.004914418475178117,1.021049416335511
S000063144,ProShares Online Retail ETF,1,0,0,0.043633386146105194,1.0254988913525498
S000066807,Fidelity U.S. Low Volatility Equity Fund,3,0,0,0.012747523624853678,1.0215032907820578
S000071282,BlackRock World ex U.S. Carbon Transition Readiness ETF,2,0,0,0.0006537888132194425,1.0020426276706034
S000082827,Avantis U.S. Mid Cap Value ETF,4,0,0,0.0019770941528068488,1.0078125
S000000155,Invesco Energy Fund,3,0,0,0.14562707847628836,1.0129700217126516
S000003724,Transportation Fund,1,0,0,0.04487181509924258,1.0364852466150838
S000006969,Fidelity Convertible Securities Fund,4,0,0,0.00653150370598893,0.9779505276131397
S000008222,Core Bond Trust,4,0,0,0.00270336754156817,1.0209999346412202
S000012313,NVIT International Index Fund,4,0,0,0.09056947390922193,1.0513847760993107
S000012325,SPDR(R) S&P Regional Banking(SM) ETF,4,0,0,0.05653328543419277,1.0139083783186378
S000012896,Victory Growth & Income Fund,4,0,0,0.00046027105324792457,1.02117519721648
S000039596,Transamerica International Small Cap Value,4,0,0,0.042169839159161976,1.045220290853584
S000054691,Global X FinTech ETF,4,0,0,0.07024767935524624,1.0323994099814209
S000066454,Avantis Emerging Markets Equity ETF,4,0,0,0.06631834381334517,1.0574258109657557
S000074835,Avantis U.S. Small Cap Equity ETF,4,0,0,0.030007664660054296,1.0242474542400501
S000001741,JNL/Fidelity Institutional Asset Management Total Bond Fund,4,0,0,,
S000019515,MFS Global Alternative Strategy Fund,4,0,0,0.011444762668959753,1.0487271196177412
S000020665,SPDR (R) S&P (R) International Dividend ETF,4,0,0,0.10590581417503414,1.0510029729166117
S000057730,Morningstar Total Return Bond Fund,4,0,0,0.03883799512049021,1.0225537374562486
S000001245,Small Cap Index Fund,4,0,0,0.09379339146326333,0.9912086568708107
S000009001,Capital World Growth & Income Fund,4,0,0,0.005359876553345863,1.051304580821378
S000045879,AMG Yacktman Special Opportunities Fund,4,0,0,0.09153316372006577,1.0343350871090384
S000057284,Fidelity Blue Chip Growth K6 Fund,4,0,0,0.010075747370836498,1.00725119954203
S000018351,BlackRock 80/20 Target Allocation Fund,4,0,0,0.041260588229949956,1.0032894049814955
S000020314,Goldman Sachs Absolute Return Tracker Fund,4,0,0,0.034620061982340876,1.0035123375612396
S000023585,iShares Core 30/70 Conservative Allocation ETF,2,0,0,0.02362666994731083,1.0208926302168715
S000028882,Disciplined Value Mid Cap Fund,4,0,0,0.014299983428783412,1.0205189522041058
S000042849,2020 Lifetime Blend Portfolio,4,0,0,0.06039771372011451,1.0057872621141852
S000047504,iShares MSCI Intl Quality Factor ETF,4,0,0,0.0028525923923521123,0.998637474584789
S000069612,T. Rowe Price Short Duration Income Fund,4,0,0,0.017884752140940496,0.9123718171119972
S000001246,Small Cap Value Fund,4,0,0,0.03746405729587928,1.0145822403264093
S000003027,Invesco Food & Beverage ETF,3,0,0,0.2330889003270565,1.0237082256099714
S000003712,Consumer Products Fund,2,0,0,0.008552976755528104,1.0161632508847223
S000003867,BlackRock Capital Appreciation Portfolio,2,0,0,0.007029457531623625,2.0894263011495786
S000005624,VY(R) JPMORGAN SMALL CAP CORE EQUITY PORTFOLIO,4,0,0,0.06133823380360706,0.9767504394323601
S000009779,International Small Company Fund,1,0,0,0.026772216683559804,1.08173499554972
S000017659,VIP Asset Manager 50% Portfolio,3,0,0,0.009727181779324705,1.0123197402349347
S000039314,Fidelity International Real Estate Fund,4,0,0,0.07639414293087639,1.0415477758225555
S000060819,Invesco S&P Global Water Index ETF,4,0,0,0.06411502721202984,1.037432727863838
S000070098,Fidelity U.S. Equity Central Fund,4,0,0,0.0034587634369429455,1.0372324459924118
S000007312,Franklin DynaTech VIP Fund,4,0,0,0.004439694676815628,1.0235996588001137
S000013105,Invesco Dorsey Wright Industrials Momentum ETF,4,0,0,0.1717993817936365,1.021232479201088
S000018556,Free Market International Equity Fund,4,0,0,0.03692558007837051,1.0130677008748992
S000027834,Invesco Comstock Fund,4,0,0,0.0339260744875025,1.020916295464897
S000028999,PIMCO Investment Grade Corporate Bond Index Exchange-Traded Fund,4,0,0,0.0048231415177983515,1.0291656869909334
S000033136,iShares Floating Rate Bond ETF,4,0,0,0.02363143644560874,1.026591011552521
S000060806,Invesco Bloomberg Analyst Rating Improvers ETF,3,0,0,0.053317920636160275,1.0205517133831332
S000062806,Fidelity Series International Index Fund,4,0,0,0.003941473712342972,1.0246556779733178
S000064660,Invesco V.I. Global Fund,4,0,0,0.017885731224218274,1.0209209576523681
S000073611,Hartford Schroders Core Fixed Income Fund,4,0,0,0.007978708973035351,1.0268879542754206
S000009151,1290 VT GAMCO Small Company Value Portfolio,4,0,0,0.01628129855182618,1.030206801420831
S000054095,Fidelity Large Cap Growth Index Fund,4,0,0,0.002502033845060616,1.0210938589704621
S000075154,Dimensional International Small Cap ETF,4,0,0,0.07935005569081015,1.0590606870113533
S000080562,Avantis U.S. Large Cap Equity ETF,4,0,0,0.0016716978062963814,1.0275638710065138
S000007792,Transamerica Multi-Managed Balanced,4,0,0,0.00476364810803728,1.0201042325049607
S000012190,DIAMOND HILL SMALL-MID CAP FUND,4,0,0,0.16691057807432255,0.9972994572151395
S000028808,BNY Mellon Global Real Return Fund,4,0,0,0.060050286009947,1.0509728956209872
S000078988,Dimensional Global Real Estate ETF,4,0,0,0.057786556833275965,1.030569111165968
S000000372,BNY Mellon International Fund,4,0,0,0.02208888811442706,1.0415683605749597
S000015790,Bond Index Fund,4,0,0,0.011136039801254712,1.0176494404926075
S000005111,Fidelity Advisor Growth Opportunities Fund,4,0,0,0.012664449006149096,0.9784617302095816
S000020977,Dunham Emerging Markets Stock Fund,4,0,0,0.04160920857618409,0.997464533534484
S000040878,Schwab Fundamental U.S. Small Company ETF,4,0,0,0.006664535310506959,1.0309739876168647
S000057201,Franklin U.S. Mid Cap Multifactor Index ETF,2,0,0,0.0017997332293925921,1.0277759669315332
S000060818,Invesco MSCI Global Timber ETF,4,0,0,0.2530543332810526,1.0421704653342017
S000000606,Nuveen Small Cap Value Opportunities Fund,4,0,0,0.019082108519924132,0.9662448713780972
S000002105,T. Rowe Price New Era Fund,4,0,0,0.04831241520984002,1.0332681748885741
S000002121,"T. Rowe Price Small-Cap Value Fund, Inc.",4,0,0,0.04971814425297971,0.9438918710408807
S000003317,Equity Income Fund,1,0,0,0.000328486803892447,1.0477806488659203
S000003805,Utilities Fund,2,0,0,0.01851522841630324,0.9963608866423882
S000004338,iShares Russell Mid-Cap ETF,4,0,0,0.030692523103711438,0.9997943774031723
S000005328,Fidelity Advisor Financials Fund,4,0,0,0.02875972631111558,1.0114004135691586
S000010395,Janus Henderson Research Portfolio,3,0,0,0.0007502226236550997,1.026615969581749
S000018782,SPDR(R) Bloomberg International Treasury Bond ETF,4,0,0,0.0019051583152560057,1.0083145349403264
S000019189,Fidelity Asset Manager 60%,1,0,0,0.009940052035492704,1.0169971671388103
S000026043,Health Sciences Portfolio,4,0,0,0.016069352290203155,1.0224373879035737
S000040861,T. Rowe Price Institutional Long Duration Credit Fund,4,0,0,0.05169047806995444,0.9938515694596681
S000059796,KraneShares MSCI All China Health Care Index ETF,2,0,0,0.014735221611115954,1.0509850450718328
S000064633,Invesco Rising Dividends Fund,2,0,0,0.012842139674146479,1.0203819647407006
S000082200,iShares LifePath Target Date 2030 ETF,4,0,0,0.043443007553906704,1.0242979054405277
S000089411,U.S. Global Technology and Aerospace & Defense ETF,4,0,0,0.08725633102037612,0.9757347255007394
S000002226,PSF PGIM 50/50 Balanced Portfolio,4,0,0,0.022181583953100627,0.9618739294793646
S000006249,DWS CROCI(R) International VIP,4,0,0,0.04594555819404648,1.0494623096783176
S000055467,Pacer Developed Markets International Cash Cows 100 ETF,2,0,0,0.012445996339162907,1.0259968074407262
S000009149,EQ/Mid Cap Value Managed Volatility Portfolio,4,0,0,0.03676219857527535,1.0226861299024868
S000025013,Transamerica BlackRock iShares Tactical - Balanced VP,4,0,0,0.10350512071122488,1.0043173568675707
S000057291,Fidelity Low-Priced Stock K6 Fund,4,0,0,0.035867349341215646,1.0204204430664865
S000071119,JNL Mid Cap Index Fund,4,0,0,0.023681003490527656,0.9206151309005484
S000000994,THE DFA INTERNATIONAL VALUE SERIES,4,0,0,0.039267152698028794,1.0393034221774702
S000002698,PACE Strategic Fixed Income Investments,4,0,0,0.03838667317140825,1.0218286152441332
S000007193,Fidelity Small Cap Growth Fund,4,0,0,0.08448986265792008,1.0209312186888182
S000008779,SA U.S. Small Company Fund,4,0,0,0.06490255406878845,1.0214858703448817
S000021040,NVIT Loomis Short Term Bond Fund,4,0,0,0.19196495631022967,1.021713299540897
S000021940,Invesco Global Equity Portfolio,4,0,0,0.08326808171865377,1.0240925589833307
S000030037,SPDR(R) S&P(R) Global Natural Resources ETF,4,0,0,0.12925887194211952,1.039353331142993
S000005593,iMGP Global Select Fund,4,0,0,0.07817652778540182,1.023976023976024
S000071185,JPMorgan ActiveBuilders Emerging Markets Equity ETF,4,0,0,0.002205047095118927,1.0321867211225046
S000071866,Ocean Park Tactical Risk Spectrum 30 Fund,4,0,0,0.10030488418053021,1.016600066499417
S000087949,SPDR SSGA My2028 Corporate Bond ETF,4,0,0,0.046701358401955544,1.0200744280105976
S000001978,AST Small-Cap Equity Portfolio,4,0,0,0.2374827968542731,0.9380386081958746
S000002009,AST J.P. Morgan Conservative Multi-Asset Portfolio,4,0,0,0.006768608222254073,1.0036905321081346
S000002881,BlackRock International V.I. Fund,4,0,0,0.06421704172547135,0.9957584326398707
S000007101,Fidelity Pacific Basin Fund,4,0,0,0.036411580346447016,1.03763495816613
S000008385,VOYA MIDCAP OPPORTUNITIES FUND,4,0,0,0.010718489578323833,0.9983311902158917
S000013787,Invesco Dorsey Wright Momentum ETF,4,0,0,0.10552898732316998,1.0202548956065245
S000015280,Invesco S&P International Developed Quality ETF,4,0,0,0.03831582985028771,1.0503599367421574
S000019700,VANGUARD MEGA CAP GROWTH INDEX FUND,1,0,0,1.8257249590547792e-05,1.0225470537383647
S000021933,Capital Appreciation Value Trust,4,0,0,0.01289560394817459,1.023262698644795
S000030005,VANGUARD RUSSELL 2000 GROWTH INDEX FUND,4,0,0,0.01492605527839878,1.0625228853721775
S000036461,Floating Rate Income Portfolio,4,0,0,0.04882127730900293,1.0197391698696812
S000064651,Invesco Main Street Mid Cap Fund,4,0,0,0.04750367683353921,1.0213437503102967
S000071197,Schwab International Dividend Equity ETF,3,0,0,0.0049235317070102395,1.0502101345789976
S000079196,iShares ESG Aware MSCI USA Growth ETF,2,0,0,0.004784878835026199,0.9957384887225861
S000080522,Voya VACS Series MCV Fund,4,0,0,0.001952382048708887,1.0167433199462068
S000081587,SPDR Portfolio S&P Sector Neutral Dividend ETF,4,0,0,0.0032169787283802594,1.0170623685003537
S000083456,iShares Paris-Aligned Climate MSCI World ex USA ETF,4,0,0,0.005497254139508155,0.906678127892585
S000007191,Fidelity OTC Portfolio,4,0,0,0.001725232872831668,1.0184983399699798
S000020016,Ocean Park Tactical All Asset Fund,4,0,0,0.09454907470394988,1.0154110884806726
S000038926,iShares Core 1-5 Year USD Bond ETF,4,0,0,0.010457770663169047,1.031049626108294
S000056208,Schwab Short-Term Bond Index Fund,4,0,0,0.0007165924501420243,1.0209029375522025
S000060804,Invesco Zacks Mid-Cap ETF,4,0,0,0.0599436272274899,1.022811958287373
S000064631,Invesco Main Street All Cap Fund,3,0,0,0.021874383024190574,1.0206239135965698
S000066936,VOYA MID CAP RESEARCH ENHANCED INDEX FUND,4,0,0,0.05071869027658979,0.990983465510983
S000079047,Fidelity Tactical Bond ETF,4,0,0,0.012325914081682963,1.0350771264308813
S000003695,Europe 1.25x Strategy Fund,1,0,0,0.05778463770429301,1.0191128857566443
S000004347,iShares Russell 1000 ETF,4,0,0,0.010468148923234223,0.9905408161869335
S000004373,iShares Global Comm Services ETF,3,0,0,0.008777829003351436,0.9950410953531129
S000006023,Fidelity International Index Fund,4,0,0,0.006606469476763054,1.0366014575860891
S000010889,Saratoga Large Capitalization Value Portfolio,4,0,0,0.08631976524609271,1.0201948757828012
S000023597,WisdomTree Europe Hedged Equity Fund,4,0,0,0.017121658809577125,1.0428092992493534
S000047353,Virtus LifeSci Biotech Clinical Trials ETF,4,0,0,0.21215674749802532,1.0064852305573435
S000063188,Emerging Markets Targeted Value Portfolio,4,0,0,0.062361198269958146,1.0660040705157094
S000080559,Avantis Moderate Allocation ETF,4,0,0,0.0466607233984644,1.0165970860529239
S000081700,Hartford Schroders Diversified Opportunities Fund,4,0,0,0.16820346853868867,1.0076244020290397
S000001154,LOW-DURATION BOND FUND,4,0,0,0.16450370702292483,1.020084261697533
S000011082,Invesco Small Cap Growth Portfolio,4,0,0,0.1113494263844183,1.027239721328889
S000058498,JNL/Vanguard Moderate Growth ETF Allocation Fund,4,0,0,0.09686756978805557,1.0119484060236903
S000000971,U.S. SMALL CAP PORTFOLIO,4,0,0,0.10404995545693124,0.9065764203361517
S000012941,Victory Extended Market Index Fund,4,0,0,0.06435006024330002,1.0309685238461572
S000025797,EQ/400 Managed Volatility Portfolio,4,0,0,0.037276249264014655,1.0243713313591893
S000051832,Asia Opportunity Portfolio,3,0,0,0.004941119440018678,0.9870436048911247
S000065751,Fidelity Small Cap Value Index Fund,4,0,0,0.0695594166185771,0.9908709835388125
S000068835,NYLI Conservative ETF Allocation Fund,4,0,0,0.18732881369298335,1.01976856316297
S000007478,Fidelity Natural Resources Fund,4,0,0,0.0874126268016509,1.0195598569875686
S000010476,Janus Henderson Overseas Fund,4,0,0,0.022413791799235874,1.0519322963974944
S000030871,Empower International Index Fund,4,0,0,0.052846766774363035,1.0603724883894337
S000030941,PRAXIS INTERNATIONAL INDEX FUND,4,0,0,0.12316504372296912,1.0273678177763346
S000046038,State Street Target Retirement 2035 Fund,4,0,0,0.042011691647418414,1.0108114394381806
S000046398,Victory Integrity Small/Mid-Cap Value Fund,4,0,0,0.02007188944695234,1.0299607067999133
S000070348,Xtrackers S&P MidCap 400 Scored & Screened ETF,4,0,0,0.007421953127877419,0.9969406055491086
S000072085,AdvisorShares Psychedelics ETF,4,0,0,0.1727194918562385,1.0287895474573878
S000074757,iShares Paris-Aligned Climate MSCI USA ETF,4,0,0,0.00991977287420583,0.9587140390844743
S000076870,Inspire Fidelis Multi Factor ETF,2,0,0,0.024141800780948908,1.0201562733865417
S000077854,Nuveen Preferred Securities and Income Managed Accounts Portfoli,4,0,0,0.07296274358733146,1.0236266955284328
S000082908,Mercer Short Duration Fixed Income Fund,4,0,0,0.008826500448418572,1.0182730871806867
S000007461,Fidelity Environment and Alternative Energy Fund,4,0,0,0.013868542555195993,0.9551311473168509
S000017470,AZL S&P 500 Index Fund,3,0,0,0.0001806383817401629,1.0204092299941168
S000018360,BlackRock 40/60 Target Allocation Fund,4,0,0,0.04083650221826903,1.002172696978165
S000042851,2030 Lifetime Blend Portfolio,1,0,0,0.012538802722866248,1.0224413894567896
S000064632,Invesco Main Street Fund,4,0,0,0.01707263810655043,1.0205259298869016
S000065423,Freedom 100 Emerging Markets ETF,4,0,0,0.017445745046572415,0.9776727576501756
S000072335,iShares iBonds 2027 Term High Yield and Income ETF,4,0,0,0.07402539067964412,1.0350914534634676
S000082359,Xtrackers USD High Yield BB-B ex Financials ETF,4,0,0,0.06887296078412809,1.0419363561853043
S000007066,Fidelity Total Bond Fund,4,0,0,0.0019428046669803518,1.035513962305876
S000016888,Donoghue Forlines Dividend VIT Fund,4,0,0,0.19617059431952671,1.0146382860910008
S000022887,Victory Target Retirement 2050 Fund,4,0,0,0.0032236340887225744,1.020674106189264
S000042173,DFA Short-Duration Real Return Portfolio,4,0,0,0.016092554070342543,1.0208973196414346
S000045102,iShares Core MSCI Europe ETF,4,0,0,0.007464080964392942,1.056167207025777
S000047586,Hartford Multifactor US Equity ETF,3,0,0,0.011423637685744547,1.021021021021021
S000051342,Harbor Diversified International All Cap Fund,2,0,0,0.004015139950321899,1.0316140656910264
S000053561,Victory RS Partners Fund,4,0,0,0.033010476740883636,1.0200803212851406
S000053578,Victory RS Mid Cap Growth Fund,4,0,0,0.019298155637411864,1.0215694775634288
S000071127,JNL/Morningstar PitchBook Listed Private Equity Index Fund,3,0,0,0.04000379878210787,1.0560870879601876
S000000071,"BNY Mellon Research Growth Fund, Inc.",4,0,0,0.014522372083367175,1.0195323610463796
S000053012,Hartford Climate Opportunities Fund,3,0,0,0.015926635813816696,1.0170998354900014
S000068190,iMGP Small Company Fund,4,0,0,0.04847312332798849,1.020000382458167
S000002439,MFS Total Return Fund,1,0,0,7.795201369230344e-05,1.021134504626671
S000019982,Large Cap Growth Fund,2,0,0,0.034969050964355555,1.020184182690428
S000035895,American Beacon Stephens Small Cap Growth Fund,4,0,0,0.0911339765554042,1.0162291226630218
S000084024,Keating Active ETF,4,0,0,0.13777269297342318,1.0041150982540736
S000072157,RH Tactical Rotation ETF,4,0,0,,
S000027647,Overlay A Portfolio,3,0,0,0.003783984075151497,1.0358422467040984
S000001510,BlackRock Technology Opportunities Fund,3,0,0,0.022039153678622476,1.0171066954897399
S000035998,iShares Asia/Pacific Dividend ETF,3,0,0,0.005465916235585359,1.0527276955548501
S000080208,AB US Large Cap Strategic Equities ETF,3,0,0,0.010317924653939142,1.020691113233936
S000076420,VIP Investment Grade Bond II Portfolio,1,0,0,0.01341147961732676,1.0215171980799194
S000008229,Financial Industries Trust,2,0,0,0.01678752934934806,1.0238673347792795
S000018636,Nationwide Destination 2035 Fund,3,0,0,0.022244264718069704,1.022493896227831
S000056166,Touchstone Funds Group Trust-Touchstone Active Bond Fund,3,0,0,0.006945033406975369,1.0207079904216072
S000093577,Invesco Global Equity Net Zero ETF,3,0,0,0.020667078952556758,1.0316796255552705
S000002337,Morgan Stanley Insight Fund,3,0,0,0.018489970883744454,1.015624999999999
S000004264,iShares MSCI Brazil ETF,3,0,0,0.004162518581592261,0.9973757799335065
S000046124,PGIM Select Real Estate Fund,1,0,0,0.01788593330984719,1.0338359304471119
S000039195,AB Select US Long/Short Portfolio,1,0,0,0.0005589167559648583,1.0500996553267126
S000066952,American Funds Global Insight Fund,2,0,0,6.885366966063731e-05,0.9189307624890447
S000080778,Amplify Cash Flow Dividend Leaders ETF,1,0,0,0.023735698673496265,1.0570824524312896
S000017329,SPDR Portfolio Long Term Treasury ETF,3,0,0,0.015702476301508093,1.0203766251714514
S000016024,S&P SmallCap Index Fund,2,0,0,0.013720527424780854,1.00588302960794
S000049792,iShares Currency Hedged MSCI ACWI ex U.S. ETF,1,0,0,0.022763344226315155,1.0286360211002261
S000003894,Putnam VT Large Cap Value Fund,2,0,0,0.01574548584508063,1.020118704722004
S000077771,VictoryShares WestEnd US Sector ETF,3,0,0,0.0026778982774220486,1.0458829878363216
S000000617,Classic Value Fund,2,0,0,0.02790710170984688,1.0200632652891781
S000084745,AB Mid Cap Value Portfolio,3,0,0,0.020623043701944066,1.0206911648183603
S000038448,BlackRock Real Estate Securities Fund,2,0,0,0.00043627516691939114,0.977373356575797
S000009445,NYLI VP Bond Portfolio,2,0,0,0.010596002265475645,1.0258183502803921
S000080067,Aristotle Portfolio Optimization Moderate Conservative Fund,2,0,0,0.04363445254472089,1.0200115632395172
S000021032,NVIT GQG US Quality Equity Fund,2,0,0,0.11059688967475743,1.0216356558215085
S000002469,MFS Global Total Return Fund,2,0,0,0.013490225167508852,1.046226201816723
S000080069,Aristotle Portfolio Optimization Moderate Fund,2,0,0,0.06841517924947046,0.942862944860277
S000080071,Aristotle Portfolio Optimization Aggressive Growth Fund,2,0,0,0.11794161184698197,1.0212424101698843
S000042976,ARK Autonomous Technology & Robotics ETF,2,0,0,0.06098676373998479,0.9431159314216615
S000010884,Saratoga Health & Biotechnology Fund,1,0,0,0.04431399297958881,1.0203243558186477
S000057603,Janus Henderson European Focus Fund,1,0,0,0.00034567588727312193,1.050421045760167
S000077051,T. Rowe Price U.S. High Yield ETF,1,0,0,0.031775762751223985,0.9316763518410998
S000004358,iShares 7-10 Year Treasury Bond ETF,1,0,0,0.0001029363913966503,1.0263124593336144
S000059068,Touchstone Variable Series Trust-Touchstone Common Stock Fund,1,0,0,3.966462799380144e-05,1.0211027910142954
S000095644,Capital Appreciation Portfolio,1,0,0,0.02314651573935714,1.0208414495978702
S000004408,VANGUARD MID-CAP GROWTH FUND,1,0,0,0.02539551066436208,0.9574354707192817
S000074248,Capital Group International Focus Equity ETF,1,0,0,0.0031340136217375206,0.9181922196796339
S000043249,JPMorgan Hedged Equity Fund,1,0,0,0.06238855322851712,0.9879997547682582
S000068112,JNL/Lazard International Quality Growth Fund  ,1,0,0,,
S000075639,NVIT J.P. Morgan Large Cap Growth Fund,1,0,0,0.000346104697844014,1.0213453157528234
S000007920,Transamerica BlackRock iShares Edge 40 VP,4,0,0,0.1391534202605245,1.0023378585416312
S000043502,DIAMOND HILL MID CAP FUND,4,0,0,0.08739964665432212,0.9947073375112514
S000050077,John Hancock Multifactor Large Cap ETF,4,0,0,0.006532020640521158,1.0221176324713062
S000057187,Direxion Daily Industrials Bull 3X Shares,3,0,0,0.0006904205624626304,1.0212447024442233
S000062667,NVIT iShares Global Equity ETF Fund,4,0,0,0.2120149283683792,1.0205381074114936
S000080183,BNY Mellon Innovators ETF,2,0,0,0.05935013169736237,1.0092291396689579
S000000461,BNY Mellon Opportunistic Midcap Value Fund,4,0,0,0.0686617830869461,1.0153422731315296
S000008007,Small Cap Index Fund,4,0,0,0.10459850968717894,1.0349184422869968
S000009221,VanEck VIP Emerging Markets Fund,4,0,0,0.08724593817340837,1.0049198404328104
S000057727,Morningstar U.S. Equity Fund,4,0,0,0.03650521693045992,0.9955338683779511
S000007928,Transamerica TSW International Equity VP,4,0,0,0.025120352155049135,1.0444580176207174
S000055867,Nationwide International Small Cap Fund,4,0,0,0.12809235785006118,1.0493279698643383
S000056045,AMG Yacktman Global Fund,4,0,0,0.060379872574030116,1.0243058325611432
S000003040,Invesco Building & Construction ETF,4,0,0,0.05905060610084067,1.0209753751575534
S000004434,iShares Morningstar Small-Cap Growth ETF,4,0,0,0.14413302611302922,0.9853446099300137
S000007926,Transamerica AEGON U.S. Government Securities VP,4,0,0,0.07739661584535971,1.0177241920216469
S000015279,Invesco Global Clean Energy ETF,4,0,0,0.2532800269549913,1.0365930820720402
S000039982,BlackRock Advantage Small Cap Core Fund,4,0,0,0.04102188950013229,0.9985329660912499
S000042349,ProShares S&P 500 Dividend Aristocrats ETF,4,0,0,0.00506793580342945,1.0206422018348624
S000059297,iShares Broad USD High Yield Corporate Bond ETF,4,0,0,0.16651520924010685,1.0423487479477995
S000064617,Invesco Discovery Large Cap Fund,4,0,0,0.034339759351922405,0.9164820511742292
S000065599,iShares Genomics Immunology and Healthcare ETF,4,0,0,0.17453882054706096,1.0176700059800536
S000004352,iShares Expanded Tech Sector ETF,4,0,0,0.02516785792278657,0.9923994237643634
S000017326,SPDR(R) Bloomberg 1-3 Month T-Bill ETF,4,0,0,0.053838252549098006,1.0204327092836811
S000026552,iShares Russell Top 200 Growth ETF,4,0,0,0.0008701182971842094,1.0162954265573827
S000030363,Invesco KBW Property & Casualty Insurance ETF,4,0,0,0.04749606807531333,1.021031864245732
S000035122,Strategic Advisers Short Duration Fund,2,0,0,0.00790281304176019,1.0209913484793238
S000039767,VIP Target Volatility Portfolio,2,0,0,0.012916723093243772,1.0168578209047234
S000040076,Global X MLP and Energy Infrastructure ETF,4,0,0,0.03103546751690591,1.0214160232433713
S000044274,Transamerica Inflation Opportunities,4,0,0,0.011615226057186548,1.0168630228280142
S000053586,Victory RS International VIP Series,1,0,0,8.034541485532021e-05,1.0503236674496046
S000059762,Fidelity SAI International Value Index Fund,4,0,0,0.021207680667591478,1.0312497914794652
S000077356,Invesco BulletShares 2032 Corporate Bond ETF,4,0,0,0.04862921623321592,1.0242638066338317
S000079415,Voya VACS Index Series S Portfolio,4,0,0,0.0010663098950774456,1.001811903073461
S000001365,THRIVENT GLOBAL STOCK FUND,4,0,0,0.0072090849514357975,1.048431555700676
S000003049,Invesco S&P 500 Quality ETF,3,0,0,0.008647533351950374,1.0203129379457625
S000046036,State Street Target Retirement 2025 Fund,4,0,0,0.031520199346048355,1.0136668979637617
S000059656,ProShares Long Online/Short Stores ETF,1,0,0,0.038507091503894045,1.0254988913525498
S000062831,Invesco RAFI Strategic US ETF,4,0,0,0.0374255383380656,1.0227128439305508
S000010038,Mercer US Small/Mid Cap Equity Fund,4,0,0,0.04768427870433075,1.0213066254377843
S000012312,NVIT Bond Index Fund,4,0,0,0.15374559713569097,1.0214424847456005
S000039794,SPDR SSGA US Large Cap Low Volatility Index ETF,4,0,0,0.019366032034079134,1.0157842562450552
S000068125,JNL/Mellon Healthcare Sector Fund,4,0,0,0.006070785306127847,0.9490539100964182
S000008714,Calvert Small Cap Fund,4,0,0,0.020325168275202435,1.024960522819025
S000033637,Fidelity Mid Cap Index Fund,4,0,0,0.026939807804110694,1.0174059997900187
S000008000,Mid Cap Index Fund,4,0,0,0.05077044615672713,1.024408955716396
S000008349,Global Strategy Fund,4,0,0,0.02529266664145033,1.033431574082924
S000009197,EQ/Small Company Index Portfolio,4,0,0,0.0878399024216837,1.0282092247379013
S000000181,Invesco V.I. High Yield Fund,4,0,0,0.0671906157299522,1.0240188655141047
S000007465,Select Gold Portfolio,4,0,0,0.06050030990806381,0.9637276325954539
S000014930,Goldman Sachs Small Cap Growth Insights Fund,4,0,0,0.02351574871373808,0.9839521135480741
S000017676,Fidelity U.S. Bond Index Fund,4,0,0,0.007973677650785807,1.02496428799026
S000028299,Invesco S&P SmallCap Health Care ETF,4,0,0,0.3127317748095476,1.022221597586098
S000031795,First Trust Emerging Markets AlphaDEX Fund,4,0,0,0.042715583565163494,1.0415471885365803
S000054790,JPMorgan Ultra-Short Income ETF,4,0,0,0.0024091541599960456,1.0212373142438143
S000055365,Fidelity Mid-Cap Stock Fund,4,0,0,0.02243359917701688,0.9773047386271363
S000055764,PGIM Quant Solutions International Developed Markets Index Fund,3,0,0,0.03132545795773575,1.0443137817284134
S000058965,Carillon Reams Unconstrained Bond Fund,1,0,0,0.0013259960220112987,1.0160134040157112
S000062276,Pacer Lunt Midcap Multi-Factor Alternator ETF,3,0,0,0.1884958747085302,1.0021969198349858
S000077474,AST PGIM Fixed Income Central Portfolio,4,0,0,0.017906851198813738,1.012159693222964
S000002229,PSF Stock Index Portfolio,4,0,0,0.03220594848784955,0.938284091705858
S000003033,Invesco AI and Next Gen Software ETF,4,0,0,0.1503747220159833,1.021736936442837
S000007110,Fidelity Emerging Markets Fund,4,0,0,0.013769669477101303,0.9058500777200286
S000010736,Invesco Global Real Estate Fund,3,0,0,0.03551251741927387,1.0202846198658657
S000022482,VANGUARD TOTAL WORLD STOCK INDEX FUND,4,0,0,0.004627750406942078,1.1218546143246555
S000025012,Transamerica Janus Balanced VP,4,0,0,0.007436098512487149,1.0151567348158577
S000026037,PD Small-Cap Value Index Portfolio,4,0,0,0.03544024997076087,1.022017816808363
S000040316,iShares MSCI USA Momentum Factor ETF,4,0,0,0.0050182612969963914,0.9882200787297927
S000043688,International Tilts Master Portfolio,4,0,0,0.014036139214516614,1.0265999177466045
S000049310,Fidelity SAI International Low Volatility Index Fund,4,0,0,0.010026554243330755,1.0512368690157066
S000060840,Invesco BulletShares 2026 Corporate Bond ETF,4,0,0,0.060306692285570576,1.024377477962877
S000071867,Ocean Park Tactical Risk Spectrum 50 Fund,4,0,0,0.09329063705115845,1.014573108568162
S000002638,MFS International Intrinsic Value Portfolio,3,0,0,0.01931621095485204,1.0515124483501923
S000006493,Artisan International Fund,2,0,0,0.012361512332914838,1.0270702316231186
S000007094,Fidelity Europe Fund,4,0,0,0.018175861598385832,1.0283238217920305
S000008340,Science & Technology Trust,4,0,0,0.013877271203497939,1.020598172872705
S000009423,iShares U.S. Aerospace & Defense ETF,4,0,0,0.032727500355156265,0.9848975224065832
S000066455,Avantis International Small Cap Value Fund,4,0,0,0.10395916677074465,1.0540591160233916
S000070901,Dimensional U.S. Targeted Value ETF,4,0,0,0.07817099435223743,1.0272587392382964
S000008009,Stock Index Fund,4,0,0,0.002989623166007077,1.020100651395567
S000023459,International Growth and Income Fund,4,0,0,0.016643865467440545,1.0514291918152103
S000040817,WisdomTree U.S. SmallCap Quality Dividend Growth Fund,4,0,0,0.03836718507066526,1.0166897197902387
S000054854,Hartford Schroders Emerging Markets Multi-Sector Bond Fund,4,0,0,0.02480166252984882,1.0251081045969883
S000081966,Nationwide Fundamental All Cap Equity Portfolio,2,0,0,0.027835468785875214,1.0221312119644836
S000007915,Transamerica T. Rowe Price Small Cap VP,4,0,0,0.04034198314750657,1.0138214580201592
S000021247,SPDR(R) S&P(R) EMERGING MARKETS SMALL CAP ETF,4,0,0,0.15705506953567144,1.0699822848033127
S000036913,Transamerica Small Cap Value,4,0,0,0.006883848865352284,1.0134134391177747
S000064960,JNL/DFA International Core Equity Fund,4,0,0,0.053259321856748136,1.0439451904045012
S000020422,U.S. Sustainability Core 1 Portfolio,4,0,0,0.017260215279546135,1.0211489522572852
S000020661,Madison Moderate Allocation Fund,4,0,0,0.18104637826041417,1.0177182998921939
S000053585,Victory RS Small Cap Growth Equity VIP Series,1,0,0,0.029925412282340542,1.0248560754749119
S000075353,Pacer BlueStar Digital Entertainment ETF,3,0,0,0.04729832732674158,0.9407364326236936
S000004350,iShares Biotechnology ETF,4,0,0,0.13120715496882188,0.9493265026848218
S000007735,VIP Value Strategies Portfolio,4,0,0,0.08295835483952123,1.0222398773787986
S000010459,Voya Balanced Income Portfolio,4,0,0,0.006594991505684234,1.0348983080318206
S000010464,Janus Henderson Balanced Fund,4,0,0,0.000501424299033512,1.0200855224886476
S000066812,T. Rowe Price China Evolution Equity Fund,4,0,0,0.023096000600349928,1.0547467759603228
S000075767,Direxion Daily Electric and Autonomous Vehicles Bull 2X Shares,1,0,0,0.12645934346293256,1.0568304377185889
S000077259,Aztlan Global Stock Selection Sm Smid ETF,3,0,0,0.025389742386176636,1.0320284697508897
S000001428,THRIVENT LARGE CAP VALUE PORTFOLIO,3,0,0,0.008364362718443184,1.033344911427579
S000002470,MFS Utilities Fund,2,0,0,0.017186698540059088,1.0217755443886096
S000006182,GuideMark Large Cap Core Fund,4,0,0,0.04506042958843863,1.001710457972263
S000023605,Fidelity Series Emerging Markets Opportunities Fund,4,0,0,0.011695491067605502,1.049377249879511
S000027370,Invesco CEF Income Composite ETF,4,0,0,0.04089962197513273,1.025227812647146
S000055466,Pacer US Cash Cows 100 ETF,3,0,0,0.017427878502049788,1.0098801829733417
S000059218,VANGUARD GLOBAL WELLESLEY INCOME FUND,1,0,0,0.007694445730549182,1.074236593523594
S000060831,Invesco BulletShares 2027 Corporate Bond ETF,4,0,0,0.11305253354696143,1.0242430782394882
S000066987,AAM Low Duration Preferred and Income Securities ETF,4,0,0,0.06185979649669072,1.0217759888944284
S000071688,Goldman Sachs Future Planet Equity ETF,1,0,0,0.0,
S000001623,NexPoint Climate Tech Fund,1,0,0,0.011681827382853692,1.0806706551025298
S000005329,Fidelity Advisor Health Care Fund,4,0,0,0.04935080988990969,1.0006344806253067
S000006414,The Materials Select Sector SPDR Fund,4,0,0,0.04645043298453162,1.0197605132605951
S000006510,Loomis Sayles Small Cap Core Portfolio,4,0,0,0.0613638217324507,1.022095172184291
S000037153,VanEck Emerging Markets Bond Fund,1,0,0,0.021731906506356882,1.0473230410892704
S000062639,EQ/American Century Mid Cap Value Portfolio,4,0,0,0.012955606983943197,1.02050341859381
S000080690,VictoryShares Small Cap Free Cash Flow ETF,4,0,0,0.0727871706690048,1.0271079060849309
S000011480,MML Global Fund,4,0,0,0.03173731485190484,1.0218201518221648
S000019790,BNY Mellon Developed Markets Real Estate Securities Fund,4,0,0,0.04384022756411061,1.021475751600256
S000033639,Fidelity Real Estate Index Fund,4,0,0,0.009406931994400236,1.0141605275740075
S000071092,VanEck Social Sentiment ETF,4,0,0,0.21376042518985217,0.9439698891717292
S000001917,Opportunistic Small Cap Portfolio,4,0,0,0.18665679338427024,0.9913338124192844
S000007853,Kinetics Paradigm Portfolio,4,0,0,0.03653147625082383,0.9417808219178082
S000027881,Invesco V.I. American Value Fund,4,0,0,0.1329353784124951,1.0211369855269672
S000041113,U.S. Large Cap Equity Portfolio,4,0,0,0.008305150594009329,1.0206476441539667
S000048521,Xtrackers Russell US Multifactor ETF,3,0,0,0.0023861600332161343,1.022268219816103
S000062621,DWS ESG Core Equity Fund,4,0,0,0.012125319833160507,1.0287148652951887
S000065697,Fidelity Mid-Cap Stock K6 Fund,4,0,0,0.026581815779197247,1.0012404105107817
S000066938,Voya Global Income & Growth Fund,4,0,0,0.021599198722109032,1.0396673832944563
S000000214,Invesco EQV International Small Company Fund,4,0,0,0.04031329704900139,1.044756682303565
S000002794,JPMorgan Small Cap Equity Fund,4,0,0,0.0357407418790179,1.02228814095166
S000003160,PRAXIS IMPACT BOND FUND,4,0,0,0.009772955939440935,1.0146651135804667
S000007021,Fidelity Fund,2,0,0,0.009589589783952928,0.9942367344631121
S000019898,iShares MSCI Kokusai ETF,4,0,0,0.005754145901355678,1.043042972500266
S000036925,Bond Market Index Account,4,0,0,0.006353396445823881,1.0284000009677103
S000045103,iShares Core MSCI Pacific ETF,4,0,0,0.01328719617157909,1.0928302822578406
S000055282,Lord Abbett Ultra Short Bond Fund,4,0,0,0.00031091656500497293,1.0149550457031131
S000055762,PGIM Jennison Small-Cap Core Equity Fund,4,0,0,0.029808717134340582,0.9292255865202684
S000056105,Destinations Real Assets Fund,3,0,0,0.015212489890149774,1.029692659988448
S000060795,Invesco S&P Midcap 400 Pure Growth ETF,4,0,0,0.1671183220596368,1.0212923465625392
S000086268,iShares A.I. Innovation and Tech Active ETF,4,0,0,0.08525531541875693,0.9500579744081006
S000001386,Virtus KAR Global Quality Dividend Fund,1,0,0,0.029804490399672923,1.0501355122141265
S000003030,Invesco Next Gen Connectivity ETF,4,0,0,0.05959824279499519,1.0266013507783407
S000006887,Franklin Natural Resources Fund,4,0,0,0.04126799989008741,1.0211123839106695
S000012923,Victory Sustainable World Fund,4,0,0,0.0056243644045082235,1.0312400330500513
S000045163,Capital Income Builder,4,0,0,0.010921866587669481,0.9377728287881332
S000069820,International Opportunities Fund,4,0,0,0.11181605506172186,1.0500174819415438
S000086505,Dimensional World ex U.S. Sustainability Targeted Value Portfolio,4,0,0,0.10171692878314297,1.0389149804433817
S000006606,International Opportunities Fund,4,0,0,0.06332623034769828,1.0506267195098624
S000007486,Select Biotechnology Portfolio,4,0,0,0.050437855836494454,1.0078564481814842
S000008780,SA International Value Fund,4,0,0,0.15071663200230603,1.0394696345840726
S000012388,WisdomTree International Equity Fund,4,0,0,0.017865679344436492,1.054184357755264
S000019999,Conservative Allocation Fund,4,0,0,0.13004773296205807,1.0129865011723473
S000040492,CVT Volatility Managed Moderate Portfolio,3,0,0,0.12305342362545432,0.9901931847101171
S000053483,WisdomTree U.S. High Yield Corporate Bond Fund,4,0,0,0.13124643985159926,1.0290295618558762
S000066463,Avantis International Equity Fund,4,0,0,0.12050873828210942,1.0435681233858867
S000005781,Small Cap Value Fund,4,0,0,0.011430383555812674,0.9843891780759588
S000011515,BNY Mellon Small Cap Growth Fund,1,0,0,0.11935967829445109,1.0094381091263462
S000022757,Direxion Daily MSCI India Bull 2X Shares,2,0,0,0.3206822811010274,1.021390324486972
S000078063,Hartford Disciplined US Equity ETF,4,0,0,0.012293057780149212,1.0150513058147417
S000001155,MEDIUM-DURATION BOND FUND,4,0,0,0.12132146984287674,1.0181594108490832
S000060088,iShares U.S. Fixed Income Balanced Risk Systematic ETF,4,0,0,0.0829133131041316,1.0395805282803223
S000062926,Cambria Trinity ETF,4,0,0,0.1134251749257236,1.0113347631009038
S000071853,First Trust S-Network Streaming & Gaming ETF,4,0,0,0.03424546005135537,1.006901787925123
S000003725,Utilities Fund,1,0,0,0.018393144069401266,1.0083842526154052
S000004336,iShares Russell Mid-Cap Growth ETF,4,0,0,0.04434107473426948,0.9784322296969474
S000031838,iShares MSCI USA Min Vol Factor ETF,4,0,0,0.003609598051005134,1.0050218878555164
S000034848,Wilmington Real Asset Fund,4,0,0,0.04083922298341846,1.0140759554217724
S000051993,Fidelity SAI Real Estate Index Fund,4,0,0,0.011110853154308424,1.0140750880451794
S000059091,Schwab 1000 Index ETF,4,0,0,0.00034801184856526993,1.024898302981187
S000062653,EQ/Wellington Energy Portfolio,4,0,0,0.045817107202902566,1.0203252032520325
S000069306,Avantis Short-Term Fixed Income ETF,4,0,0,0.007417470998116936,1.0193508286606823
S000076658,Touchstone ETF Trust-Touchstone Strategic Income ETF,4,0,0,0.013413826444090398,1.0246583100892
S000087906,Large-Cap Plus Bond Alpha Portfolio,4,0,0,0.019973259060819343,1.0192115124126249
S000003031,Invesco Pharmaceuticals ETF,4,0,0,0.1631468472322393,1.0216581472830035
S000003713,Electronics Fund,2,0,0,0.040667725544127016,0.9260675667824126
S000005468,DWS Global Small Cap Fund,4,0,0,0.02938648922977868,0.9734019981217146
S000007758,VIP Financials Portfolio,4,0,0,0.05060056019697362,0.9865447610663968
S000008791,Growth Fund,4,0,0,0.0026652106073255565,0.9219276513146477
S000012109,Invesco NASDAQ Internet ETF,3,0,0,0.05259456118206261,1.021291277288371
S000013695,iShares 3-7 Year Treasury Bond ETF,2,0,0,0.006229424758796251,1.026618135022016
S000022883,Victory Target Retirement Income Fund,4,0,0,0.0010562091321802,1.021003347843798
S000027808,Invesco Equity and Income Fund,4,0,0,0.02586471625134692,1.0285993470689325
S000048292,Goldman Sachs ActiveBeta(R) Emerging Markets Equity ETF,4,0,0,0.00808573870309683,1.0607719844171124
S000048686,Pacer Trendpilot 100 ETF,3,0,0,0.019541818810077924,0.9958058114652781
S000063057,Innovator IBD(R) Breakout Opportunities ETF,3,0,0,0.24087067705608875,1.017518448298919
S000001985,AST International Equity Portfolio,4,0,0,0.022300831656769146,0.911151566104728
S000002767,JPMorgan Small Cap Blend Fund,4,0,0,0.050766580606580784,1.0224463221043882
S000003032,Invesco Semiconductors ETF,4,0,0,0.11293656819607502,1.020494062694364
S000011489,MML Mid Cap Growth Fund,4,0,0,0.08463137714055408,1.0182644142783701
S000012390,WisdomTree U.S. High Dividend Fund,4,0,0,0.03315046484048729,1.0074126470720988
S000014548,DFA International Real Estate Securities Portfolio,4,0,0,0.08422110382255671,1.052379737570803
S000034409,VanEck Pharmaceutical ETF,4,0,0,0.138256609573347,0.9960024836879945
S000058487,JNL/ClearBridge Large Cap Growth Fund,2,0,0,0.006560168364534737,1.0058338362502515
S000064961,JNL/RAFI Multi-Factor U.S. Equity Fund,4,0,0,0.00696574216506312,1.0010262232595886
S000005410,NVIT Mid Cap Index Fund,4,0,0,0.1956134219242732,1.022109534032749
S000006970,Fidelity Equity Dividend Income Fund,4,0,0,0.039138932153327886,1.0035722457081475
S000049169,Calvert U.S. Large Cap Value Responsible Index Fund,4,0,0,0.006005280618535375,1.0196611095579755
S000007839,Neuberger Berman Small Cap Growth Fund,4,0,0,0.0733170769914606,1.022157843852649
S000008793,New World Fund,4,0,0,0.0025505528417839834,0.9528903342788846
S000012324,SPDR(R) S&P(R) Transportation ETF,4,0,0,0.26906965125700066,1.006165344549137
S000042512,1290 VT SmartBeta Equity ESG Portfolio,4,0,0,0.015045984710826014,1.0449487866431713
S000075155,Dimensional International High Profitability ETF,4,0,0,0.04476086882040799,1.0323895641549095
S000022173,Invesco Summit Fund,3,0,0,0.017083870360480716,1.0204568530714526
S000023741,Empower S&P Small Cap 600 Index Fund,4,0,0,0.0330842409119339,1.0242754341235152
S000034516,Direxion Daily Junior Gold Miners Index Bull 2X Shares,3,0,0,0.14339149748890898,1.0218464217786976
S000037700,GuidePath Flexible Income Allocation Fund,4,0,0,0.1477660207792883,1.0139286807596404
S000055179,Virtus Newfleet Low Duration Core Plus Bond Fund,4,0,0,0.005621065476393844,1.026694230182304
S000069304,Avantis Core Fixed Income ETF,4,0,0,0.010253180819276743,1.0189895209090267
S000074250,Capital Group Global Growth Equity ETF,2,0,0,0.0014315939556584951,0.9180568079350766
S000000182,Invesco V.I. EQV International Equity Fund,3,0,0,0.025414813389905876,1.0288260602781292
S000002090,T. Rowe Price Extended Equity Market Index Fund,4,0,0,0.07632281655067316,0.9609205982106155
S000002855,VANGUARD INSTITUTIONAL TOTAL STOCK MARKET INDEX FUND,4,0,0,0.0010992242680753668,0.9241248121468535
S000003218,HARTFORD ULTRASHORT BOND HLS FUND,3,0,0,0.006377581703692494,1.0311883527228873
S000005322,Fidelity Advisor Technology Fund,2,0,0,0.00010534734404938033,1.036560092449923
S000006265,DWS Global Income Builder VIP,4,0,0,0.045050930633270994,1.0240465214575163
S000007747,VIP Industrials Portfolio,3,0,0,0.030899469041869927,1.0005573931101968
S000008228,Equity Income Trust,4,0,0,0.01754592890767891,1.0266115024793547
S000026005,Small-Cap Growth Portfolio,4,0,0,0.06664829454375344,1.0204183840234833
S000026039,PD Aggregate Bond Index Portfolio,4,0,0,0.0013391610871216692,1.0189500867878691
S000063035,Franklin FTSE Latin America ETF,1,0,0,0.0012181354222276584,1.0945708237537015
S000068109,JNL/Lord Abbett Short Duration Income Fund,4,0,0,0.001538307602749463,1.018645010252313
S000087904,Bond Plus Portfolio,4,0,0,0.014486815098298926,1.0193320967987272
S000001420,THRIVENT MID CAP STOCK PORTFOLIO,1,0,0,0.004392277121644429,1.0571246210307963
S000007485,Select Telecommunications Portfolio,4,0,0,0.1511881382410807,1.0163616603387533
S000020660,Madison Conservative Allocation Fund,4,0,0,0.11471068527575055,1.0211059369083273
S000045345,WisdomTree Europe Quality Dividend Growth Fund,4,0,0,0.006095466569451748,1.0407325634139735
S000057175,Direxion Daily MSCI Mexico Bull 3X Shares,3,0,0,0.26211004193411097,1.0212201305268782
S000063075,VANGUARD ESG U.S. STOCK ETF,4,0,0,0.0008026470255529137,1.0218385063758957
S000064014,Ocean Park Tactical Municipal Fund ,3,0,0,0.08075137607962803,1.0179201859432259
S000064872,JPMORGAN BETABUILDERS U.S. EQUITY ETF,4,0,0,0.0005581865816574859,1.0208221223548883
S000020651,Madison Mid Cap Fund,4,0,0,0.022107582388555258,1.0058198380566803
S000022579,The Emerging Markets Portfolio,4,0,0,0.001441607612565171,1.0663499432155028
S000069815,U.S. Socially Responsible Fund,4,0,0,0.008363305591562417,1.0213174684746447
S000006206, Heritage Fund,4,0,0,0.00411084840122615,1.0200161581488472
S000006154,M Large Cap Growth Fund,3,0,0,0.004743177072474298,1.0210892171055004
S000017328,SPDR(R) Portfolio Intermediate Term Treasury ETF,4,0,0,0.08197087158392605,1.034464896137038
S000000368,BNY Mellon Short-Term U.S. Government Securities Fund,1,0,0,0.030334336997460746,1.0230156857062693
S000001919,Growth and Income Portfolio,4,0,0,0.022777514596436656,0.9905206841351948
S000001723,JNL/William Blair International Leaders Fund,2,0,0,0.013309245339534134,1.0175470332850942
S000007996,International Government Bond Fund,4,0,0,0.10089376302454381,1.0384242841611335
S000001591,Sustainable Aware Equity Fund,3,0,0,0.04884608620855208,
S000001048,Small Company Value Portfolio,4,0,0,0.011754942425189211,
S000009106,Federated Hermes Corporate Bond Fund,4,0,0,,
S000001047,Small Company Growth Portfolio,4,0,0,0.01555295422637334,
S000049577,GreenFi Redwood Fund,4,0,0,,
S000010422,Credit Suisse Commodity Return Strategy Fund,2,0,0,0.0014161845331704115,1.0195964864839657
S000066948,AdvisorShares Pure US Cannabis ETF,3,0,0,0.00035199583849407134,0.968307042253521
S000077513,Global Listed Infrastructure Fund,3,0,0,0.014829217011442143,1.03632826058154
S000029853,The U.S. Corporate Fixed Income Securities Portfolio,1,0,0,0.007277401843530073,1.021346178419371
S000080441,BlackRock U.S. Insights Long/Short Equity Fund,1,0,0,0.001258708778794046,4.04666537929913
S000042224,Touchstone Funds Group Trust-Touchstone Ares Credit Opportunities Fund,3,0,0,0.06577134244733938,1.0207790466316882
S000018635,Nationwide Destination 2030 Fund,3,0,0,0.020046867367974272,1.0370132499291616
S000017696,First Trust Consumer Discretionary AlphaDEX Fund,3,0,0,0.03857713785332837,1.0220596329257317
S000033621,Columbia Acorn European Fund,1,0,0,0.004370766611308324,1.0706596675279512
S000048066,Goldman Sachs Global Managed Beta Fund,3,0,0,0.0010260948954036965,1.02015948617069
S000009337,Goldman Sachs China Equity Fund,1,0,0,0.0024851815245450944,1.0512996263913963
S000053000,Protective Life Dynamic Allocation Series - Growth Portfolio,3,0,0,0.024987341019405723,1.0205381585097149
S000009185,Columbia Acorn International,1,0,0,0.03115644427283124,1.0567494306889373
S000018638,Nationwide Destination 2045 Fund,3,0,0,0.01976588532234514,1.0207774770113582
S000007276,Lord Abbett Convertible Fund,1,0,0,0.0025083732696866375,1.0235120026307136
S000051152,The Real Estate Select Sector SPDR Fund,2,0,0,0.006872229164883808,1.0357815442561207
S000056167,Touchstone Funds Group Trust-Touchstone High Yield Fund,3,0,0,0.06733583837765234,1.020658048076555
S000049489,PGIM Real Estate Income Fund,2,0,0,0.028907493664758723,0.9952206290539356
S000061746,"Direxion Daily Robotics, Artificial Intelligence & Automation Index Bull 2x Shares",1,0,0,0.0005205802174975269,1.0226825290736519
S000032778,BlackRock LifePath Index 2030 Fund,3,0,0,0.0013841498478330873,1.0151923406024301
S000001742,JNL/JPMorgan U.S. Government & Quality Bond Fund,3,0,0,0.005217595587475349,1.0192656165476324
S000002673,MFS Growth Series,1,0,0,6.828938212515717e-05,1.0458839406207827
S000009010,Deutsche DWS Equity 500 Index Portfolio,3,0,0,0.0007320418196178198,1.0191297101089662
S000051865,International Strategic Equities Portfolio,3,0,0,0.0070874359509736935,1.0486809051209036
S000072426,GMO Emerging Markets ex-China Fund,3,0,0,0.003660593304100419,1.037037570804551
S000077441,John Hancock U.S. High Dividend ETF,3,0,0,0.005990244405055522,1.0205919788066038
S000080688,VictoryShares Free Cash Flow ETF,1,0,0,0.007154874813339111,1.0200001663330849
S000094339,WarCap Unconstrained Equity ETF,3,0,0,,
S000026598,Touchstone Funds Group Trust-Touchstone Mid Cap Value Fund,2,0,0,0.023672336303560356,1.022051218408726
S000009909,AMG River Road Large Cap Value Select Fund,2,0,0,0.03485320330215348,1.0265233271501502
S000002658,MFS Emerging Markets Equity Portfolio,2,0,0,0.005456067339921469,1.0273972602739727
S000006181,Putnam International Equity Fund,1,0,0,0.004005996313608292,1.0228933268387725
S000090403,JPMorgan U.S. Research Enhanced Large Cap ETF,2,0,0,0.000664752175020621,1.0200381679389314
S000009321,Goldman Sachs Mid Cap Growth Fund,1,0,0,0.0005102293625302776,7.449021426896384
S000059315,JPMorgan U.S. Quality Factor ETF,2,0,0,0.0030516053896982873,1.020287339259825
S000068402,JPMorgan Equity Premium Income ETF,1,0,0,0.00034922497655381283,1.0234403202082818
S000080070,Aristotle Portfolio Optimization Growth Fund,2,0,0,0.12283533094373515,1.0203710295827373
S000007300,Growth and Income Portfolio,1,0,0,0.0005531480902097979,1.020040369088812
S000064618,Invesco Discovery Fund,2,0,0,0.032323200924960625,1.0211833968965742
S000080066,Aristotle Value Equity Fund,2,0,0,0.0368713203307861,1.0204251596895728
S000008013,Government Securities Fund,2,0,0,0.04447502698164844,1.0200392815790285
S000082277,Amplify Travel Tech ETF,1,0,0,0.03978413071096141,0.925226586102719
S000037003,Fidelity Inflation-Protected Bond Index Fund,1,0,0,0.010926663360604962,1.0135194189360226
S000080528,JPMorgan Healthcare Leaders ETF,1,0,0,0.006104654902273089,1.0500376283106252
S000000289,Nuveen High Yield Municipal Bond Fund,1,0,0,7.97856683222648e-07,1.0238623481781377
S000001005,THE UNITED KINGDOM SMALL COMPANY SERIES,4,0,0,0.025078858854571045,1.0555473497709573
S000003154,DIAMOND HILL SMALL CAP FUND,4,0,0,0.2942468324275537,1.0052538211241493
S000004427,Small-Cap Value Fund,4,0,0,0.1364620171734081,0.9999295597243895
S000008354,Growth Fund,4,0,0,0.009332421419314795,1.0059329647053707
S000012322,SPDR(R) S&P(R) Retail ETF,4,0,0,0.18887332416303204,1.012552534678469
S000069432,Dimensional US Core Equity Market ETF,4,0,0,0.026832371507890154,1.0238855700471088
S000007909,Transamerica AEGON High Yield Bond VP,4,0,0,0.10596875706926548,1.0166041807738893
S000007925,Transamerica Small/Mid Cap Value VP,4,0,0,0.02758094066673974,1.0205859636508008
S000002979,UBS GLOBAL ALLOCATION FUND,4,0,0,0.04706679201855608,1.0086740272720014
S000006387,TIFF Multi-Asset Fund,4,0,0,0.03991302685042935,1.031539120734683
S000033638,Fidelity Small Cap Index Fund,4,0,0,0.10901143417225868,1.0004328362014767
S000041918,AMG Veritas Global Real Return Fund,4,0,0,0.07849829203431273,1.01839813070739
S000048346,SPDR MSCI USA StrategicFactors ETF,4,0,0,0.0020673858335741703,0.993380423878383
S000003883,Putnam VT Small Cap Growth Fund,4,0,0,0.04201375467972365,1.018999720077789
S000006839,Franklin Gold And Precious Metals Fund,4,0,0,0.0017844784330563893,1.0487243925149654
S000007195,Fidelity Blue Chip Growth Fund,4,0,0,0.004923209279544249,0.9804375977032271
S000010490,Janus Henderson Enterprise Fund,3,0,0,0.0009236415127893709,1.02044922447449
S000014608,Nuveen Large Cap Value Opportunities Fund,2,0,0,0.021659577425145175,1.0381163679911596
S000025365,AZL Fidelity Institutional Asset Management Multi-Strategy Fund,4,0,0,0.00403328149874618,1.0247063002696224
S000025440,VOYA RUSSELLTM MID CAP GROWTH INDEX PORTFOLIO,4,0,0,0.031342773027204826,0.9597686124935404
S000028709,iShares MSCI USA Equal Weighted ETF,4,0,0,0.018964754419520665,0.9849540714666022
S000031837,iShares MSCI EAFE Min Vol Factor ETF,4,0,0,0.004449393969688462,1.034506900010644
S000042522,Payden Emerging Markets Corporate Bond Fund,4,0,0,0.018870226775666146,1.0280340635142238
S000061996,JPMorgan BetaBuilders MSCI US REIT ETF,4,0,0,0.011612059533507345,1.0228446730123237
S000070974,Invesco International Developed Dynamic Multifactor ETF,4,0,0,0.06232086736222407,1.0539972102387503
S000083851,WisdomTree Bianco Total Return Fund,4,0,0,0.28348403931296245,1.019634413221667
S000002671,MFS Utilities Series,1,0,0,0.0007912530268952623,1.0298640561455032
S000002885,BlackRock Capital Appreciation V.I. Fund,2,0,0,0.01887303140313959,1.0859067642128124
S000030092,Strategic Advisers Emerging Markets Fund,4,0,0,0.01798212009614113,1.0209438800452668
S000035209,Ocean Park Tactical Core Income Fund,4,0,0,0.12099474633447133,1.0129633092054844
S000069440,Fidelity SAI Low Duration Bond Fund,1,0,0,0.03026975589390524,1.0356027482823236
S000086573,VanEck Fabless Semiconductor ETF,4,0,0,0.07717237428412066,0.9339952340423926
S000002639,MFS Massachusetts Investors Growth Stock Portfolio,1,0,0,0.007587740056376529,1.0079475211303142
S000003693,NASDAQ-100 Fund,3,0,0,0.002541935454264317,1.0004647635821042
S000021221,VOYA U.S. BOND INDEX PORTFOLIO,4,0,0,0.09587816437884505,1.0298947326144967
S000027840,Invesco Value Opportunities Fund,4,0,0,0.04223709743142727,1.0217206026283217
S000033635,Fidelity Emerging Markets Index Fund,4,0,0,0.011460302779259964,1.0562823872099574
S000039949,Carillon ClariVest International Stock Fund,4,0,0,0.02708518136082067,1.0110294117647058
S000042354,iShares 0-5 Year Investment Grade Corporate Bond ETF,4,0,0,0.0532769429229959,1.0326966478149564
S000065699,Fidelity International Discovery K6 Fund,4,0,0,0.0024165485786610116,1.0350109784421742
S000001818,American Beacon Small Cap Value Fund,4,0,0,0.02564099972263951,1.0114521988502945
S000004995,Nationwide Bond Index Fund,4,0,0,0.060763113612624466,1.021100641136839
S000005388,Nuveen Large Cap Value Index Fund,4,0,0,0.0152465487358816,0.9989002117336856
S000006983,SPDR(R) Portfolio S&P 500 ETF,4,0,0,0.002887626154629538,1.0165781369618594
S000009199,International Investors Gold Fund,4,0,0,0.08466897047533573,0.9768813130038372
S000015505,WisdomTree U.S. LargeCap Fund,4,0,0,0.01849609360124523,0.9844390331614433
S000018718,ProShares Ultra Nasdaq Biotechnology,4,0,0,0.030566279844999072,1.0310943392003797
S000033466,VanEck BDC Income ETF,4,0,0,0.2746537932184738,1.0177032871276193
S000056147,American Beacon ARK Transformational Innovation Fund,4,0,0,0.08574955139103703,1.0144042690528456
S000001268,International Equity Index Fund,4,0,0,0.008419743616099066,1.0571911273753387
S000006151,M International Equity Fund,4,0,0,0.04913760797120908,1.0515727948806188
S000012196,Nuveen High Yield Fund,4,0,0,0.04821160903201028,1.031558671787008
S000003589,THE HARTFORD MIDCAP VALUE FUND,4,0,0,0.008828371421620506,1.0044642857142858
S000004062,Calamos Market Neutral Income Fund,4,0,0,0.02409153089086173,1.0091165460257538
S000069449,Invesco NASDAQ Next Gen 100 ETF,4,0,0,0.21797609655566846,0.9353223871099442
S000080204,Lord Abbett Investment Grade Floating Rate Fund,3,0,0,0.0012691368150153858,1.0145341303171498
S000012824,VOYA LARGE CAP VALUE PORTFOLIO,1,0,0,0.003369562722358523,1.0393096826535762
S000026047,Small-Cap Index Portfolio,4,0,0,0.08765846784279402,1.0241168176493296
S000049908,VictoryShares US Small Cap High Div Volatility Wtd ETF,4,0,0,0.043936450504889146,1.032465281380892
S000069363,Invesco BulletShares 2030 Corporate Bond ETF,4,0,0,0.12333286605277585,1.0246649179240819
S000077288,Invesco NASDAQ Future Gen 200 ETF,4,0,0,0.3034710922526706,0.9764022380401485
S000006754,Franklin Dynatech Fund,3,0,0,0.0020024955958125945,1.0211530582989208
S000007721,VIP Value Portfolio,4,0,0,0.060493522008819633,1.0251715759918119
S000011250,Invesco Select Risk: Moderately Conservative Investor Fund,3,0,0,0.05746655747431888,1.020857728075025
S000012705,Franklin Managed Income Fund,2,0,0,0.0026038100950183532,1.0227514662548343
S000016772,iShares iBoxx $ High Yield Corporate Bond ETF,4,0,0,0.19925752252402346,1.038413880287905
S000020976,Dunham Corporate/Government Bond Fund,4,0,0,0.025818551245391973,1.0196907312504406
S000021461,iShares MSCI ACWI ETF,4,0,0,0.009225154626384199,1.0558510955561866
S000027851,Invesco Corporate Bond Fund,4,0,0,0.1294176515670107,1.0265778508741694
S000051773,Lord Abbett Core Plus Bond Fund,4,0,0,0.006283575422600425,1.0076723642969372
S000075976,WisdomTree Emerging Markets ex-China Fund,4,0,0,0.02201030889207494,1.0479033104437783
S000003691,Nova Fund,2,0,0,0.0005811104274156198,1.0079301561313516
S000009335,Goldman Sachs Emerging Markets Equity Fund,4,0,0,0.006544470460889584,1.0132340777502067
S000012329,SPDR(R) S&P(R) Software & Services ETF,4,0,0,0.27682778495514027,1.0140050955261746
S000040206,Nuveen International Opportunities Fund,4,0,0,0.04359542872518593,1.050309309452507
S000057169,Direxion Daily Transportation Bull 3X Shares,3,0,0,0.024232270340310186,1.021685194260913
S000060925,Emerging Markets Sustainability Core 1 Portfolio,4,0,0,0.06589749686994292,1.0537333689991086
S000062648,EQ/Fidelity Institutional AM Large Cap Portfolio,4,0,0,0.011699819616582846,1.0242373504142974
S000070451,Main Thematic Innovation ETF,4,0,0,0.048139848083351325,1.0101016064328907
S000015479,WisdomTree U.S. Value Fund,4,0,0,0.027133597855573555,1.0276396684549787
S000029442,Global X Uranium ETF,3,0,0,0.13728847464335017,1.0347547888546544
S000042023,K2 Alternative Strategies Fund,4,0,0,0.01797206405351306,0.9981624742742844
S000060186,ALPS Disruptive Technologies ETF,4,0,0,0.1457511275175027,1.0389047527225042
S000013249,EQ/Franklin Small Cap Value Managed Volatility Portfolio,4,0,0,0.044752573409551334,1.0245422562345594
S000020207,AMG GW&K Small Cap Value Fund,4,0,0,0.20030133701029132,0.9873056396125856
S000050279,Nuveen International Responsible Equity Fund,4,0,0,0.023980695419887333,1.04694795954022
S000079043,WisdomTree VOYA Yield Enhanced USD Universal Bond Fund,4,0,0,0.03619582937340333,1.0329801675510575
S000010977,First Trust US Equity Opportunities ETF,4,0,0,0.04346067793327907,0.9790431979695063
S000034530,Invesco KBW Bank ETF,4,0,0,0.015086711161037636,1.0204269241313937
S000034533,Invesco KBW Regional Banking ETF,4,0,0,0.13165403736359627,1.0220985127027729
S000037885,AZL Fidelity Institutional Asset Management Total Bond Fund,4,0,0,0.009005701547553702,1.0234364463526942
S000058963,Carillon Scout Mid Cap Fund,3,0,0,0.029261442667912738,1.016811478962008
S000061714,VIP Total Market Index Portfolio,4,0,0,0.010026377244909993,0.992023678433209
S000007463,Select Consumer Staples Portfolio,4,0,0,0.027228970866631844,1.0017042098128839
S000012910,Victory Precious Metals and Minerals Fund,4,0,0,0.012078420211269944,1.0221060137865463
S000017177,First Trust Natural Gas ETF,4,0,0,0.043641980005740974,1.0276932893716002
S000018072,iShares MSCI Thailand ETF,4,0,0,0.07834445101039073,1.0642114848399795
S000028297,Invesco S&P SmallCap Energy ETF,4,0,0,0.3144663844716819,0.9902910632956041
S000064846,Nuveen ESG High Yield Corporate Bond ETF,4,0,0,0.03105169742925276,1.040628572726756
S000068115,JNL/T. Rowe Price Capital Appreciation Fund  ,4,0,0,0.021449787011885685,1.0130351384177574
S000069056,Global X Telemedicine & Digital Health ETF,2,0,0,0.04719489809643028,1.0355250770027142
S000073559,Dimensional Core Fixed Income ETF,4,0,0,0.02052900551659258,1.020900493620323
S000019356,iShares Global Infrastructure ETF,4,0,0,0.003175842239652721,1.0196351825307977
S000035884,iShares MSCI Global Energy Producers ETF,4,0,0,0.01907228814918033,1.0320785906390713
S000041444,iShares MSCI USA Quality Factor ETF,4,0,0,0.0039349212641028265,0.9934384064537995
S000061920,Amplify Lithium & Battery Technology ETF,4,0,0,0.08491710527862069,0.974025974025974
S000063520,iShares Self-Driving EV and Tech ETF,4,0,0,0.1724044444091613,1.0488560526310486
S000071838,Fidelity SAI High Income Fund,4,0,0,0.10484070672125229,1.0444365731453258
S000079413,Voya VACS Index Series MC Portfolio,4,0,0,0.017723582767746156,0.9836868119493866
S000000132,BNY Mellon Smallcap Stock Index Fund,2,0,0,0.1787315659011004,1.0307549098148259
S000029605,Nuveen Emerging Markets Equity Index Fund,4,0,0,0.008926186207586265,1.0603441748956284
S000051787,SPDR Russell 1000 Yield Focus ETF,4,0,0,0.011131001869168834,1.0067422155161247
S000012721,Neuberger Berman International Select Fund,4,0,0,0.06868305314425767,1.0367897395063348
S000054623,Nuveen Quant Small/Mid Cap Equity Fund,4,0,0,0.0238551831801603,0.9870971984473014
S000082802,State Street Balanced Index Fund,4,0,0,0.006641583528378641,0.9986530371032378
S000000130,BNY Mellon International Stock Index Fund,4,0,0,0.009252763844251598,1.044501223846766
S000000983,INTERNATIONAL CORE EQUITY 2 PORTFOLIO,4,0,0,0.06302436725900193,1.0492793092690267
S000023793,Brighthouse/Dimensional International Small Company Portfolio,4,0,0,0.20578383107015935,1.0566493481601567
S000036382,JNL/Neuberger Berman Strategic Income Fund,4,0,0,,
S000001106,Boston Partners All-Cap Value Fund,4,0,0,0.07842553261181569,1.0089150743575792
S000003756,NASDAQ-100 Fund,2,0,0,0.0019161313068503964,1.0004647635821042
S000004343,iShares Russell 2000 Growth ETF,4,0,0,0.13514526321436984,1.0121332604478297
S000007142,Lord Abbett Micro-Cap Growth Fund,4,0,0,0.12010110610786558,1.024127674111192
S000007200,Fidelity Leveraged Company Stock Fund,4,0,0,0.026562397449757406,0.9738523434498487
S000026751,PIMCO Enhanced Short Maturity Active Exchange-Traded Fund,3,0,0,0.00011094810534768756,1.0297496162309954
S000042855,2050 Lifetime Blend Portfolio,3,0,0,0.043344732858892634,1.0213081974269784
S000048957,PIMCO RAE US Small Fund,4,0,0,0.03676766900170067,1.0231726903399883
S000060811,Invesco S&P 500 Equal Weight Energy ETF,3,0,0,0.014342346611967826,1.0201795333195554
S000061316,First Trust Nasdaq Artificial Intelligence and Robotics ETF,4,0,0,0.08542668265028001,0.9541034911252173
S000062811,Fidelity Series Government Bond Index Fund,2,0,0,0.006910605226294597,1.0214554062108623
S000067899,ICON CONSUMER SELECT,1,0,0,,
S000076848,Horizon Kinetics Blockchain Development ETF,4,0,0,0.06387632959272829,0.9381318342238326
S000088658,U.S. Small and Mid Cap Equity Fund,4,0,0,0.015053394087626598,0.9184953343644721
S000000160,Invesco Technology Fund,3,0,0,0.03784553635300942,1.0201741063277279
S000005119,Fidelity Advisor Dividend Growth Fund,1,0,0,0.012735646318227257,1.0425951183842825
S000008316,Small Company Value Trust,4,0,0,0.02262028464810589,1.02456660073974
S000012221,S&P 500 Fund,2,0,0,0.0006694066429270629,1.0079183114812638
S000026652,iShares Core 10+ Year USD Bond ETF,4,0,0,0.009156075086716208,1.0346606093231432
S000029796,Putnam Core Equity Fund,4,0,0,0.029302788483612677,1.021641037417675
S000050372,iShares Total U.S. Stock Market Index Fund,4,0,0,0.039498369157178186,1.0170580836111702
S000057223,PIMCO RAFI Dynamic Multi-Factor Emerging Markets Equity ETF,4,0,0,3.678523195049444e-12,21420000.0
S000068345,THRIVENT MID CAP GROWTH PORTFOLIO,4,0,0,0.02253529022874948,0.9708989278066746
S000068374,Fidelity SAI International Momentum Index Fund,3,0,0,0.0008356979034838198,1.0174712790082752
S000003720,Retailing Fund,1,0,0,0.002557136828963692,1.0318396226415094
S000004516,PGIM High Yield Fund,4,0,0,0.07107741469302017,1.0092590525089435
S000005760,VY(R) T. ROWE PRICE EQUITY INCOME PORTFOLIO,2,0,0,0.008468066227165926,1.0351240812282354
S000007075,MidCap Fund,4,0,0,0.0035705012116793553,1.008747163190423
S000013499,iShares Preferred and Income Securities ETF,4,0,0,0.012408395197264093,0.9677577365767761
S000046156,Xtrackers MSCI Eurozone Hedged Equity ETF,4,0,0,0.008400159826024777,1.044822615392242
S000057734,Morningstar Global Opportunistic Equity Fund,4,0,0,0.2027716623390304,1.0176186233529463
S000000992,THE EMERGING MARKETS SERIES,4,0,0,0.06153260690294194,1.048040223244015
S000003836,MML Small Cap Equity Fund,4,0,0,0.1724133937765401,1.0174732724365685
S000004064,Calamos Global Opportunities Fund,4,0,0,0.0750360557801927,1.0142914147250957
S000018637,Nationwide Destination 2040 Fund,4,0,0,0.024764436511633278,1.0208671675453211
S000028330,MML Short-Duration Bond Fund,4,0,0,0.0280227993943283,1.0201825826006574
S000068126,JNL/Mellon Information Technology Sector Fund,4,0,0,0.006922554242186431,0.9230550469233847
S000071835,Nationwide Bond Portfolio,4,0,0,0.05281644841785275,1.021683028319945
S000083849,WisdomTree U.S. MidCap Quality Growth Fund,4,0,0,0.16288128159544943,0.9764370248774455
S000000952,Dimensional VA International Value Portfolio,4,0,0,0.05119589979566124,1.0413869266403202
S000022767,Direxion Daily S&P 500 Bull 3X Shares,3,0,0,0.001116018551094632,1.020872677762649
S000000092,BNY Mellon Active MidCap Fund,3,0,0,0.06944730079314262,1.0125543429747934
S000000950,DFA INTERNATIONAL SMALL CAP VALUE PORTFOLIO,4,0,0,0.06718185527735036,1.0532971438878835
S000066937,VOYA SMALL COMPANY FUND,4,0,0,0.05102231795589516,0.9948843328432599
S000083564,F/m 10-Year Investment Grade Corporate Bond ETF,4,0,0,0.06998421490041105,1.01846468329269
S000002136,"T. Rowe Price New Income Fund, Inc.",4,0,0,0.016049299199456652,1.0112961499489834
S000003726,Real Estate Fund,1,0,0,0.04032934424445832,1.0657029381184948
S000004632,PGIM Balanced Fund,4,0,0,0.014727372028466754,0.9786489368617777
S000008640,VOYA SMALLCAP OPPORTUNITIES PORTFOLIO,4,0,0,0.06837485569568451,0.9795547039551016
S000021034,NVIT NS Partners International Focused Growth Fund,1,0,0,0.0454161685741815,1.0505040218817234
S000039222,Fidelity Series Intrinsic Opportunities Fund,4,0,0,0.03054653185043128,1.0227343385223946
S000040204,iShares MSCI USA Size Factor ETF,4,0,0,0.021400933352965102,1.006937231405709
S000060816,Invesco S&P 500 Equal Weight Materials ETF,3,0,0,0.10882341115654794,1.0219795970855372
S000063005,American Century Focused Large Cap Value ETF,3,0,0,0.011927857483682674,1.0212222754108826
S000017701,First Trust Industrials/Producer Durables AlphaDEX Fund,3,0,0,0.009819875470851756,1.0155612596323378
S000021460,iShares MSCI ACWI ex U.S. ETF,4,0,0,0.006754092489739757,1.0449475387006393
S000053563,Victory RS Global Fund,4,0,0,0.009455681886377037,1.0202935187135735
S000061158,Amplify Transformational Data Sharing ETF,4,0,0,0.21502029901103745,0.9528087242025811
S000061302,VANGUARD U.S. MOMENTUM FACTOR ETF,4,0,0,0.026684190815743296,1.0551431537056453
S000063395,Invesco S&P 500 Equal Weight Communication Services ETF,4,0,0,0.14554580922578036,1.020226002995368
S000087955,SPDR SSGA My2034 Corporate Bond ETF,4,0,0,0.083250181104718,1.0185792721348281
S000003116,iShares MSCI EAFE International Index Fund,4,0,0,0.002927872268224931,1.022091931767515
S000003715,Energy Services Fund,1,0,0,0.016203716439181306,1.0303552808491216
S000004633,PGIM Jennison Growth Fund,4,0,0,0.011547857916645443,0.942426803829625
S000014259,ProShares Ultra SmallCap600,4,0,0,0.007935806515522914,1.0332020793584542
S000074466,WisdomTree Artificial Intelligence and Innovation Fund,4,0,0,0.05099152834717189,0.9328429753154429
S000000131,BNY Mellon S&P 500 Index Fund,4,0,0,0.010238008923649098,1.0107549175918853
S000005423,NVIT Strategic Income Fund,4,0,0,0.21740095401779094,1.0247108751187215
S000011097,CBRE Global Real Estate Portfolio,4,0,0,0.13692653033953697,1.0255535788301464
S000055043,DIAMOND HILL SHORT DURATION SECURITIZED BOND,4,0,0,0.01423590674621045,1.0278840088822045
S000068128,JNL Moderate ETF Allocation Fund,4,0,0,0.07913859372140979,1.0134908975712218
S000000342,BNY Mellon Balanced Opportunity Fund,4,0,0,0.05134735249552265,1.025725672037767
S000008311,Small Cap Index Trust,4,0,0,0.11312010531706622,1.0308100171120003
S000034456,AdvisorShares STAR Global Buy-Write ETF,4,0,0,0.2527825999911912,1.0192911256454311
S000054412,State Street International Developed Equity Index Portfolio,4,0,0,0.05377750403329534,1.0418660738552192
S000069433,Dimensional International Core Equity Market ETF,4,0,0,0.030187088419241673,1.0631583332520933
S000007455,Select Industrials Portfolio,2,0,0,0.013451572538339285,1.0198750810078911
S000021859,THRIVENT INTERNATIONAL EQUITY PORTFOLIO,4,0,0,0.01716655776307399,1.0460948718591612
S000027930,Toews Tactical Income Fund,4,0,0,0.09620857447063882,1.0200423254076934
S000036499,Strategic Equity Allocation Trust,4,0,0,0.00872546195746464,1.0423959932128743
S000045644,iShares Core Total USD Bond Market ETF,4,0,0,0.009508965487584663,0.9891393177889698
S000052911,Fidelity SAI U.S. Treasury Bond Index Fund,2,0,0,0.010562265075624735,1.0248558572335011
S000062647,EQ/PIMCO Total Return ESG Portfolio,1,0,0,0.0018426176871806203,1.0295415663334868
S000073697,VictoryShares Corporate Bond ETF,4,0,0,0.02792343105057029,1.0213546945076664
S000003584,THE HARTFORD INFLATION PLUS FUND,4,0,0,0.0017936494827774242,1.0312433083224999
S000003728,Russell 2000 1.5x Strategy Fund,2,0,0,0.1260283950592923,1.0010504653769419
S000005324,Fidelity Advisor Consumer Discretionary Fund,2,0,0,0.007542362081329235,0.9781475389001316
S000006894,NYLI MacKay Strategic Bond Fund,4,0,0,0.020703717089131275,1.0285590851603386
S000006952,Core Plus Bond Fund,4,0,0,0.021640344404545642,1.023851171557912
S000010488,Janus Henderson Venture Fund,4,0,0,0.021423386110052036,1.0210149732659433
S000012479,First Trust Dow Jones Internet Index Fund,4,0,0,0.0023140882778617438,0.994473026962779
S000013931,iShares ESG MSCI KLD 400 ETF,4,0,0,0.006384165324816792,1.0001191694282041
S000022433,Fidelity High Income Central Fund,4,0,0,0.07650654592430325,1.0319174116191756
S000024296,Diversified Income Fund,4,0,0,0.015924539989594113,1.03840883552589
S000026038,PD Small-Cap Growth Index Portfolio,4,0,0,0.045582939588909334,1.0225490377425983
S000026636,Schwab U.S. Small-Cap ETF,4,0,0,0.016389841778122284,1.031924747123061
S000032781,BlackRock LifePath Index 2045 Fund,2,0,0,0.002116727935884973,1.015372720709941
S000046401,Victory Integrity Discovery Fund,4,0,0,0.05093835982383285,1.029904352397848
S000047884,ProShares S&P MidCap 400 Dividend Aristocrats ETF,2,0,0,0.026986911171604948,1.0324412783981518
S000059263,AdvisorShares Vice ETF,4,0,0,0.13551737356987584,1.0139728313435992
S000076639,Dimensional US Sustainability Core 1 ETF,4,0,0,0.03311262651933605,1.02349918138902
S000088407,iShares LifePath Target Date 2070 ETF,4,0,0,0.045601167596124294,1.0097232675547243
S000001094,Boston Partners Small Cap Value Fund II,4,0,0,0.19801758783120843,1.022113267265164
S000003054,Invesco Large Cap Growth ETF,4,0,0,0.03143666969702457,1.019970744465664
S000011252,Commodity Return Strategy Portfolio,3,0,0,0.0027756077739020317,1.019125731552022
S000027100,Nuveen Flexible Income Fund,4,0,0,0.015995707957201052,1.0291414277926028
S000028554,iShares MSCI New Zealand ETF,4,0,0,0.03169747943597032,1.0454368665591864
S000030601,VOYA MULTI-MANAGER INTERNATIONAL EQUITY FUND,4,0,0,0.019279245093509614,1.0574647734166258
S000031152,DWS Short Duration Fund,4,0,0,0.01615691056093528,1.0263141723952256
S000032782,BlackRock LifePath Index 2050 Fund,2,0,0,0.015551952099972132,1.0111711508008323
S000073013,Invesco ESG Nasdaq 100 ETF,4,0,0,0.010268114141804766,1.0209096421356534
S000007326,Templeton Growth VIP Fund,4,0,0,0.05027784159096126,1.02067933829175
S000010412,AB Discovery Value Fund,4,0,0,0.14785790164200333,1.0241347096560132
S000040007,JNL/Mellon Utilities Sector Fund,3,0,0,0.00926068881714317,1.0059421196534981
S000075560,NYLI Winslow Large Cap Growth ETF,4,0,0,0.022288262375606882,1.0330265304856747
S000013251,EQ/Invesco Global Portfolio,4,0,0,0.024137567069045494,1.0240248889855632
S000004419,Aggressive Investors 1 Fund,4,0,0,0.039785614226187545,0.966884900292243
S000062055,Transamerica International Stock,4,0,0,0.02396813018659397,1.0511273138657815
S000079066,WisdomTree U.S. Quality Growth Fund,4,0,0,0.010877082121478757,0.9463753223726358
S000041917,AMG Boston Common Global Impact Fund,3,0,0,0.020488985842240532,1.0070769661915626
S000059607,Disciplined U.S. Value Equity Portfolio,2,0,0,0.02121485140215397,1.0047497259773475
S000089486,Genter Capital Dividend Income ETF,4,0,0,,
S000009741,Federated Hermes Short-Intermediate Total Return Bond Fund,4,0,0,0.0008570544306767646,1.0209211352096101
S000006542,LIVE OAK HEALTH SCIENCES FUND,3,0,0,0.22787489145022707,
S000084926,Strategic Advisers U.S. Total Stock Fund,4,0,0,0.013709454401815138,1.0083378309405884
S000088673,Indexperts Quality Earnings Focused ETF,4,0,0,,
S000009357,Goldman Sachs Variable Insurance Trust Large Cap Value Fund,1,0,0,0.00609431182275787,1.0709417559368724
S000018639,Nationwide Destination 2050 Fund,3,0,0,0.019744028479566102,1.0209404146668497
S000054851,Hartford Schroders US MidCap Opportunities Fund,3,0,0,0.022733983529849507,0.9821450344660081
S000006992,Diversified International Fund,3,0,0,0.003583001841217838,1.0050715652506697
S000007356,Franklin Small Cap Value Fund,2,0,0,0.00015835862801115148,1.0198944906589136
S000087818,Avantis U.S. Quality ETF,3,0,0,0.0021006450952190604,1.0103756114727
S000067901,ICON EQUITY INCOME FUND,1,0,0,0.024318618726042202,1.0325406758448061
S000024145,Multi-Manager Global Real Estate Fund,3,0,0,0.011457452522936574,1.0243632336655593
S000016026,Nasdaq-100 Index Fund,2,0,0,0.012571943400238254,1.018194838740749
S000018830,Fidelity Investment Grade Bond Central Fund,1,0,0,0.0023370753571863236,1.021517198052458
S000006821,ProShares Ultra S&P500,3,0,0,8.999040006441837e-05,1.0240209989441582
S000009358,Goldman Sachs Variable Insurance Trust Mid Cap Value Fund,2,0,0,0.007268093125246324,1.0201298591320072
S000000681,Harbor Capital Appreciation Fund,1,0,0,0.004499839457050555,1.0585326741320922
S000073441,First Trust SkyBridge Crypto Industry and Digital Economy ETF,3,0,0,0.15841547335838815,1.036804514679154
S000092375,iShares Defense Industrials Active ETF,3,0,0,0.0458117613061703,1.0398161468244886
S000005840,Touchstone Funds Group Trust-Touchstone Sands Capital Select Growth Fund,1,0,0,0.005670740833426845,1.0372714486638537
S000006853,Franklin Floating Rate Daily Access Fund,1,0,0,0.008241233030385051,1.0231506176905947
S000006998,Lord Abbett Dividend Growth Fund,1,0,0,0.0002614811794347224,1.0203340595497459
S000046902,First Trust International Equity Opportunities ETF,3,0,0,0.13723402383210856,1.0378415772772536
S000092348,Innovator Equity Managed 100 Buffer ETF,3,0,0,0.07104969258457872,1.010160532216396
S000004406,VANGUARD WELLINGTON FUND,3,0,0,0.00019587749490930067,1.076105903955318
S000008302,Disciplined Value International Trust,3,0,0,0.03234301312426965,1.0386867298049607
S000034946,MML Fundamental Equity Fund,3,0,0,0.009943800223758946,1.0166420614682592
S000031150,DWS Small Cap Growth Fund,3,0,0,0.028135844849467795,0.9451959764134582
S000006255,DWS CROCI(R) U.S. VIP,2,0,0,0.013664879999556876,1.0227193815704223
S000059313,JPMorgan U.S. Momentum Factor ETF,2,0,0,0.005556072737391189,1.022857491549801
S000064699,Invesco SteelPath MLP Alpha Fund,1,0,0,0.027179148146731134,1.0226976814314115
S000094562,Amplify SILJ Covered Call ETF,1,0,0,0.17273465340469998,1.0462721412070937
S000068346,THRIVENT MID CAP VALUE PORTFOLIO,2,0,0,0.01779919460468285,0.9883198562443846
S000002637,MFS International Growth Portfolio,1,0,0,0.0044980398685864394,1.053175775480059
S000090211,JPMorgan Nasdaq Hedged Equity Laddered Overlay ETF,2,0,0,0.0022394476414130896,1.0202589807852966
S000090751,NVIT Fidelity Institutional AM Worldwide Fund,2,0,0,0.029268866501630773,1.020462595585219
S000086192,Roundhill China Dragons ETF,2,0,0,0.10163584524364198,1.0038593193655136
S000037367,JPMorgan SmartRetirement Blend 2035 Fund,1,0,0,6.796720651962986e-05,1.0213174571061514
S000031805,First Trust Mid Cap Value AlphaDEX Fund,2,0,0,0.013207942119291794,1.0208968401870633
S000007315,Franklin Small Cap Value VIP Fund,1,0,0,9.452547005151569e-05,1.0215993303952462
S000071430,Goldman Sachs Future Tech Leaders Equity ETF,1,0,0,0.003930686875733554,1.0088889847960374
S000007848,Neuberger Berman Focus Fund,2,0,0,0.01419661489420665,1.023085825469276
S000008746,Templeton Foreign Fund,2,0,0,0.02720321037609455,1.0591561663411313
S000000161,Invesco Dividend Income Fund,1,0,0,0.0040066349522957095,1.0229554164442485
S000026035,Focused Growth Portfolio,1,0,0,0.016786202505343607,1.022891112513695
S000008745,Templeton World Fund,2,0,0,0.004406156872271064,1.0201024596303065
S000059499,Franklin FTSE United Kingdom ETF,1,0,0,0.0016704634273050566,1.0518152524232247
S000084257,WisdomTree 7-10 Year Laddered Treasury Fund,2,0,0,0.11787439110964183,1.01755190640489
S000042977,ARK Innovation ETF,2,0,0,0.08658946203287135,0.9546206578747618
S000034352,FlexShares iBoxx 5-Year Target Duration TIPS Index Fund,2,0,0,0.08266387553563945,1.0200993922158457
S000075561,NYLI Winslow Focused Large Cap Growth ETF,1,0,0,0.01790188275249908,1.056369393797233
S000092696,Capital Group U.S. Large Value ETF,1,0,0,0.0008063579073889313,0.9625668449197863
S000007753,VIP Real Estate Portfolio,1,0,0,0.007570291027986753,1.0178363706863125
S000079652,JPMorgan Active Small Cap Value ETF,1,0,0,0.009102158130284942,1.021759697256386
S000086557,JNL/JPMorgan Nasdaq Hedged Equity Fund,1,0,0,0.0007019613575716699,0.9935897435897437
S000070642,Overlay Shares Short Term Bond ETF,1,0,0,0.10651355683514306,1.0224438902743143
S000066485,Overlay Shares Small Cap Equity ETF,1,0,0,0.10048834180094667,1.0350809560524286
S000067562,iShares iBonds Dec 2027 Term Treasury ETF,1,0,0,0.022203637380136386,1.0230077420828636
S000059463,Fidelity International Value Factor ETF,1,0,0,0.012653894361934936,1.0308369804030888
S000011488,MML Mid Cap Value Fund,4,0,0,0.01635902829678039,1.0279806223179104
S000012380,WisdomTree Japan Hedged Equity Fund,4,0,0,0.1204544370792274,1.0567835269138783
S000012389,WisdomTree International AI Enhanced Value Fund,4,0,0,0.02298858651376611,1.041109912691331
S000080459,Direxion HCM Tactical Enhanced US ETF,2,0,0,0.011768548785908354,1.0201797190012019
S000081780,Dimensional US Core Equity 1 ETF,4,0,0,0.034772442834629484,1.023406807649075
S000000718,American Beacon Balanced Fund,4,0,0,0.01838038125078015,1.0228105829062226
S000008724,Calvert International Equity Fund,3,0,0,0.034083128166136935,1.0534051811268754
S000008790,Global Small Capitalization Fund,4,0,0,0.026390912388239512,0.933985832004053
S000009171,EQ/Value Equity Portfolio,4,0,0,0.05506514431089544,1.0212373514947666
S000009496,Royce Capital Fund - Micro-Cap Portfolio,4,0,0,0.03291533944278469,1.009802837141082
S000013250,EQ/ClearBridge Select Equity Managed Volatility Portfolio,4,0,0,0.008816148291886044,1.0215514239757026
S000036606,EQ/Emerging Markets Equity PLUS Portfolio,4,0,0,0.014058451481789316,1.0456641495002017
S000066457,Avantis International Small Cap Value ETF,4,0,0,0.02683601046854245,1.0559454932721342
S000000951,Dimensional VA International Small Portfolio,4,0,0,0.13552659860593966,1.0585071338135312
S000004014,The Hartford Small Cap Growth Fund,4,0,0,0.10578338400147437,0.9623005402637803
S000008777,SA U.S. Core Market Fund,4,0,0,0.00465030685798207,1.019100036671015
S000037455,Nationwide Global Sustainable Equity Fund,1,0,0,0.012497789700335384,1.037579338847689
S000042624,Fidelity Series Blue Chip Growth Fund,4,0,0,0.004191957726597968,0.9601011540977951
S000064727,Virtus Private Credit Strategy ETF,4,0,0,0.2948354704413077,1.012122818941527
S000004448,VANGUARD ENERGY INDEX FUND,4,0,0,0.0025630236160603137,0.9275501144548123
S000006064,Fidelity Equity-Income Fund,4,0,0,0.006685230781634908,1.017331298337923
S000006834,LORD ABBETT DEVELOPING GROWTH FUND INC,4,0,0,0.03851774481466485,1.0218336621135786
S000009227,American Funds Fundamental Investors,4,0,0,0.0005528798327057405,0.9187774872694987
S000009420,iShares U.S. Broker-Dealers & Securities Exchanges ETF,4,0,0,0.00860631105859041,0.9788416212641992
S000023259,Global X MSCI Norway ETF,2,0,0,0.006021597894356553,1.0577503131638175
S000042853,2040 Lifetime Blend Portfolio,3,0,0,0.017873173845872132,1.0202303726013542
S000002084,"T. Rowe Price Financial Services Fund, Inc.",4,0,0,0.008996764827720641,0.9406795313031165
S000002245,"BlackRock Global Allocation Fund, Inc.",4,0,0,0.012581197018108203,1.0196641106777837
S000003043,Invesco Oil & Gas Services ETF,4,0,0,0.27005329392561217,1.0228196507145968
S000005407,NVIT Investor Destinations Moderately Conservative Fund,4,0,0,0.064253351689751,1.021283899759698
S000007097,Fidelity Japan Smaller Companies Fund,4,0,0,0.06511629958534323,1.0335400781203772
S000011047,First Trust NASDAQ-100 Equal Weighted Index Fund,1,0,0,0.005690858844181125,1.0470135859335905
S000062360,BlackRock High Yield Portfolio,4,0,0,0.011201214717031163,1.01431164937103
S000069842,Intermediate Bond Portfolio,4,0,0,0.011477733316839637,1.0204592147081106
S000077245,Amplify CWP International Enhanced Dividend Income ETF,4,0,0,0.10486445642048031,0.9937535330480421
S000082272,Amplify Alternative Harvest ETF,4,0,0,0.2694079136923956,1.004282513986052
S000082843,CCM Global Equity ETF,4,0,0,0.0837966274558096,1.0151596205503477
S000000765,MFS New Discovery Fund,4,0,0,0.01651649779824279,1.0185661842723703
S000001495,T. Rowe Price Latin America Fund,4,0,0,0.045573502767758935,0.9189054534235054
S000002132,"T. Rowe Price High Yield Fund, Inc.",4,0,0,0.039749090936357284,1.0019364912952404
S000056118,Inspire Small/Mid Cap ETF,4,0,0,0.015834254896655905,1.0213419922887121
S000060796,Invesco S&P Midcap 400 Pure Value ETF,4,0,0,0.2348758736219762,1.022491492135448
S000061584,Procure Space ETF,4,0,0,0.158600270113139,0.9782066895877679
S000072812,iMGP Dolan McEniry Corporate Bond Fund,4,0,0,0.030300678095913282,1.0178392168506427
S000001157,EQUITY INDEX FUND,4,0,0,0.03851869201953587,1.010204475728944
S000001720,BNY Mellon Natural Resources Fund,4,0,0,0.07013657888955481,0.9376411390312448
S000001776,JNL Multi-Manager Small Cap Growth Fund,4,0,0,0.07217828172228143,0.9843952766541312
S000005148,Calvert Income Fund,4,0,0,0.037649793775416295,1.0191068221286546
S000009194,EQ/Loomis Sayles Growth Portfolio,4,0,0,0.03412311691276014,1.019056931749574
S000012314,NVIT Small Cap Index Fund,4,0,0,0.296982266059726,1.025070831593563
S000003832,MML Equity Fund,4,0,0,0.025772170255901738,1.020129733872342
S000006152,M Large Cap Value Fund,3,0,0,0.016630293653259177,1.0203602243742698
S000006500,Frontier Mid Cap Growth Portfolio,4,0,0,0.15305258220972692,1.0212453833941826
S000014482,Global Real Estate Securities Fund,4,0,0,0.12668104003724898,1.0304765491392807
S000025014,Transamerica BlackRock iShares Tactical - Growth VP,4,0,0,0.1730363444605527,0.9859071530080531
S000061867,WisdomTree U.S. Efficient Core Fund,4,0,0,0.021528123304904365,0.9949254499169451
S000007734,VIP Mid Cap Portfolio,4,0,0,0.03304453770897388,1.0054160948717272
S000007995,International Equities Index Fund,4,0,0,0.08378985359273201,1.0535013201642143
S000067959,Hartford Core Bond ETF,4,0,0,0.010557385052282466,1.0359955235009646
S000069980,Gotham Enhanced 500 ETF,4,0,0,0.02830310380494009,1.0095654750653866
S000081802,Fidelity Enhanced International ETF,4,0,0,0.018646370533719384,1.031353522028899
S000000786,Victory Investment Grade Convertible Fund,4,0,0,0.01458240926634579,1.021876420511275
S000002091,T. Rowe Price Total Equity Market Index Fund,4,0,0,0.006357454620430884,0.9055673474109899
S000002847,VANGUARD SMALL-CAP VALUE INDEX FUND,4,0,0,0.010482258409564996,0.9102444346360055
S000007109,Fidelity Diversified International Fund,3,0,0,0.009735707191771678,1.055116523441436
S000018747,T. Rowe Price Africa & Middle East Fund,4,0,0,0.0892644805279474,1.050781623665886
S000024314,Fidelity Global Commodity Stock Fund,4,0,0,0.03354351698222552,1.0723936722193694
S000070233,Fidelity Fundamental Large Cap Growth ETF,3,0,0,0.006969014979109886,0.9959702802764896
S000002848,VANGUARD TOTAL STOCK MARKET INDEX FUND,4,0,0,0.002799327350461501,0.9944998146005897
S000031692,PGIM Floating Rate Income Fund,4,0,0,0.011329307745428988,0.9726659985437266
S000039214,Fidelity Series Large Cap Stock Fund,4,0,0,0.014577811275313985,1.0238352380954034
S000068773,iShares ESG Advanced MSCI EM ETF,4,0,0,0.012740141171535243,1.0458084196151507
S000069185,JPMorgan BetaBuilders U.S. Small Cap Equity ETF,4,0,0,0.06206923816349044,1.0241830826153322
S000071591,Bitwise Crypto Industry Innovators ETF,2,0,0,0.2599296460941257,1.0256362029119415
S000080108,iShares Lithium Miners and Producers ETF,4,0,0,0.2144715220978467,0.9568738923274631
S000081978,Goldman Sachs Small Cap Equity ETF,2,0,0,0.010234015696202789,1.0236396129504395
S000000277,Invesco Charter Fund,4,0,0,0.010394356219254598,1.0203346755865548
S000000800,Victory Sycamore Small Company Opportunity Fund,4,0,0,0.019726751455974478,1.0226286320649733
S000003205,HARTFORD BALANCED HLS FUND,4,0,0,0.008891434056664435,1.023373709680109
S000004435,iShares Morningstar Small-Cap Value ETF,4,0,0,0.06779686577249872,1.012702902055022
S000031508,TOPS Managed Risk Moderate Growth ETF Portfolio,4,0,0,0.16679681790702852,1.0217880232094263
S000006525,MetLife Russell 2000 Index Portfolio,4,0,0,0.16947312317537927,1.024455060561508
S000012393,WisdomTree U.S. Midcap Dividend Fund,4,0,0,0.052365280681705366,1.0071908147283657
S000062995,Calamos Short-Term Bond Fund,4,0,0,0.08391994916877625,1.0205617979092367
S000064786,Fidelity Small-Mid Multifactor ETF,4,0,0,0.026715141017318422,0.9810870596495243
S000006509,MetLife Aggregate Bond Index Portfolio,4,0,0,0.1866529378748695,1.0209027566114943
S000022763,Direxion Daily Homebuilders & Supplies Bull 3X Shares,3,0,0,0.04047439789819355,1.0212668798724462
S000031502,TOPS Conservative ETF Portfolio,4,0,0,0.20186561823367563,1.0209145975545009
S000055369,Fidelity Small Cap Stock Fund,4,0,0,0.08841072819958953,1.021646933674622
S000061106,MassMutual Select T. Rowe Price Bond Asset Fund,1,0,0,0.005323854989995477,1.02151300654708
S000011838,Edgewood Growth Fund,4,0,0,0.009568519624221271,0.9972282703611743
S000026006,Small-Cap Value Portfolio,4,0,0,0.03216721666524533,1.0197586144268926
S000032042,DWS Digital Horizons Fund,4,0,0,0.015610652697802293,0.9345499514163405
S000046586,iShares MSCI United Kingdom ETF,4,0,0,0.001699876176561864,1.0242531716510537
S000056117,Inspire Global Hope ETF,2,0,0,0.00719292683711057,1.0372969089647466
S000065694,Fidelity Equity-Income K6 Fund,4,0,0,0.005890728293609925,1.0169491525423728
S000075148,Dimensional US High Profitability ETF,4,0,0,0.012520400081320677,1.0208232730020816
S000087738,BNY Mellon Dynamic Value ETF,4,0,0,0.007862423938419339,1.0067884128943956
S000002093,T. Rowe Price Large-Cap Value Fund,4,0,0,0.015938654295446577,1.0114274637591958
S000003768,S&P SmallCap 600 Pure Growth Fund,2,0,0,0.006792966574122705,1.016083277069469
S000003830,MML Blend Fund,4,0,0,0.04753515070859838,1.0157305506602425
S000007662,MidCap Account,4,0,0,0.009468274401368403,1.0050478539001346
S000007799,Transamerica Short-Term Bond,4,0,0,0.004149374114618298,1.0200134912202223
S000017342,First Trust Multi Cap Value AlphaDEX Fund,4,0,0,0.00805608050221695,1.0210548328692028
S000024677,Mid Value Fund,4,0,0,0.010968138548933486,1.0208642725955324
S000026018,Small-Cap Equity Portfolio,4,0,0,0.016704839618193707,1.0217349636738962
S000040352,Value Advantage Portfolio,4,0,0,0.010977787111378137,1.0210623413628952
S000053571,Victory Low Duration Bond Fund,4,0,0,0.011461687405339998,1.0207898707816936
S000069668,Gadsden Dynamic Multi-Asset ETF,4,0,0,0.2949136175377364,1.0191781389767476
S000002089,T. Rowe Price Equity Index 500 Fund,4,0,0,0.0023441206367646895,1.0024830652391068
S000006899,NYLI MacKay Convertible Fund,4,0,0,0.04151840223491453,1.02105486196121
S000007019,Fidelity Growth Discovery Fund,4,0,0,0.029319442185035613,0.9699738010383623
S000026017,Mid-Cap Growth Portfolio,4,0,0,0.02933891223384566,1.019611625727462
S000029400,EQ/AB Short Duration Government Bond Portfolio,3,0,0,0.0024750861527409736,1.0211144050468006
S000042108,BNY Mellon Floating Rate Income Fund,4,0,0,0.026971846874657247,1.0221266437707233
S000043789,Invesco International BuyBack AchieversTM ETF,3,0,0,0.08335458200786404,1.0530090011883657
S000049309,Fidelity SAI U.S. Low Volatility Index Fund,4,0,0,0.022172280108846268,0.9122274530539529
S000059077,Nuveen ESG U.S. Aggregate Bond ETF,4,0,0,0.010454385371600665,1.0295990645301485
S000068054,Invesco High Yield Bond Factor ETF,3,0,0,0.29367418741683154,1.024966552760556
S000074691,Janus Henderson B-BBB CLO ETF,1,0,0,1.3823823559338831e-05,1.0282161645145864
S000038873,FlexShares Quality Dividend Index Fund,4,0,0,0.09803715939600825,1.0226189477548093
S000075397,Neuberger Berman Next Generation Connected Consumer ETF,1,0,0,0.027049481749744184,1.04607995625416
S000002976,PACE International Emerging Markets Equity Investments,4,0,0,0.03683291063404961,1.0500522097837202
S000003779,MassMutual Premier High Yield Fund,4,0,0,0.1181337639909023,1.013544936072123
S000005981,Small Company Fund,4,0,0,0.022418265668611968,1.0007140943150594
S000038363,Calvert Emerging Markets Equity Fund,4,0,0,0.026588677455296698,1.0463417590240927
S000073658,Emerging Markets ex China Core Equity Portfolio,4,0,0,0.051543264889811265,1.0509513029746194
S000001158,VALUE EQUITY FUND,4,0,0,0.09072108375383056,1.0149714423037839
S000009910,AMG Frontier Small Cap Growth Fund,4,0,0,0.1421886215450744,1.008370095936133
S000012384,WisdomTree International LargeCap Dividend Fund,4,0,0,0.012371892711777643,1.0398885833212057
S000053482,WisdomTree U.S. Short-Term Corporate Bond Fund,4,0,0,0.15423177520661316,1.0267927924140299
S000000212,Invesco EQV European Small Company Fund,4,0,0,0.08031191779150305,1.0303156398273334
S000004438,iShares MSCI EAFE Value ETF,4,0,0,0.0031982227051193792,1.0313853226764866
S000004447,VANGUARD CONSUMER STAPLES INDEX FUND,4,0,0,0.0007216090288633525,0.9344699868313892
S000012926,Victory Cornerstone Moderately Aggressive Fund,4,0,0,0.0375143566859089,1.0210994088995335
S000029261,BlackRock LifePath Dynamic 2045 Fund,4,0,0,0.11839952357198107,0.9887327880832442
S000032446,Nuveen Floating Rate Income Fund,3,0,0,0.018229579107552785,1.020668298193815
S000055107,Amplify CWP Enhanced Dividend Income ETF,3,0,0,0.0008633401092104164,1.020764700009983
S000068344,THRIVENT INTERNATIONAL INDEX PORTFOLIO,3,0,0,0.009955659124354966,1.0508898431036793
S000075552,ProShares Metaverse ETF,4,0,0,0.08172927382271353,1.0334898840262574
S000082201,iShares LifePath Target Date 2035 ETF,4,0,0,0.06675611892212291,1.021786687771934
S000002516,MFS International Growth Fund,2,0,0,0.006748688869055591,1.0504518348593188
S000009415,iShares U.S. Home Construction ETF,4,0,0,0.0345660346979899,1.006298556558076
S000019789,BNY Mellon Large Cap Equity Fund,3,0,0,0.013555349016671787,0.9991821058713625
S000023729,Empower Small Cap Value Fund,4,0,0,0.029480729822929184,1.0189052874279119
S000026631,Schwab U.S. Broad Market ETF,4,0,0,0.0011109188486568308,1.0296815467482954
S000026867,Fidelity Series International Value Fund,4,0,0,0.005323840362207473,1.0175990000619222
S000031796,First Trust Europe AlphaDEX Fund,4,0,0,0.048465523082341026,1.0432419919044176
S000001367,THRIVENT SHORT-TERM BOND FUND,4,0,0,0.01328634353293245,1.021705497542598
S000004354,iShares Semiconductor ETF,4,0,0,0.03982457205993317,1.0131441524442113
S000007100,Fidelity Overseas Fund,3,0,0,0.0007793674551463804,1.046170359867614
S000016759,VIP Communication Services Portfolio,4,0,0,0.06291064581504793,0.9493546909256888
S000022492,Lord Abbett International Value Fund,3,0,0,0.012420797175145437,1.0500356537584012
S000076398,Hartford Schroders International Contrarian Value Fund,4,0,0,0.062448264219486425,1.0273798232364373
S000083850,WisdomTree U.S. SmallCap Quality Growth Fund,4,0,0,0.2724022601553011,0.9945910372272795
S000008999,American Mutual Fund,4,0,0,0.0027114564238568716,1.0282398336003724
S000009000,Capital Income Builder,4,0,0,0.006089489264111212,1.0247954487319357
S000021884,DFA Global Real Estate Securities Portfolio,4,0,0,0.028093153671948146,1.0247273810133675
S000066458,Avantis U.S. Equity ETF,4,0,0,0.0018861780304005476,1.014094808388397
S000075157,Dimensional Emerging Markets Value ETF,4,0,0,0.08574682068416524,1.0488864006488006
S000000978,EMERGING MARKETS CORE EQUITY 2 PORTFOLIO,4,0,0,0.09049597935318789,1.051649948349992
S000006507,MFS Value Portfolio,4,0,0,0.07099355022467747,1.020747308652814
S000029338,Direxion Daily Gold Miners Index Bull 2X Shares,3,0,0,0.21531865955044646,1.0210738933563621
S000046464,WisdomTree Emerging Markets ex-State-Owned Enterprises Fund,4,0,0,0.036027340518067934,1.0537312016487166
S000058499,JNL/Vanguard Growth ETF Allocation Fund,4,0,0,0.10184382322786607,1.0088593432486044
S000006412,The Health Care Select Sector SPDR Fund,4,0,0,0.011305386098542742,1.0057945887162894
S000056809,Lord Abbett Short Duration Core Bond Fund,4,0,0,0.005949771949866914,1.0222096648497754
S000058070,Goldman Sachs Equal Weight U.S. Large Cap Equity ETF,4,0,0,0.008846597224841669,1.0296401403707351
S000059774,Empower Emerging Markets Equity Fund,4,0,0,0.013369695338009937,1.047722340277945
S000061165,KraneShares Electric Vehicles and Future Mobility Index ETF,3,0,0,0.044388297522281656,1.0405113600387237
S000002875,BlackRock S&P 500 Index V.I. Fund,4,0,0,0.005848187912099712,1.0074358558553833
S000004316,iShares S&P Small-Cap 600 Value ETF,4,0,0,0.03349529942268291,1.012745962244201
S000029260,BlackRock LifePath Dynamic 2035 Fund,4,0,0,0.08487331263408814,0.991522078551626
S000044335,Artisan High Income Fund,4,0,0,0.004757296328679299,1.0159142551841849
S000051871,VANGUARD INTERNATIONAL DIVIDEND APPRECIATION INDEX FUND,4,0,0,0.001414481675681916,1.0616589649352406
S000064824,Pacer Trendpilot Fund of Funds ETF,1,0,0,0.00017572738942498787,1.0281588594291051
S000082975,Bramshill Income Performance Fund,4,0,0,0.028380432611357417,1.0179587036411832
S000085096,iShares iBonds Dec 2034 Term Corporate ETF,4,0,0,0.1271582634405158,1.0339904519377232
S000000949,DFA REAL ESTATE SECURITIES PORTFOLIO,4,0,0,0.04568732768548303,1.0192777092718655
S000002887,BlackRock Global Allocation V.I. Fund,4,0,0,0.018632218753419225,0.9524157023603524
S000004311,iShares S&P 500 Growth ETF,4,0,0,0.007468813394088588,0.9716180259424847
S000006269,DWS Small Mid Cap Value VIP,4,0,0,0.06311425933975214,1.008891223123816
S000007469,Select Materials Portfolio,4,0,0,0.026998473368644485,0.9875188944275068
S000011048,First Trust NASDAQ-100-Technology Sector Index Fund,2,0,0,0.0022101364279021587,1.0335731686912164
S000022498,iShares Global Clean Energy ETF,4,0,0,0.06834649544414612,1.0441778394774448
S000026651,iShares 10+ Year Investment Grade Corporate Bond ETF,4,0,0,0.11027764566702034,1.0296719269327328
S000030518,Schwab U.S. REIT ETF,4,0,0,0.0023907325310488095,1.0227272727272727
S000045646,iShares Currency Hedged MSCI Eurozone ETF,2,0,0,0.05030294624635433,1.0165427849604296
S000056104,Destinations Equity Income Fund,4,0,0,0.016918079103309124,1.0206674572251397
S000066955,Capital Group U.S. Equity Fund,3,0,0,0.002794893077704129,0.9204545454545454
S000074168,iShares ESG Advanced Investment Grade Corporate Bond ETF,1,0,0,0.03949319782214056,1.030880586815202
S000005158,The Merger Fund,4,0,0,0.0052596154855350805,1.0053759038266419
S000021037,NVIT Victory Mid Cap Value Fund,4,0,0,0.1362953385836376,1.0210544015123248
S000038875,FlexShares Quality Dividend Defensive Index Fund,4,0,0,0.0778524893910568,1.025088615130989
S000053481,WisdomTree U.S. Corporate Bond Fund,4,0,0,0.094162926220774,1.0275148811687074
S000068110,JNL/DFA U.S. Small Cap Fund,4,0,0,0.024725313192049885,1.0016031439024715
S000000307,BNY Mellon Bond Market Index Fund,4,0,0,0.09677915285306563,1.0288436188757897
S000014481,Global Bond Fund,4,0,0,0.10490871307433446,1.02220747932901
S000057856,American Beacon Diversified Fund,4,0,0,0.015376790713900966,1.0270757297969149
S000068882,MFS International Large Cap Value Fund,4,0,0,0.02017579830502489,1.051304424620112
S000069823,Small Cap Value Fund,4,0,0,0.06312962186464069,1.0282919516845255
S000075640,NVIT J.P. Morgan US Technology Leaders Fund,4,0,0,0.015041821292670385,1.0205046299980902
S000005400,NVIT Government Bond Fund,4,0,0,0.09790825016873099,1.020150395542322
S000006605,International Growth Fund,4,0,0,0.031536639341667755,1.0388491526488866
S000025875,Calvert High Yield Bond Fund,4,0,0,0.08296187623404713,1.0161506695133307
S000007107,Fidelity Canada Fund,4,0,0,0.0569621548732341,1.0616973539128851
S000007494,Select Construction and Housing Portfolio,4,0,0,0.023930076741418047,1.0130555080804566
S000009744,Federated Hermes Quality Bond Fund II,4,0,0,0.009830555490195276,1.0219633701740267
S000031041,ProShares Hedge Replication ETF,4,0,0,1.4518690852582745e-06,1.25
S000053876,Donoghue Forlines Momentum Fund,4,0,0,0.12031624195826465,1.0051870715159648
S000065093,Sofi Select 500 ETF,4,0,0,0.020846006739398855,1.0111045878451206
S000085473,VictoryShares Hedged Equity Income ETF,3,0,0,0.0029948262221825236,1.0214700733285362
S000000961,Dimensional VA U.S. Large Value Portfolio,4,0,0,0.010177735600151791,1.0206523557168174
S000004382,PGIM Jennison Utility Fund,3,0,0,0.033525408980359724,0.9688180393242658
S000006183,GuideMark Emerging Markets Fund,4,0,0,0.06136464021114733,0.9987782385500021
S000006978,SPDR(R) S&P Capital Markets ETF,4,0,0,0.04600490481954496,0.9780915327675185
S000012915,Victory 500 Index Fund,4,0,0,0.0009713679253503108,1.0220648735259588
S000022500,iShares Global Timber & Forestry ETF,4,0,0,0.004101065703189178,1.0374924025234273
S000035242,Catalyst Dynamic Alpha Fund,4,0,0,0.13863629967900423,0.9918658029418126
S000056275,Fidelity SAI U.S. Momentum Index Fund,3,0,0,0.0024386809807287143,0.9936169471649964
S000057044,Virtus Seix Core Bond Fund,2,0,0,0.022437068538302022,1.0266623342585937
S000057200,Franklin U.S. Large Cap Multifactor Index ETF,2,0,0,0.0032159956503952916,1.023975008507713
S000066172,BlackRock LifePath Dynamic 2065 Fund,4,0,0,0.12773811098893084,0.9907201389162418
S000068597,Goldman Sachs Innovate Equity ETF,4,0,0,0.027650458062515978,1.0452862691454816
S000007125,MidCap Growth Fund III,1,0,0,0.0013695729712808484,1.0328446525647184
S000008343,Small Cap Stock Trust,4,0,0,0.024198550583772568,1.0213055976027925
S000019125,iShares MSCI Emerging Markets Small-Cap ETF,4,0,0,0.09050524986661704,1.0806249746388912
S000020979,Dunham International Stock Fund,4,0,0,,
S000026632,Schwab U.S. Large-Cap ETF,4,0,0,0.00028488767055384704,1.0213732035193948
S000035024,Invesco Multi-Asset Income Fund,3,0,0,0.04848863283388337,1.0235356695910873
S000049021,iShares Emerging Markets Equity Factor ETF,4,0,0,0.02652099002220503,1.0553366843563077
S000068775,iShares ESG Advanced MSCI USA ETF,4,0,0,0.007591322315919057,1.0017793186853752
S000069127,BlackRock LifePath ESG Index 2040 Fund,4,0,0,0.25171853728803445,1.0140126620945464
S000006205, Growth Fund,3,0,0,0.002284949120730172,1.0206097820377595
S000010251,AB LARGE CAP GROWTH FUND INC,4,0,0,0.007251271217162764,1.0197448150896595
S000004913,GMO International Opportunistic Value Fund,4,0,0,0.059761807289294706,1.0378510446484326
S000030928,Transamerica International Equity,4,0,0,0.007451056184720728,1.051108623421345
S000063601,American Beacon IMC International Small Cap Fund,4,0,0,0.09391335685580315,1.047113997170507
S000075630,ProShares Supply Chain Logistics ETF,4,0,0,0.05915511199954832,1.0547454613385838
S000022882,Victory Global Managed Volatility Fund,4,0,0,0.006164637959438186,1.0500392091152397
S000066435,ProShares S&P Technology Dividend Aristocrats ETF,1,0,0,0.0002798906530864704,1.0200691989994242
S000089487,Genter Capital International Dividend ETF,4,0,0,,
S000006863,U.S. Strategic Equity Fund,4,0,0,0.04781632004483071,
S000081784,Dimensional Global Credit ETF,4,0,0,0.03320945142366355,1.0210322593229701
S000087757,JANUS HENDERSON MID CAP GROWTH ALPHA ETF,3,0,0,0.014270147657216927,1.0200803943455419
S000006221,DWS Equity 500 Index VIP,3,0,0,0.0007855675069433273,1.0200597883145737
S000084968,SPDR Portfolio Treasury ETF,3,0,0,0.15310454087887962,1.0200919443416343
S000004475,JPMorgan Mid Cap Value Fund,3,0,0,0.0014597414679018911,1.0213943791221414
S000046399,Victory Trivalent International Fund - Core Equity,3,0,0,0.008278155875904941,1.0500649943051183
S000081511,Goldman Sachs S&P 500 Premium Income ETF,2,0,0,0.0003833696860856891,0.997466999125615
S000026004,International Large-Cap Portfolio,1,0,0,0.017568417449019415,1.0517633194785276
S000026633,Schwab U.S. Large-Cap Growth ETF,2,0,0,0.00019583206292544958,1.0211490899529565
S000051867,Small Cap Core Portfolio,3,0,0,0.025835236217275098,1.019630325062367
S000000078,"BNY Mellon Midcap Index Fund, Inc.",2,0,0,0.07070724270913567,1.0253611808817984
S000048742,Direxion Daily CSI 300 China A Share Bull 2X Shares,2,0,0,0.14822084251882547,1.02099528893109
S000006855,Franklin Low Duration Total Return Fund,1,0,0,0.0012845181684575737,1.0284026225992866
S000084720,Innovator Equity Premium Income - Daily PutWrite ETF,3,0,0,0.08252596010483586,1.0034801156889614
S000048637,iShares Convertible Bond ETF,2,0,0,0.0009183629868562164,1.0520736751372814
S000056106,Destinations Core Fixed Income Fund,3,0,0,0.00040066572556262943,1.02023001609221
S000081635,iShares MSCI Emerging Markets Quality Factor ETF,2,0,0,0.0010244305523704864,1.0643234521544036
S000007467,Select FinTech Portfolio,3,0,0,0.0471346518011489,1.012839626873533
S000026554,iShares Russell Top 200 Value ETF,2,0,0,0.0038124884044649383,0.9793215574477238
S000087905,International Equity Plus Bond Alpha Portfolio,3,0,0,0.005589271221557304,1.0192274121577192
S000005911,Schwab S&P 500 Index Fund,2,0,0,0.0001117287102016279,1.0322299086497644
S000077858,Fidelity Series Select International Small Cap Fund,3,0,0,0.037590714089787786,1.121340528044907
S000091430,iShares MSCI World Small-Cap ETF,3,0,0,0.0588302004657714,1.0087829687970022
S000052277,The Catholic SRI Growth Portfolio,3,0,0,0.002099736198120106,1.050075928491804
S000031803,First Trust Asia Pacific ex-Japan AlphaDEX Fund,3,0,0,0.021837299257898495,1.0468271292189648
S000068388,ETC Cabana Target Drawdown 10 ETF ,1,0,0,0.049367150326758695,1.0222525039286365
S000002718,BlackRock Unconstrained Equity Fund,1,0,0,0.0035393120139365253,1.062211162460007
S000024144,Active M Emerging Markets Equity Fund,3,0,0,0.024722307683390395,0.9852920723563806
S000087953,SPDR SSGA My2032 Corporate Bond ETF,3,0,0,0.10616194343678843,1.0183193185374877
S000054257,NYLI Epoch Capital Growth Fund,3,0,0,0.0483210274619213,1.0474966448951784
S000018029,BNY Mellon Global Equity Income Fund,1,0,0,0.0338073594201559,1.0293655423246166
S000080181,Calvert Small/Mid-Cap Fund,2,0,0,0.037977615504815584,1.0213565033037195
S000093464,WisdomTree Global Defense Fund,2,0,0,0.022784941374236464,1.0417680316563651
S000001423,THRIVENT ALL CAP PORTFOLIO,2,0,0,0.04112061535896129,0.9751467034863652
S000013696,iShares 10-20 Year Treasury Bond ETF,2,0,0,0.00015773791924995743,1.0110794580219538
S000092021,T. Rowe Price Financials ETF,1,0,0,0.0024346788697475197,1.0256963938674153
S000003878,Putnam VT International Value Fund,1,0,0,0.012947631449284383,1.0502491100633287
S000005752,Voya Large Cap Growth Portfolio,1,0,0,0.0003964036770310907,1.0424402626212792
S000009317,Goldman Sachs Large Cap Value Fund,1,0,0,0.0020756296606726744,1.0088877641260672
S000084726,Capital Group International Core Equity ETF,1,0,0,0.0015480849899609963,0.9218675559790377
S000059012,Touchstone Strategic Trust-Touchstone International Value Fund,2,0,0,0.015326431041922666,1.0535313233002779
S000065156,VictoryShares US Value Momentum ETF,1,0,0,0.0018692753061519502,1.0216508795669825
S000084165,Roundhill Daily 2X Long Magnificent Seven ETF,2,0,0,0.01908035953856522,0.9751467034863652
S000050776,ProShares S&P 500 Ex-Financials ETF,2,0,0,0.00019932009419583764,1.024796303634962
S000012920,Victory Value Fund,1,0,0,0.002188476573432489,1.021572549221907
S000013236,VIP Investment Grade Central Fund,2,0,0,0.004061297097398617,1.0156699708304178
S000090752,NVIT NASDAQ-100 Index Fund,2,0,0,0.019357762238995747,1.0210969208549305
S000091806,VanEck Technology TruSector ETF,1,0,0,0.16676424040669116,1.0306105744901382
S000025873,Tax-Advantaged Ultra-Short Fixed Income Fund,1,0,0,3.3729257709312795e-05,1.023885466492985
S000031160,DWS Global Macro Fund,1,0,0,0.025659647994962585,1.012422778433833
S000034410,VanEck Retail ETF,1,0,0,0.02208794965085632,0.9983408697047735
S000080061,Aristotle Small Cap Equity Fund,1,0,0,0.004183186608255091,1.0204081632653061
S000010474,Janus Henderson Global Select Fund,1,0,0,0.010303278811683195,1.0553337278419403
S000039313,Fidelity Real Estate Investment Portfolio,1,0,0,0.0026236950656933133,1.068840579710145
S000080060,Aristotle Ultra Short Income Fund,1,0,0,0.004727415960520715,1.0217901113201602
S000027992,International Opportunity Portfolio,1,0,0,0.02799437390467474,1.0564562551292724
S000095713,Goldman Sachs MSCI World Private Equity Return Tracker ETF,1,0,0,0.0009621175227670253,1.7189409717280915
S000064706,Invesco Developing Markets Fund,1,0,0,0.01588147354952122,1.0226523560367318
S000009327,Goldman Sachs U.S. Equity Insights Fund,1,0,0,0.0010925250847060844,0.9873515745998968
S000003834,MML Managed Bond Fund,4,0,0,0.028500881820457857,1.0197561114699418
S000005220,Eaton Vance Growth Fund,4,0,0,0.025776058024016803,1.0159203784604236
S000008347,International Value Fund,3,0,0,0.03017954556538729,1.048105862425845
S000033831,SPDR S&P 1500 Value Tilt ETF,4,0,0,0.008509052985880616,1.0041837214296252
S000043390,WisdomTree Interest Rate Hedged High Yield Bond Fund,4,0,0,0.09470850040153364,1.0360130439096775
S000061111,MassMutual Select T. Rowe Price Small and Mid Cap Blend Fund,1,0,0,0.022837027499996068,1.0331548319217252
S000071808,WisdomTree International Efficient Core Fund,4,0,0,0.007890470586522853,1.0530680380707715
S000085672,ALPS | CoreCommodity Natural Resources ETF,4,0,0,0.15332902821192756,1.033448758859053
S000005422,NVIT BlackRock Equity Dividend Fund,4,0,0,0.08572204135547039,1.0217167391722477
S000066680,NVIT GS International Equity Insights Fund,4,0,0,0.07748247996682116,1.048990297777995
S000002434,MFS Mid Cap Growth Fund,3,0,0,0.0037287164441243033,1.0325463353907267
S000044687,1290 VT Small Cap Value Portfolio,4,0,0,0.07123289376439919,1.027868991937566
S000064056,EQ/American Century Moderate Growth Allocation Portfolio,4,0,0,0.27520116040623965,1.0210665161099588
S000066390,WisdomTree Cloud Computing Fund,4,0,0,0.10400391774946724,0.9840097451284519
S000004280,BlackRock LifePath Dynamic Retirement Fund,4,0,0,0.0518117515203653,0.998984540173689
S000006878,Franklin Growth Opportunities Fund,4,0,0,0.0073995668987894515,1.0216913217911059
S000009211,EQ/Janus Enterprise Portfolio,4,0,0,0.006093959772078478,1.0206645493334714
S000017689,Fidelity Focused High Income Fund,4,0,0,0.09385287107254352,1.0342381472478295
S000022885,Victory Target Retirement 2030 Fund,4,0,0,0.0004848594785988404,1.0213938171555224
S000036654,First Trust Developed Markets ex-US Small Cap AlphaDEX Fund,4,0,0,0.0301254615758379,1.045610337659611
S000041209,Toews Unconstrained Income Fund,4,0,0,0.2757326815439426,1.0201160064173762
S000052564,Janus Henderson Small/Mid Cap Growth Alpha ETF,4,0,0,0.02607863440026756,1.0227489821496898
S000065750,Fidelity Small Cap Growth Index Fund,4,0,0,0.11476394442108698,1.0201423112011518
S000068817,iShares ESG Advanced Total USD Bond Market ETF,4,0,0,0.011845209909781504,1.0218923173481573
S000074054,JPMorgan International Research Enhanced Equity ETF,4,0,0,0.026401417257079014,1.0500734294644078
S000075206,iShares U.S. Intermediate Government Bond Index Fund,4,0,0,0.07842098202357095,1.0300652392877336
S000000702,THRIVENT MULTISECTOR BOND FUND,4,0,0,0.024769802829540437,1.019485532350654
S000001491,T. Rowe Price International Discovery Fund,4,0,0,0.09382358559530506,1.0686879553971311
S000003855,JPMorgan SMID Cap Equity Fund,4,0,0,0.02413703703416426,1.0248952082264935
S000004306,iShares S&P 100 ETF,2,0,0,0.003005413189857803,0.9830976560157135
S000009316,Goldman Sachs Equity Income Fund,3,0,0,0.008295991305320143,1.0149668600199309
S000025366,AZL International Index Fund,4,0,0,0.010975015094296967,1.0509586622060039
S000027871,Invesco V.I. Diversified Dividend Fund,4,0,0,0.09624406868004233,1.02093100935308
S000034746,Invesco S&P International Developed Momentum ETF,3,0,0,0.0626812376738123,1.0481150856103538
S000048892,EQ/Invesco Moderate Allocation Portfolio,4,0,0,0.00030399926405200156,1.020721328403713
S000063456,Acclivity Small Cap Value Fund,4,0,0,0.1925634295944678,1.0060937478261993
S000007732,VIP Growth and Income Portfolio,4,0,0,0.04046674012797989,1.0241723288551146
S000008796,Asset Allocation Fund,4,0,0,0.021137462029689365,0.9182455475558924
S000026008,Large-Cap Core Portfolio,1,0,0,0.003962852854661403,1.0214541394656602
S000039716,AST Multi-Sector Fixed Income Portfolio,4,0,0,0.0440654625443792,0.9546494740353233
S000044209,First Trust RBA American Industrial Renaissance ETF,3,0,0,0.003367118828200252,1.0016887144272395
S000066203,Federated Hermes International Growth Fund,4,0,0,0.030829624070262934,1.0208995445311484
S000075382,Avantis Responsible International Equity ETF,4,0,0,0.0732613651624338,1.0393036994647822
S000076802,1290 Essex Small Cap Growth Fund,4,0,0,0.03755945284667622,1.0306715789809096
S000086502,Dimensional International Vector Equity ETF,3,0,0,0.07403152596038688,1.0430444020814276
S000009444,NYLI VP Income Builder Portfolio,4,0,0,0.012744129418252433,1.0161544552531816
S000015874,SA Real Estate Securities Fund,4,0,0,0.012690165194945119,1.0238421798251993
S000021764,SPDR(R) Dow Jones Global Real Estate ETF,4,0,0,0.01848208829896169,1.044110762980058
S000022761,Direxion Daily Financial Bull 3X Shares,3,0,0,0.0009278131960257592,1.0200143516364968
S000026979,Global X MSCI China Consumer Discretionary ETF,3,0,0,0.03250127101508803,1.0611853422903235
S000040836,TOPS Managed Risk Flex ETF Portfolio,4,0,0,0.10960726052934235,1.0209172770347614
S000046400,Victory Trivalent International Small-Cap Fund,4,0,0,0.07020651132439197,1.0482308623171621
S000047587,Hartford Multifactor Small Cap ETF,4,0,0,0.05713311987748425,1.0182965197100995
S000070040,American Century Quality Convertible Securities ETF,1,0,0,0.04494898539780643,1.0232909852510708
S000078170,Direxion Daily Crypto Industry Bull 2X Shares,3,0,0,0.2597514134666011,1.0212444912506982
S000005368,Nuveen International Equity Index Fund,4,0,0,0.026263655827307813,1.0452969805039365
S000008814,Income Fund of America,4,0,0,0.011676515255159642,1.0214728864293294
S000009507,Royce Small-Cap Fund,4,0,0,0.01373097700790868,0.961852422514414
S000021036,NVIT Allspring Discovery Fund,4,0,0,0.2959668523418955,1.0222198316627678
S000052973,WisdomTree International Quality Dividend Growth Fund,4,0,0,0.017057607009860427,1.0180603409563704
S000061108,MassMutual Select T. Rowe Price Large Cap Blend Fund,1,0,0,0.005415565590725298,1.0406200052379362
S000009150,1290 VT GAMCO Mergers & Acquisitions Portfolio,4,0,0,0.041858243251705944,1.0567625992583154
S000000955,DFA TWO-YEAR GLOBAL FIXED INCOME PORTFOLIO,4,0,0,0.016411097933300027,1.0172688536413872
S000002134,T. Rowe Price Institutional High Yield Fund,4,0,0,0.04681119359898741,0.9892248889470623
S000007492,Select Chemicals Portfolio,4,0,0,0.026678825592313667,0.9584466904329162
S000023587,iShares Core 60/40 Balanced Allocation ETF,3,0,0,0.09949527231457873,1.0219004655408435
S000075204,iShares U.S. Intermediate Credit Bond Index Fund,4,0,0,0.07456238953416978,1.0315917975641928
S000083012,Vert Global Sustainable Real Estate ETF,4,0,0,0.1262330357459566,1.0200669678871486
S000003741,S&P SmallCap 600 Pure Growth Fund,2,0,0,0.006132129545188072,1.0149835748248424
S000008884,iShares Global Materials ETF,2,0,0,0.0067056922587842545,1.0539480155445786
S000010410,Janus Henderson Overseas Portfolio,2,0,0,0.012351391344677254,1.0511747146661707
S000037227,Victory Cornerstone Equity Fund,4,0,0,0.0028357515307517213,1.0203537906710187
S000062197,Invesco Investment Grade Defensive ETF,4,0,0,0.044768497522630235,1.0246190863143485
S000064826,Pacer Cash Cows Fund of Funds ETF,2,0,0,0.2997195155432573,1.0181388235296451
S000076808,iShares FinTech Active ETF,4,0,0,0.15144497119651093,1.020869133783871
S000085680,Pacer Metaurus Nasdaq 100 Dividend Multiplier 600 ETF,3,0,0,0.1344567024041698,1.0022522744052256
S000087684,3EDGE Dynamic Fixed Income ETF,4,0,0,0.23954366541763458,1.0195079324686316
S000001336,Virtus Newfleet Core Plus Bond Fund,4,0,0,0.004647680015738166,1.0156785512226585
S000002103,"T. Rowe Price Mid-Cap Value Fund, Inc.",4,0,0,0.019771310232692595,1.019565813440139
S000003899,JPMorgan Small Cap Value Fund,4,0,0,0.047993158786851425,1.0304613581409359
S000005088,Nuveen Life Growth Equity Fund,3,0,0,0.012556619545735757,1.0459408999194757
S000010479,Janus Henderson Short Duration Flexible Bond Fund,4,0,0,0.005815397820209723,1.0200116572760831
S000052766,1290 Loomis Sayles Multi-Asset Income Fund,4,0,0,0.03219721479520675,1.024282753142399
S000063049,Global Endurance Portfolio,1,0,0,0.020668763481940893,1.0375039521901857
S000022778,Direxion Daily Mid Cap Bull 3X Shares,3,0,0,0.05019607383019526,1.021073768942401
S000033465,VanEck International High Yield Bond ETF,4,0,0,0.027361979931480027,1.0388089747574578
S000036611,Equitable Conservative Growth MF/ETF,4,0,0,0.06620869606828135,1.0212843783050654
S000064958,JNL/AQR Large Cap Defensive Style Fund,2,0,0,0.006163124542118038,0.9137688307585338
S000008801,American Balanced Fund,4,0,0,0.009530807390717946,1.0206546868315447
S000039638,Global X SuperDividend U.S. ETF,3,0,0,0.03021014648087717,1.0236738981664788
S000072996,Avantis Emerging Markets Value ETF,4,0,0,0.08176992559231222,1.05885843563864
S000013338,Total Market Plus Equity Portfolio,4,0,0,0.020849778673549587,1.0177249511989248
S000017700,First Trust Health Care AlphaDEX Fund,2,0,0,0.021837959243774546,0.9802650187358837
S000018007,Virtus Newfleet Multi-Sector Intermediate Bond Fund,4,0,0,0.009130549616428143,1.0340022495788233
S000031462,JPMorgan Global Allocation Fund,4,0,0,0.010776141385681528,1.0353118108162014
S000034101,VOYA MULTI-MANAGER EMERGING MARKETS EQUITY FUND,4,0,0,0.011380328613269064,1.0459846892439795
S000037635,Cambria Foreign Shareholder Yield ETF,4,0,0,0.02166040559877222,1.037381168093826
S000076479,AOT Growth and Innovation ETF,1,0,0,0.00232651484393548,1.049863497671431
S000079925,EQ/Intermediate Corporate Bond Portfolio,4,0,0,0.0625462961540278,1.0206694973258774
S000000648,Income Fund,4,0,0,0.011037042133598492,1.0166670556439756
S000002660,MFS Global Growth Portfolio,1,0,0,0.015174537877967506,1.0079475211303142
S000007483,Select Software and IT Services Portfolio,3,0,0,0.009737838284637316,0.9681748466257668
S000026011,Total Return Portfolio,4,0,0,0.01981147291204336,1.019330699183146
S000027821,Invesco S&P 500 Index Fund,4,0,0,0.011484376041335455,1.0207609003710918
S000027837,Invesco Small Cap Value Fund,4,0,0,0.07895452492099805,1.022623977637628
S000032775,BlackRock LifePath Index Retirement Fund,3,0,0,0.007871949655616411,1.0112794110582277
S000042626,Fidelity Series Growth Company Fund,4,0,0,0.013812324363063237,1.0108361235517043
S000044503,2055 Lifetime Blend Portfolio,1,0,0,0.03107776088525562,1.024513833433235
S000059910,BlackRock Small Cap Index V.I. Fund,4,0,0,0.11715836433927389,1.016472956015387
S000064597,Invesco S&P Ultra Dividend Revenue ETF,4,0,0,0.12498543015899795,1.0198118401480432
S000072319,Invesco S&P Midcap 400 QVM Multi-Factor ETF,4,0,0,0.12960203269354098,0.9367616932033693
S000079414,Voya VACS Index Series SC Portfolio,4,0,0,0.03956369223539867,0.9699479550430311
S000079480,iShares Breakthrough Environmental Solutions ETF,4,0,0,0.12705522674387282,1.036438175468279
S000080106,iShares Copper and Metals Mining ETF,4,0,0,0.03441036179480165,1.000941734648057
S000003803,Electronics Fund,3,0,0,0.048794536408065595,0.9560776315991389
S000007016,LargeCap S&P 500 Index Fund,4,0,0,0.00024405535812620457,1.0118246364124772
S000007731,VIP Dynamic Capital Appreciation Portfolio,4,0,0,0.026167172571346646,1.0013273241162548
S000019229,Invesco Emerging Markets Sovereign Debt ETF,3,0,0,0.0797831433424897,1.0210848915814352
S000030003,VANGUARD RUSSELL 2000 INDEX FUND,4,0,0,0.02417126653412712,1.0157659187642336
S000042850,2025 Lifetime Blend Portfolio,4,0,0,0.0557318832000528,1.0202511328386088
S000045407,JPMorgan Diversified Return Emerging Markets Equity ETF,3,0,0,0.0014571572289593185,1.0500695813579954
S000053041,UBS Multi Income Bond Fund,4,0,0,0.059709758084320164,1.0162373400836684
S000055017,Nuveen Enhanced Yield U.S. Aggregate Bond ETF,4,0,0,0.009986756074317838,1.0269137063565703
S000068174,Fidelity Fundamental Large Cap Core ETF,4,0,0,0.00737689474956973,0.9821960547417942
S000073014,Invesco ESG Nasdaq NextGen 100 ETF,3,0,0,0.2188847664322487,1.0131483758692805
S000006415,The Technology Select Sector SPDR Fund,4,0,0,0.007199475843987047,1.010961708472936
S000036608,1290 VT Natural Resources Portfolio,4,0,0,0.038487371351541295,1.0543857610951202
S000077389,Value Equity Index Fund,4,0,0,0.04840668610784765,0.9916334787665613
S000081804,Fidelity Enhanced Large Cap Core ETF,3,0,0,0.002981968948291742,0.9911633298379482
S000010313,AB Global Real Estate Investment Fund II,4,0,0,0.10744865704013569,1.0357434694370704
S000050195,NYLI FTSE International Equity Currency Neutral ETF,4,0,0,0.045617682811192495,1.0572307933753373
S000008756,Templeton Developing Markets Trust,4,0,0,0.03046840775718333,1.054008763543008
S000014041,SPDR(R) S&P GLOBAL INFRASTRUCTURE ETF,4,0,0,0.06026485942220293,1.0287628649507976
S000005705,DWS Capital Growth Fund,1,0,0,0.0024840786679663873,1.0335652211154203
S000007214,SmallCap Fund,4,0,0,0.012472658721463595,1.0052226208868094
S000011764,Payden Global Low Duration Fund,3,0,0,0.017362590501670792,0.9765458436413912
S000024919,ProShares UltraPro S&P500,4,0,0,4.34458466932382e-05,1.0219168551052358
S000042852,2035 Lifetime Blend Portfolio,4,0,0,0.012258187626684236,1.0205659605078825
S000051996,Fidelity SAI International Index Fund,4,0,0,0.006757326199949854,1.0363970554748574
S000056358,Fidelity Flex Mid Cap Index Fund,4,0,0,0.025144851628357532,1.0024257776872432
S000059301,Fidelity Short-Term Bond Index Fund,4,0,0,0.01598927136255579,1.0254125936364042
S000061713,VIP International Index Portfolio,4,0,0,0.02023466397124458,1.0492369278468179
S000066713,Global X Cybersecurity ETF,4,0,0,0.041363336108366955,1.0328682784671674
S000084724,Capital Group Conservative Equity ETF,1,0,0,0.009612602023105358,0.932164224139867
S000091534,F/m High Yield 100 ETF,4,0,0,0.058543231120989456,1.0142629610888392
S000002499,MFS Mid Cap Value Fund,3,0,0,0.005366174928796167,1.0190807884958377
S000002716,Master Small Cap Index Series,4,0,0,0.11826793336638301,1.0066405970639494
S000004317,iShares Core S&P Total U.S. Stock Market ETF,4,0,0,0.01543320704436327,0.9892820888736806
S000004318,iShares U.S. Basic Materials ETF,4,0,0,0.020344057501791912,0.9532777948640287
S000020974,Dunham Small Cap Value Fund,4,0,0,0.14919721997715188,1.0141230684322318
S000040129,Madison High Quality Bond Fund,4,0,0,0.007462902270708737,1.0197749305644899
S000047294,Cambria Global Asset Allocation ETF,4,0,0,0.17408037650495348,1.0163514004858754
S000062201,iShares Future AI & Tech ETF,4,0,0,0.0780607655391841,0.9924984474440932
S000072318,Invesco S&P 500 QVM Multi-Factor ETF,4,0,0,0.018023266544967942,1.0209159620195616
S000076371,Schwab Crypto Thematic ETF,4,0,0,0.1130549262007758,1.0385432756176758
S000085601,Invesco QQQ Income Advantage ETF,3,0,0,0.015481584849255919,1.0199637961755903
S000001352,THRIVENT HIGH YIELD FUND,4,0,0,0.0712325595703736,1.0235901338910216
S000002095,T. Rowe Price Large-Cap Growth Fund,4,0,0,0.003892645706261261,0.9993281148353717
S000008214,Total Bond Market Trust,4,0,0,0.002474377842177739,1.0210331430024926
S000015169,First Trust NASDAQ Clean Edge Green Energy Index Fund,4,0,0,0.09865592848355313,0.9785647366181761
S000026016,Real Estate Portfolio,4,0,0,0.036116319930032365,1.019784872209489
S000045751,Disciplined Value International Fund,4,0,0,0.03495397851440143,1.0430907710610349
S000055159,Principal U.S. Small-Cap ETF,4,0,0,0.019559230662053,0.9707049139614143
S000057621,Nationwide Loomis All Cap Growth Fund,4,0,0,0.05972188354183248,1.0203344307441198
S000008348,Emerging Economies Fund,4,0,0,0.02915230982885503,1.0491007274257256
S000008776,SA Global Fixed Income Fund,4,0,0,0.029857410037357545,1.0202519054418722
S000010309,AB Small Cap Growth Portfolio,4,0,0,0.19395630657411514,1.018326447848551
S000012395,WisdomTree International High Dividend Fund,4,0,0,0.02959714635928066,1.041116036878948
S000006153,M Capital Appreciation Fund,3,0,0,0.02080819909779664,1.0189900736858697
S000006529,T.Rowe Price Small Cap Growth Portfolio,4,0,0,0.11169626895892819,1.0228739331182788
S000006903,NYLI WMC Enduring Capital Fund,4,0,0,0.03310568955869236,1.020521230387377
S000009198,Emerging Markets Fund,4,0,0,0.0870254278790064,1.0051887064652056
S000010040,Mercer Non-US Core Equity Fund,4,0,0,0.04397274242383817,1.052374038475566
S000012323,SPDR(R) S&P(R) Telecom ETF,4,0,0,0.21334911842796125,1.0076781683783753
S000014046,SPDR(R) S&P(R) EMERGING ASIA PACIFIC ETF,4,0,0,0.03732077958814025,1.062364440140994
S000039441,International Small Cap Growth Portfolio,4,0,0,0.1499582859367278,1.0654672920730412
S000041096,Nationwide WCM Focused Small Cap Fund,2,0,0,0.1093027204098655,1.0273782828705984
S000068467,Lord Abbett Short Duration High Yield Fund,4,0,0,0.05268769738639548,1.023282303439941
S000073420,ProShares On Demand ETF,4,0,0,0.07307927248238492,1.041428700467577
S000001244,Small Cap Core Fund,4,0,0,0.05265089127527979,0.9843851190906907
S000005459,Fidelity Asset Manager 20%,2,0,0,0.009350900111735101,1.0169971671388103
S000007280,Lord Abbett Total Return Fund,4,0,0,0.005908105903719339,1.0208895938903606
S000007613,VY(R) INVESCO EQUITY AND INCOME PORTFOLIO,4,0,0,0.021797639025839706,1.027691782644623
S000024246,Putnam Focused Equity Fund,2,0,0,0.00691123812723104,1.0206068843098284
S000064650,Invesco Main Street Small Cap Fund,4,0,0,0.09533641233231903,1.0212986127029136
S000073714,Pacer Pacific Asset Floating Rate High Income ETF,3,0,0,0.015016272355847373,1.0189672921621316
S000085693,iShares U.S. Manufacturing ETF,4,0,0,0.041034586791975115,1.0126285353542221
S000003048,Invesco Water Resources ETF,4,0,0,0.04246038183218902,1.0205901198891953
S000004386,VANGUARD DEVELOPED MARKETS INDEX FUND,4,0,0,0.016491906934677853,1.0616312374754606
S000004671,PGIM Quant Solutions International Equity Fund,4,0,0,0.01858385840266137,1.0042547628605891
S000017684,Fidelity Advisor Capital and Income Fund,4,0,0,0.03407253198140659,0.954497300464011
S000033930,NYLI VP American Century Sustainable Equity Portfolio,1,0,0,1.1251650355770275e-05,1.0448868554470137
S000037378,Blue Chip Fund,4,0,0,0.003689385244918953,0.936614235266147
S000050482,Fidelity Advisor Multi-Asset Income Fund,4,0,0,0.0648398191215242,1.0261738146636459
S000053404,PSF Avantis Balanced Allocation Portfolio,3,0,0,0.1411209195770307,1.0207760185507087
S000061481,Strategic Advisers Fidelity U.S. Total Stock Fund,4,0,0,0.009003380458708743,1.0150282676003557
S000064708,Invesco Global Strategic Income Fund,3,0,0,0.04168455270313006,1.0294405462306322
S000067900,ICON EQUITY FUND,3,0,0,0.010985059465657613,1.0166284657631321
S000002517,MFS International Intrinsic Value Fund,2,0,0,0.0003960523081183417,1.030308389876837
S000002678,MFS Mid Cap Growth Series,3,0,0,0.0034070750132943407,1.0157473856879229
S000002924,VANGUARD REAL ESTATE INDEX FUND,4,0,0,0.004129231459793811,1.020535528592609
S000003057,Invesco S&P MidCap Value with Momentum ETF,3,0,0,0.17783969039863512,1.0218119271877233
S000007733,VIP Growth Opportunities Portfolio,4,0,0,0.025759401308815936,0.9808312460543663
S000009059,EQ/Large Cap Value Managed Volatility Portfolio,4,0,0,0.01718806792649533,0.970012329425331
S000018475,VanEck Uranium and Nuclear ETF,4,0,0,0.20691129006675407,0.9715675334979225
S000049283,VanEck Morningstar International Moat ETF,4,0,0,0.1289709530692931,1.046843607131977
S000051248,Counterpoint Tactical Equity Fund,4,0,0,0.09576971237740003,1.0251517785872473
S000074797,Vitality Portfolio,4,0,0,0.10680982346409024,1.019140181072081
S000075381,Avantis Responsible Emerging Markets Equity ETF,4,0,0,0.03629956187741295,1.0422325233304368
S000034689,JNL/First Sentier Global Infrastructure Fund,4,0,0,0.0527287899089116,1.0442356596149802
S000044370,Parametric Dividend Income Fund,1,0,0,0.03002406031579125,1.0243380488348193
S000063362,SPDR S&P Kensho New Economies Composite ETF,4,0,0,0.14464511338752795,1.009015518372843
S000006522,Brighthouse/Wellington Balanced Portfolio,4,0,0,0.030420333129486242,1.0218524999166259
S000008726,Calvert VP SRI Balanced Portfolio,4,0,0,0.02291580504459217,1.007050620541352
S000011118,JPMorgan Small Cap Value Portfolio,4,0,0,0.07645102505062978,1.027065460361059
S000031504,TOPS Moderate Growth ETF Portfolio,4,0,0,0.1845253784524115,1.0213648747756183
S000033832,SPDR S&P 1500 Momentum Tilt ETF,4,0,0,0.0016750141223543782,1.00142709958494
S000042676,Alerian Energy Infrastructure ETF,4,0,0,0.07863013820611357,1.0337219582808632
S000010468,Janus Henderson High-Yield Fund,4,0,0,0.03761708164677637,1.0208995858265806
S000022886,Victory Target Retirement 2040 Fund,4,0,0,0.0012826297001108614,1.0210033478438174
S000026634,Schwab U.S. Large-Cap Value ETF,4,0,0,0.0004280893924573972,1.022946080297488
S000054622,Nuveen International Bond Fund,3,0,0,0.0008545629733338909,1.030123262111374
S000000256,Invesco Short Term Bond Fund,4,0,0,0.07329191423582823,1.0276803964019658
S000007122,LargeCap Value Fund III,4,0,0,0.0010138550793043787,0.9980225482815019
S000008289,Mid Value Trust,4,0,0,0.03801985548344203,1.0200740746475112
S000018154,U.S. Social Core Equity 2 Portfolio,4,0,0,0.017478359700614402,1.020606919396244
S000056102,Destinations Small-Mid Cap Equity Fund,4,0,0,0.008952236245324676,1.022321726232956
S000060788,Invesco S&P 500 Equal Weight Real Estate ETF,1,0,0,0.062066272741986776,1.0213156509093297
S000063222,DFA Global Sustainability Fixed Income Portfolio,4,0,0,0.021259124318085864,1.021089497723831
S000065095,Sofi Social 50 ETF,4,0,0,0.1440765584591928,1.0237827673645454
S000075354,Pacer BlueStar Engineering the Future ETF,3,0,0,0.07323114452728974,1.0087211431155532
S000085325,Invesco BulletShares 2032 High Yield Corporate Bond ETF,4,0,0,0.09542125933453315,1.0246333658665445
S000000226,Invesco EQV Asia Pacific Equity Fund,3,0,0,0.045619220958433,1.0202269190057551
S000013508,Calvert Ultra-Short Duration Income Fund,4,0,0,0.007821580903850336,1.0201159214535498
S000033417,Catalyst Insider Buying Fund,4,0,0,0.2865265702279782,0.9910714285714286
S000054723,iShares MSCI USA Small-Cap Min Vol Factor ETF,4,0,0,0.040427953735770274,0.9151891419645721
S000059314,JPMorgan U.S. Value Factor ETF,4,0,0,0.015298596266824175,1.0283432145638478
S000060790,Invesco S&P 500 Equal Weight Utilities ETF,3,0,0,0.029342608952500966,1.0213461357464335
S000063496,JPMorgan Emerging Markets Research Enhanced Equity Fund,4,0,0,0.008314301983777755,1.0258514070715834
S000065698,Fidelity OTC K6 Portfolio,4,0,0,0.0010076951453370801,0.996533815660759
S000022760,Direxion Daily Energy Bull 2X Shares,2,0,0,0.0028021167218972073,1.020317194081783
S000038166,Transamerica Small Cap Growth,4,0,0,0.08485177242523427,1.021129481123557
S000002781,Technology Growth Portfolio,4,0,0,0.07084904443470993,0.9861153726802722
S000019579,World Selection Index Fund,4,0,0,0.0007971043980992306,1.0601341722847917
S000054853,Hartford Schroders Emerging Markets Equity Fund,4,0,0,0.004838201529287863,1.0410429884366157
S000009974,"AB GLOBAL RISK ALLOCATION FUND, INC.",3,0,0,0.10800730656373445,1.0217815925786355
S000027486,Direxion Daily Healthcare Bull 3X Shares,3,0,0,0.0015082581949643977,1.0209892342485842
S000036843,Transamerica BlackRock iShares Dynamic Allocation - Balanced VP,3,0,0,0.09031232882770875,1.0219525157522191
S000076640,Dimensional International Sustainability Core 1 ETF,4,0,0,0.050212061237242166,1.0480997393369722
S000001049,FT Wilshire 5000 Index Fund,4,0,0,0.005308825443575262,
S000058355,Federated Hermes MDT Large Cap Value Fund,1,0,0,,
S000006420,SIT Emerging Markets Equity Fund,2,0,0,0.00010455795027011246,
S000083869,Xtrackers RREEF Global Natural Resources ETF,1,0,0,0.0070182917811476295,1.062484405233364
S000003609,HARTFORD CORE EQUITY FUND,2,0,0,0.005414191956468085,0.9929439830964591
S000006999,Lord Abbett Growth Opportunities Fund,2,0,0,0.0005509299378015287,1.0209093460566938
S000055811,Nuveen ESG Large-Cap Growth ETF,1,0,0,0.0013244013968539317,1.0449091397565715
S000088134,Cambria Tax Aware ETF,1,0,0,0.03831264341654419,1.0266701471626847
S000002651,MFS Technology Portfolio,1,0,0,7.457913644281323e-05,1.0458839406207827
S000006194, Select Fund,2,0,0,0.0008236054686553892,0.9047044632086853
S000025255,Direxion Daily 7-10 Year Treasury Bull 3X Shares,1,0,0,0.04110886522266026,1.020096232937863
S000087950,SPDR SSGA My2029 Corporate Bond ETF,3,0,0,0.07589826680680312,1.0196087256902397
S000001724,JNL/Causeway International Value Select Fund,3,0,0,0.01140236998291788,1.03667008938384
S000007730,VIP Balanced Portfolio,3,0,0,0.00042538291721023515,0.9746391909131431
S000014560,Invesco Global Real Estate Income Fund,3,0,0,0.01696341698425297,1.0230459554390794
S000007609,VY(R) T. ROWE PRICE GROWTH EQUITY PORTFOLIO,1,0,0,0.0075867224513376874,1.0159578479129352
S000008880,iShares Global Consumer Discretionary ETF,3,0,0,0.025499980877231106,1.04041062967347
S000018632,Nationwide Destination Retirement Fund,3,0,0,0.057795893307209543,1.0204953031596926
S000056108,Destinations Global Fixed Income Opportunities Fund,3,0,0,0.019137661850763644,1.019371917888227
S000085024,Amplify Weight Loss Drug & Treatment ETF,1,0,0,0.015949595464866576,1.0175807376266004
S000084303,Fidelity Hedged Equity ETF,3,0,0,0.0017604914807067492,1.0108374511286569
S000079472,AB US Low Volatility Equity ETF,2,0,0,0.008710991892290746,1.0251654533018857
S000087952,SPDR SSGA My2031 Corporate Bond ETF,3,0,0,0.09601475582518786,1.0198913023986054
S000062464,JNL/Morningstar Wide Moat Index Fund,2,0,0,0.007469615007899963,1.0201478662602925
S000005215,Eaton Vance Dividend Builder Fund,2,0,0,0.03566862805344626,1.0210216672853785
S000084074,JNL/Morningstar SMID Moat Focus Index Fund,2,0,0,0.007738473319836939,1.056317765163978
S000073793,Catholic Responsible Investments Multi-Style US Equity Fund,2,0,0,0.00599571410161158,1.0326364099949006
S000056116,Inspire Corporate Bond ETF,2,0,0,0.024601837749075456,1.019933102968898
S000072327,Global X AgTech & Food Innovation ETF,2,0,0,0.013113136527518866,0.999370390357978
S000066700,VANGUARD INTERNATIONAL CORE STOCK FUND,2,0,0,0.002152378778656249,1.0433691250346828
S000064698,Invesco SteelPath MLP Select 40 Fund,2,0,0,0.015558356751081331,1.020723827992828
S000006456,Touchstone Funds Group Trust-Touchstone Small Cap Value Fund,2,0,0,0.009238472176625608,1.0204081632653061
S000050777,ProShares S&P 500 Ex-Health Care ETF,2,0,0,0.0001864535215020136,1.025053580100527
S000004573,PGIM Government Income Fund,1,0,0,0.005816774791035784,1.021820271890322
S000015623,iShares Residential and Multisector Real Estate ETF,1,0,0,3.9071573255600974e-05,1.0171039978923797
S000055816,U.S. Quality ESG Fund,2,0,0,0.0054521513427023835,1.0172143974960877
S000091808,VanEck Consumer Discretionary TruSector ETF,1,0,0,0.03270727012975864,1.0285225313767534
S000007778,Transamerica International Focus,2,0,0,0.03253961803984076,1.0234069708863085
S000050657,MFS Blended Research International Equity Fund,1,0,0,0.0039892297650080625,1.0558712550543126
S000080063,Aristotle Growth Equity Fund,1,0,0,0.00329886368151819,1.0219494925654944
S000057420,Nuveen ESG International Developed Markets Equity ETF,1,0,0,0.002280118762369118,1.0832276118454531
S000084699,John Hancock High Yield ETF,1,0,0,0.04738190259627762,1.022545837236507
S000095646,MFS Blended Research International Equity ETF,1,0,0,0.013015845371679772,1.0794807932197257
S000064702,Invesco Core Bond Fund,1,0,0,0.0011862425738632008,1.0310045345598828
S000062462,JNL/JPMorgan Hedged Equity Fund,1,0,0,0.0003222902213511598,0.9780473221149739
S000031506,TOPS Aggressive Growth ETF Portfolio,1,0,0,,
S000093062,VanEck Alternative Asset Manager ETF,1,0,0,0.0012290544233878825,1.034867813771552
S000002971,PACE Large Co Value Equity Investments,4,0,0,0.038716084377252304,1.02300904234099
S000005361,Nuveen S&P 500 Index Fund,4,0,0,0.0015422961070090631,1.0053131005400233
S000006974,SPDR(R) S & P 600 Small Cap Value ETF,4,0,0,0.18060339787106142,1.0170739796595472
S000044434,JNL/JPMorgan Global Allocation Fund,4,0,0,,
S000000375,BNY Mellon Bond Fund,4,0,0,0.11020349432974044,1.0273484555315702
S000009877,AMG TimesSquare Small Cap Growth Fund,4,0,0,0.283631662658639,0.9880231081960102
S000017686,Fidelity Advisor Mid Cap II Fund,4,0,0,0.03198069358559168,0.9955118644830335
S000039795,SPDR SSGA US Small Cap Low Volatility Index ETF,4,0,0,0.1380444094974141,1.0202697766458815
S000040491,CVT Volatility Managed Moderate Growth Portfolio,4,0,0,0.1959220225858001,1.001689499169377
S000065011,DIAMOND HILL INTERNATIONAL FUND,4,0,0,0.08658001726270582,1.039705437702857
S000041092,Nationwide Bailard Cognitive Value Fund,4,0,0,0.14216730349028264,1.0223431074588272
S000005457,Fidelity Asset Manager 85%,4,0,0,0.001971803651309829,0.9932558139747645
S000006215,Hotchkis and Wiley Small Cap Value Fund,1,0,0,0.002833950819209492,1.058072776680135
S000008285,Mid Cap Index Trust,4,0,0,0.009262921627263394,1.0223731472240998
S000009342,Goldman Sachs Income Builder Fund,4,0,0,0.004923052408027559,1.0201959011452684
S000013789,Invesco Global Listed Private Equity ETF,4,0,0,0.30625606613146716,1.0335304417334286
S000014929,Goldman Sachs Small Cap Value Insights Fund,4,0,0,0.01480813713530263,0.986880198074971
S000023743,Empower S&P 500 Index Fund,4,0,0,0.009711929997414104,1.020411760750167
S000024784,Federated Hermes Clover Small Value Fund,4,0,0,0.051719456398174435,1.022137531975072
S000036776,iShares J.P. Morgan EM Corporate Bond ETF,4,0,0,0.08457116523086536,1.0351702713792155
S000038931,iShares Core MSCI Total International Stock ETF,4,0,0,0.013928230073036018,1.0744881648032445
S000055014,JPMorgan Diversified Return U.S. Small Cap Equity ETF,4,0,0,0.04902972914422705,1.030331233058394
S000056207,Schwab U.S. Aggregate Bond Index Fund,4,0,0,0.00036161630506404053,1.0205533499634796
S000059619,THRIVENT CORE INTERNATIONAL EQUITY FUND,4,0,0,0.02423587590551462,1.0488157399455984
S000067319,NYLI CBRE Real Estate Fund,4,0,0,0.009473295725395079,1.021341463414634
S000073019,Invesco BulletShares 2029 High Yield Corporate Bond ETF,4,0,0,0.08229702676322015,1.0245351285757847
S000085983,AAM Sawgrass U.S. Large Cap Quality Growth ETF,4,0,0,0.09198071750288835,1.0293723482400146
S000005573,Nuveen Strategic Income Fund,4,0,0,0.011304944755997257,1.027532863054866
S000028719,Developing Growth Portfolio,4,0,0,0.04445062209252909,1.0208438668607944
S000039216,Fidelity Series Value Discovery Fund,4,0,0,0.01127867417462926,0.9940285058446424
S000040619,NVIT Investor Destinations Managed Growth & Income Fund,4,0,0,0.05761216854359104,1.021283899759698
S000056835,Abacus FCF International Leaders ETF,4,0,0,0.32647282074916784,0.9996335802383218
S000057342,iShares Investment Grade Systematic Bond ETF,4,0,0,0.06777920931381828,1.0313081022140025
S000072836,Invesco Alerian Galaxy Blockchain Users and Decentralized Commerce ETF,3,0,0,0.28872743218172525,1.0338770963281325
S000083005,Goldman Sachs MarketBeta(R) Russell 1000 Growth Equity ETF,4,0,0,0.0012348927447469926,0.9980770420098716
S000086334,BlackRock LifePath Dynamic 2070 Fund,4,0,0,0.21624455119056596,0.9914800117277875
S000003703,NASDAQ-100 2x Strategy Fund,2,0,0,0.002817810464708639,1.000464763582104
S000007173,MidCap Value Fund I,4,0,0,0.0025365204274910716,0.999397465458629
S000010522,Credit Suisse Floating Rate High Income Fund,4,0,0,0.004954545335196062,1.0184527183217111
S000034697,iShares MSCI Emerging Markets Asia ETF,4,0,0,0.033912133987029705,1.0661377301965311
S000049338,DFA TARGETED CREDIT PORTFOLIO,4,0,0,0.010542674199757332,1.0201803849517919
S000059732,Schwab U.S. Large-Cap Value Index Fund,4,0,0,0.0006163894725174337,1.0225767156993588
S000060794,Invesco S&P MidCap 400 GARP ETF,4,0,0,0.13934209080254373,1.0210836383573556
S000060822,Invesco Solar ETF,4,0,0,0.25177478303997997,1.0638269841097734
S000071682,MML iShares 80/20 Allocation Fund,4,0,0,0.07796652723525149,1.019675359661064
S000005094,Nuveen Life Stock Index Fund,4,0,0,0.005346612333461874,0.9819619287164095
S000007997,International Growth Fund,4,0,0,0.045115245617527014,1.0332980772057883
S000012905,Victory Cornerstone Moderate Fund,4,0,0,0.043941066233359395,1.0217778089412195
S000049685,Global X Renewable Energy Producers ETF,3,0,0,0.08300130567824981,1.0466107316416935
S000065228,AdvisorShares Pure Cannabis ETF,4,0,0,0.06145490924222763,0.9925919692149688
S000007842,Neuberger Berman International Equity Fund,4,0,0,0.03516647337035299,1.0455356486581238
S000008752,Foreign Smaller Companies Series,4,0,0,0.06478871843568683,1.042069534970343
S000081974,Ocean Park Tactical Core Growth Fund ,3,0,0,0.09286912038168484,1.0023415846315589
S000087686,3EDGE Dynamic International Equity ETF,4,0,0,0.2630258399169264,0.9902626849710848
S000004265,iShares MSCI Canada ETF,4,0,0,0.01836450795227828,0.9437267068853005
S000004314,iShares S&P Small-Cap 600 Growth ETF,4,0,0,0.07451589390690463,0.9796900876651162
S000004407,VANGUARD INTERNATIONAL EXPLORER FUND,4,0,0,0.018148655172748315,0.991684777367149
S000005458,Fidelity Asset Manager 70%,1,0,0,0.004502481421129753,1.0169971680760679
S000008063,Invesco Income Advantage U.S. Fund,4,0,0,0.02560740309131497,0.9755499477772804
S000016766,Schwab Fundamental U.S. Large Company Index Fund,4,0,0,0.0016273856943243429,1.025875625026728
S000019187,Fidelity Asset Manager 30%,4,0,0,0.0047476610203989,1.017575595516705
S000027877,Invesco V.I. Growth and Income Fund,3,0,0,0.015943440175845546,1.0202229021621656
S000028522,NYLI Epoch International Choice Fund,4,0,0,0.05162015183859729,1.034762322866756
S000048289,Goldman Sachs ActiveBeta(R) International Equity ETF,4,0,0,0.029646454675063095,1.0652006800521054
S000061362,THRIVENT SMALL CAP GROWTH FUND,2,0,0,0.007129851773610397,1.0153761333006617
S000066535,Goldman Sachs MarketBeta U.S. Equity ETF,2,0,0,0.0003264548539069336,1.015711156478738
S000067253,Pacer American Energy Independence ETF,3,0,0,0.2251786942321631,1.0044980796074099
S000080443,iShares Climate Conscious & Transition MSCI USA ETF,4,0,0,0.00394956340937813,0.9270759895874374
S000002141,"T. Rowe Price Short-Term Bond Fund, Inc.",4,0,0,0.01147749449292326,1.0155941700251983
S000013701,iShares Government/Credit Bond ETF,4,0,0,0.008359101880552194,1.018207966226191
S000026211,First Trust NASDAQ ABA Community Bank Index Fund,4,0,0,0.005366069541606289,0.9924195947307298
S000032019,DWS RREEF Real Assets Fund,4,0,0,0.045263132477917654,1.038861113875219
S000035438,Boston Partners Global Equity Fund,4,0,0,0.0240563841114482,1.017782317969801
S000056362,Fidelity Flex Small Cap Index Fund,4,0,0,0.051094398951067675,1.0074426817201174
S000065121,Global X Cloud Computing ETF,4,0,0,0.010999307961853787,1.0203217612193056
S000083071,Invesco S&P 500 High Dividend Growers ETF,4,0,0,0.0350414113308817,1.0206031312045685
S000000629,Balanced Fund,4,0,0,0.008264249729807547,1.0276745405917973
S000001427,THRIVENT MODERATELY AGGRESSIVE ALLOCATION PORTFOLIO,4,0,0,0.0015680491949713869,0.9887644097408935
S000002795,JPMorgan U.S. Small Company Fund,4,0,0,0.08053895978132715,1.0308101159620584
S000004372,iShares Global Healthcare ETF,4,0,0,0.005547864035083242,0.9943355357735386
S000005005,Nationwide Investor Destinations Conservative Fund,4,0,0,0.08214624951081277,1.020463112547119
S000005788,VANGUARD PACIFIC STOCK INDEX FUND,4,0,0,0.01586560993220708,1.0756362548384986
S000071122,JNL International Index Fund,4,0,0,0.024025748038452248,1.0677083027232563
S000036809,WisdomTree China ex-State-Owned Enterprises Fund,4,0,0,0.03859360719901149,1.0513901660545746
S000049375,Direxion Daily S&P Oil & Gas Exp. & Prod. Bull 2X Shares,3,0,0,0.07778059935092094,1.0214145063533044
S000067267,BNY Mellon High Yield ETF,4,0,0,0.02139941343839177,1.0736739629683438
S000000462,BNY Mellon Opportunistic Small Cap Fund,3,0,0,0.14303096022428063,1.0140322668287451
S000003215,HARTFORD MIDCAP HLS FUND,4,0,0,0.014891296479438721,0.9640924638220429
S000005360,Nuveen Equity Index Fund,4,0,0,0.004892449899334136,0.9790360920399347
S000012381,WisdomTree Global ex-U.S. Quality Dividend Growth Fund,4,0,0,0.029939837385424526,1.0348190051881208
S000036715,NYLI WMC Small Companies Fund,4,0,0,0.05810825156161721,1.0253208058358771
S000040740,SPDR S&P Global Dividend ETF,4,0,0,0.13620041757949997,1.0470380724731894
S000041478,Mercer Opportunistic Fixed Income Fund,4,0,0,0.05181074813577431,1.0200927681650678
S000021747,Transamerica Goldman Sachs Managed Risk - Growth ETF VP,4,0,0,0.18918303139260023,1.0160395561987459
S000026023,Technology Portfolio,4,0,0,0.04254261532179555,1.0192701770081187
S000030967,Invesco S&P 500 Low Volatility ETF,4,0,0,0.03980703879255004,1.0025196160806933
S000043040,iShares Currency Hedged MSCI EAFE ETF,4,0,0,0.10991666083773308,1.0071740704280105
S000053151,Franklin International Core Dividend Tilt Index ETF,4,0,0,0.00871126016083977,1.046679697842472
S000054754,Fidelity Value Factor ETF,4,0,0,0.009970310288527719,1.0083767040893457
S000055315,Shelton International Select Equity Fund,2,0,0,0.03093701834788233,1.034048277082403
S000081781,Dimensional World Equity ETF,4,0,0,0.012310109201354015,1.0204281389512304
S000086399,Longview Advantage ETF,4,0,0,0.0674014049208842,1.0206070231482918
S000002593,VANGUARD STRATEGIC EQUITY FUND,4,0,0,0.0008175275187788523,1.0425770273442168
S000005330,Fidelity Advisor Energy Fund,2,0,0,0.00314418001977146,1.0752100497651587
S000008297,International Equity Index Trust,4,0,0,0.007492753838428176,1.0222362117607517
S000009323,Goldman Sachs Small Cap Value Fund,3,0,0,0.0030128393657849442,1.002321912445291
S000010772,First Trust Dow Jones Select MicroCap Index Fund,4,0,0,0.11107058248129413,0.9672002063919931
S000043437,Lifestyle Blend Moderate Portfolio,3,0,0,0.00830223203186807,1.0202153569721455
S000050659,MFS Blended Research Small Cap Equity Fund,4,0,0,0.0093588795063257,1.014864325515631
S000064626,Invesco Advantage International Fund,4,0,0,0.02009013425546578,1.0210390700831495
S000074793,Xtrackers Risk Managed USD High Yield Strategy ETF,3,0,0,0.26303880933249524,1.022481718561135
S000001497,T. Rowe Price Global Stock Fund,4,0,0,0.02407580512005375,1.003166091898565
S000003799,Telecommunications Fund,3,0,0,0.0608051627090422,0.9765054406426058
S000004285,S&P 500 Index Master Portfolio,4,0,0,0.005710675563268236,1.007437790941445
S000007918,Transamerica International Focus VP,2,0,0,0.0009768827320866952,1.034170123874754
S000022444,DWS RREEF Global Infrastructure Fund,4,0,0,0.08701570910824552,1.05944241420174
S000027890,Invesco V.I. American Franchise Fund,4,0,0,0.03932361739002073,1.0190189568362014
S000065215,Fidelity Series Bond Index Fund,4,0,0,0.008059873721683753,1.0241798941240625
S000065696,Fidelity Growth Company K6 Fund,4,0,0,0.01114034932775307,1.0444712777437197
S000010431,AB International Value Portfolio,4,0,0,0.07721240828986557,1.0486447341195524
S000012382,WisdomTree Japan SmallCap Dividend Fund,4,0,0,0.06884619536712071,1.0549846468696649
S000022925,SPDR(R) Bloomberg Convertible Securities ETF,4,0,0,0.07452133318092571,1.007445526722986
S000007476,Select Communication Services Portfolio,4,0,0,0.07722547053426773,0.9909135086500046
S000007530,VALUE LINE CORE BOND FUND,2,0,0,0.026206366215232115,1.02488615508749
S000008003,Nasdaq-100 Index Fund,4,0,0,0.006768360941604684,1.0217639078582421
S000030045,VanEck Rare Earth and Strategic Metals ETF,4,0,0,0.24250307915070907,0.9977988245060458
S000059215,NYLI Candriam Emerging Markets Equity Fund,4,0,0,0.012476312982110372,1.0468327816117997
S000065171,SSGA Emerging Markets Enhanced Index Portfolio,4,0,0,0.023456556304157335,1.053620875664189
S000069819,High Yield Bond Fund,4,0,0,0.12192478234481054,1.0205767713755403
S000028727,Global X Copper Miners ETF,3,0,0,0.024595307923410033,1.0575637344393167
S000031174,SPDR(R) S&P(R) Emerging Markets Dividend ETF,4,0,0,0.12461892669520462,1.052810784514239
S000001125,AMG River Road Mid Cap Value Fund,4,0,0,0.05085110977513728,0.99246413929794
S000007456,Select Defense and Aerospace Portfolio,4,0,0,0.019643660338785535,0.906136164745393
S000020451,Invesco Dorsey Wright Emerging Markets Momentum ETF,4,0,0,0.05052941857439293,1.0524305781319698
S000055761,PGIM Core Conservative Bond Fund,3,0,0,0.01998610223381425,1.019496983115869
S000062265,Strategic Advisers Fidelity Core Income Fund,1,0,0,0.0002636344486790153,1.0203153239705218
S000064628,Invesco Oppenheimer International Growth Fund,4,0,0,0.05428015506386257,1.0221890841216574
S000066017,Invesco BulletShares 2027 High Yield Corporate Bond ETF,4,0,0,0.21071518767090658,1.0242835029499315
S000067318,NYLI CBRE Global Infrastructure Fund,3,0,0,0.017361291772358525,1.0322649689152839
S000073600,Fidelity Electric Vehicles and Future Transportation ETF,4,0,0,0.1885364470719901,1.0068753337116085
S000074654,Motley Fool Global Opportunities ETF,4,0,0,0.0738314790472819,1.0086250564027874
S000082202,iShares LifePath Target Date 2040 ETF,4,0,0,0.05625207505090142,1.018705535873411
S000004389,VANGUARD INTERNATIONAL VALUE FUND,4,0,0,0.007743587794720535,1.037227780865193
S000006276,DWS International Opportunities VIP,3,0,0,0.010920704001939015,1.0476695640271028
S000009421,iShares U.S. Insurance ETF,4,0,0,0.016094202085865175,0.9764191577721841
S000019900,Schwab Fundamental Emerging Markets Equity Index Fund,3,0,0,0.002985155944154766,1.0506095833519977
S000024772,Global X MSCI Argentina ETF,3,0,0,0.17066575988230628,1.0232723635932988
S000028087,VANGUARD EXPLORER VALUE FUND,2,0,0,0.0018840750543282756,1.0614209902318703
S000057287,Fidelity Small Cap Stock K6 Fund,4,0,0,0.1227613737676306,1.0134470279943693
S000062552,Invesco BulletShares 2026 High Yield Corporate Bond ETF,4,0,0,0.110507639035562,1.0256853974323388
S000075903,Fidelity Metaverse ETF,4,0,0,0.019287445059312847,1.0009347556659156
S000000188,Invesco V.I. Small Cap Equity Fund,4,0,0,0.15441208806084147,1.0212311365605944
S000003481,Multi Cap Equity Fund,3,0,0,0.0021652569094567607,1.0199999999995868
S000005331,Fidelity Advisor Real Estate Fund,1,0,0,0.0004845476938730694,1.104503309037249
S000009963,AZL T Rowe Price Capital Appreciation Fund,4,0,0,0.012876312538375914,1.02124609028905
S000011813,Russell 2000 2x Strategy Fund,1,0,0,0.06983253393874096,1.019509708512906
S000017178,First Trust Water ETF,4,0,0,0.03062195143688644,1.0300249605433869
S000024203,DFA Intermediate-Term Extended Quality Portfolio,4,0,0,0.02996083328318815,1.0214786901382913
S000040618,NVIT Investor Destinations Managed Growth Fund,4,0,0,0.04441052209393507,1.020942574415004
S000045649,iShares Global REIT ETF,4,0,0,0.005319672612077369,1.071821426616238
S000048293,Goldman Sachs ActiveBeta(R) Europe Equity ETF,4,0,0,0.023977065583375475,1.0514836430266177
S000057728,Morningstar International Equity Fund,4,0,0,0.027518776458480915,1.025851787487884
S000002825,Inception Portfolio,4,0,0,0.049054736366607066,0.9876471546063907
S000009047,EQ/International Core Managed Volatility Portfolio,4,0,0,0.0569453734419826,1.0437022877599758
S000036082,SPDR(R) Portfolio MSCI Global Stock Market ETF,4,0,0,0.04271962704459363,1.038543906202835
S000063068,NYLI VP Hedge Multi-Strategy Portfolio,4,0,0,0.24463861550229893,1.0194460813527133
S000063103,Fidelity ZERO Extended Market Index Fund,4,0,0,0.056505744101408684,1.007492747395443
S000020000,Aggressive Allocation Fund,3,0,0,0.11499341564896545,0.9993743399644436
S000048717,JNL Multi-Manager Alternative Fund,4,0,0,0.0030329804080345794,1.032971775747582
S000057238,International High Relative Profitability Portfolio,4,0,0,0.0697617421872993,1.0346188813102521
S000064962,JNL/RAFI Fundamental U.S. Small Cap Fund,4,0,0,0.018356602485073963,1.0202170345140575
S000085094,iShares iBonds 2031 Term High Yield and Income ETF,4,0,0,0.1363423341259841,1.0425337947691264
S000004400,EQUITY INDEX PORTFOLIO,1,0,0,6.755145869213754e-05,1.0077539372976156
S000005435,Fidelity Advisor Value Leaders Fund,1,0,0,0.013508047279121879,1.0409642616318273
S000006498,Artisan Small Cap Fund,1,0,0,0.002364995708552627,1.0286434036200784
S000061955,UBS Ultra Short Income Fund,4,0,0,0.026380783518369633,1.0102857467028035
S000070510,Sound Enhanced Fixed Income ETF,4,0,0,0.28281894842788124,1.0194123681487968
S000073018,Invesco BulletShares 2031 Corporate Bond ETF,4,0,0,0.02678957492073653,1.0249781218806133
S000080101,Schwab High Yield Bond ETF,4,0,0,0.0294031757485897,1.0210261651865755
S000003162,PRAXIS VALUE INDEX FUND,4,0,0,0.026559523035664088,1.021904471805398
S000003763,Multi-Hedge Strategies Fund,1,0,0,0.007084991599468209,1.0271453032578906
S000040876,Schwab Fundamental U.S. Broad Market ETF,4,0,0,0.0021040224071358846,1.0234893380772638
S000041433,WisdomTree Emerging Markets Quality Dividend Growth Fund,4,0,0,0.050149537599950667,1.0625053451231234
S000059731,Schwab U.S. Large-Cap Growth Index Fund,4,0,0,0.00033513465767063644,1.0215004874214442
S000060107,DFA Global Core Plus Fixed Income Portfolio,4,0,0,0.027718779872488646,1.0219275691877467
S000064593,Invesco S&P 500 Revenue ETF,4,0,0,0.02029000023658394,1.0211933590415225
S000075963,Carillon Chartwell Small Cap Growth Fund,4,0,0,0.015377506966791991,0.9966499162479062
S000082317,iShares Large Cap Core Active ETF,4,0,0,0.021593263198056874,0.9638469169967587
S000003029,Invesco Next Gen Media and Gaming ETF,4,0,0,0.05915952236156801,1.027663566221174
S000009176,EQ/Core Bond Index Portfolio,4,0,0,0.025228335536651197,1.0210945394238125
S000011114,Allspring Mid Cap Value Portfolio,4,0,0,0.22299454267385221,1.02109385458081
S000023461,International Growth and Income Fund,4,0,0,0.00267596021481582,0.9479312506463331
S000069818,Core Bond Fund,4,0,0,0.01048154852425115,1.0225963023388798
S000008817,AMCAP Fund,3,0,0,0.000271918020176014,1.020707950553447
S000009437,NYLI VP Balanced Portfolio,4,0,0,0.009910152311964295,1.021072015153261
S000025800,EQ/2000 Managed Volatility Portfolio,4,0,0,0.11219716573040706,1.0253730076995167
S000050542,STATE STREET EMERGING MARKETS EQUITY INDEX FUND,4,0,0,0.035696650404926075,1.053742366916856
S000011483,MML Income & Growth Fund,4,0,0,0.0546883031661936,1.0080375944615858
S000049373,Direxion Daily S&P Biotech Bull 3X Shares,3,0,0,0.0585203039705736,1.0224775871275154
S000007496,Fidelity Trend Fund,3,0,0,0.015779606369427362,1.0083471411286482
S000007919,Transamerica Multi-Managed Balanced VP,3,0,0,0.002517878978845566,1.015562786274457
S000038930,iShares Core MSCI EAFE ETF,4,0,0,0.007671083993499044,1.0618124554559563
S000055583,WBI Power Factor High Dividend ETF,4,0,0,0.2612929458529938,1.0155139782762532
S000059803,PGIM Emerging Markets Debt Hard Currency Fund,4,0,0,0.034667281251105075,1.0050048793086537
S000066116,Quantified Evolution Plus Fund,1,0,0,0.0034001390347401183,1.0180641119348441
S000083982,JPMorgan Active Developing Markets Equity ETF,4,0,0,0.004139121460905166,1.0206489675516226
S000085737,Fidelity SAI Global ex U.S. Low Volatility Index Fund,4,0,0,0.011920770594450559,1.0436886605855353
S000087685,3EDGE Dynamic Hard Assets ETF,4,0,0,0.07146893672630551,1.019518286167167
S000013694,iShares Short Treasury Bond ETF,4,0,0,0.1053348661543828,1.029234681570075
S000041596,KraneShares CSI China Internet ETF,3,0,0,0.028738640230688704,1.0542843178460124
S000059733,Schwab U.S. Mid-Cap Index Fund,4,0,0,0.0022943737694440247,1.021012893366625
S000005535,Wilmington International Fund,4,0,0,0.03643557717890223,1.038892148418419
S000005914,Schwab International Index Fund,4,0,0,0.00602312926739304,1.0500010750246551
S000006066,Fidelity Stock Selector Large Cap Value Fund,3,0,0,0.006628869213566084,1.0159140617898943
S000007175,SmallCap Growth Fund I,4,0,0,0.021366058183318933,0.9869169763092998
S000008219,500 Index Trust,3,0,0,0.00024193666743400766,1.0211927017941165
S000017255,Disciplined Value Emerging Markets Equity Trust,3,0,0,0.028505866164901437,1.0205798324076465
S000020662,Madison Aggressive Allocation Fund,4,0,0,0.157956536284038,1.0138427084471797
S000042511,1290 VT Convertible Securities Portfolio,4,0,0,0.03418075743754704,1.0203316762995478
S000046274,ProShares MSCI Emerging Markets Dividend Growers ETF,2,0,0,0.00923328773923421,1.0500290910739518
S000056604,iShares Core MSCI International Developed Markets ETF,4,0,0,0.009796468049585824,1.0431135082917644
S000064696,Invesco Multi-Strategy Fund,2,0,0,0.007194125027641347,1.0207401378381704
S000071895,Fidelity SAI International Small Cap Index Fund,4,0,0,0.05901218261867506,1.0626385696873595
S000015763,Impax US Sustainable Economy Fund,3,0,0,0.015653096624536466,1.0200614381965283
S000031951,Transamerica BlackRock iShares Active Asset Allocation - Moderate Growth VP,3,0,0,0.10134292270262338,0.9911487348934901
S000001825,American Beacon International Equity Fund,4,0,0,0.03331467346716172,1.0538249744574595
S000031879,Global Real Estate Fund,4,0,0,0.048822306344945866,1.0213181016852715
S000041103,Nationwide Geneva Mid Cap Growth Fund,4,0,0,0.05848278648774683,1.0202725455442792
S000068350,Fidelity U.S. Multifactor ETF,4,0,0,0.01382511612615906,0.9953290905223893
S000046875,Renaissance International IPO ETF,4,0,0,0.22572270449826135,1.0573942667487315
S000008217,Blue Chip Growth Trust,3,0,0,6.239414833504176e-05,1.0228010666277032
S000080180,Calvert Global Small-Cap Equity Fund,4,0,0,0.05390523491536219,1.044567252655527
S000032518,Sector Rotation Fund,4,0,0,,
S000038548,Matisse Discounted Closed-End Fund Strategy,4,0,0,,
S000019485,JNL/Goldman Sachs 4 Fund,3,0,0,0.004128381617501402,1.021362224219838
S000084450,Obra High Grade Structured Products ETF,4,0,0,,
S000012967,Federated Hermes MDT All Cap Core Fund,1,0,0,,
S000006538,WHITE OAK SELECT GROWTH FUND,3,0,0,0.06615583421924418,
S000012971,Federated Hermes MDT Balanced Fund,1,0,0,,
S000081782,Dimensional Global Core Plus Fixed Income ETF,4,0,0,0.02942510596623308,1.0214211678599754
S000003220,HARTFORD SMALL COMPANY HLS FUND,3,0,0,0.022508065508099105,0.9485561330588131
S000002231,Virtus SGA International Growth Series,3,0,0,0.04299355375035479,1.002960694154522
S000002921,VANGUARD ENERGY FUND,2,0,0,0.00864730300532642,0.9810379393775067
S000004644,PGIM Quant Solutions Large-Cap Core Fund,1,0,0,0.0005417877669753521,1.0107950081058923
S000051092,BlackRock Sustainable Advantage Large Cap Core Fund,2,0,0,0.0013078171669149653,0.9966810720839057
S000060054,Xtrackers MSCI Emerging Markets Climate Selection ETF,3,0,0,0.0002094013895198354,1.0297482837528604
S000001271,Large Cap Value Fund,3,0,0,0.0179405985921032,1.0131735670494901
S000006547,Schwab S&P 500 Index Portfolio,2,0,0,0.00011929523098309966,1.0205128205128204
S000008199,Mid Cap Growth Portfolio,3,0,0,0.02825281541636628,0.9889401257636992
S000075431,JNL/WCM China Quality Growth Fund,2,0,0,0.03166201842604148,1.0692469780315632
S000070010,Atac Us Rotation ETF,1,0,0,0.2889252305220098,1.025564803804994
S000008286,Mid Cap Growth Trust,3,0,0,0.012664788820630615,1.020393833630621
S000071681,MML iShares 60/40 Allocation Fund,3,0,0,0.05914998209803211,1.0197764113333416
S000039358,NYLI WMC Growth Fund,2,0,0,0.00012223611352310608,1.0237510237510237
S000041687,The Gold Bullion Strategy Portfolio,2,0,0,0.19026197198155476,1.0203574975173784
S000075795,ALPS | OShares Europe Quality Dividend ETF,3,0,0,0.1047240172678913,1.0422015311436434
S000006879,Franklin Core Plus Bond Fund,1,0,0,0.00020179290249456742,1.0290693286913715
S000065220,Xtrackers S&P 500 Scored & Screened ETF,2,0,0,0.0002395730786130367,1.0143570536828963
S000073786,Catholic Responsible Investments Equity Index Fund,2,0,0,0.0003387689036193072,1.0221375279493186
S000067508,Xtrackers MSCI Kokusai Equity ETF,3,0,0,0.00046021466635132196,1.0095400695377412
S000001269,Income Equity Fund,2,0,0,0.009760124958860538,0.9973292062042989
S000080720,Capital Group Dividend Growers ETF,1,0,0,0.0007625187379741848,1.1228354940458363
S000008792,International Fund,3,0,0,0.024852265646867242,0.93760479668592
S000003482,Conservative Allocation Fund,2,0,0,0.008137753484525013,1.0219399538106235
S000009999,"AB CORE OPPORTUNITIES FUND, INC.",2,0,0,0.015126952304870262,1.0207618779431167
S000009048,EQ/Capital Group Research Portfolio,2,0,0,0.006130847449754177,1.0213453130338441
S000070274,BlackRock Defensive Advantage Emerging Markets Fund,3,0,0,0.010496449378904822,1.0078513636168862
S000000373,BNY Mellon Emerging Markets Fund,2,0,0,0.011789932549486846,1.0286398605161295
S000036503,First Trust Germany AlphaDEX Fund,1,0,0,0.04414502496762994,1.0434894480627617
S000007297,Fundamental Equity Portfolio,1,0,0,0.0006567733666449504,1.020040369088812
S000072998,Avantis U.S. Large Cap Value ETF,2,0,0,0.0009879142040242796,1.0348786759216562
S000003846,JPMorgan Equity Income Fund,1,0,0,0.00015359063879072217,1.0204808836864532
S000064462,Lord Abbett Health Care Fund,2,0,0,0.018686736519907206,1.0214272743780641
S000021773,The Institutional U.S. Equity Portfolio,2,0,0,4.0482358681065626e-05,1.0228076514021953
S000080074,Aristotle Floating Rate Income Fund,2,0,0,0.04213776288304786,1.0227124814962976
S000037368,JPMorgan SmartRetirement Blend 2040 Fund,1,0,0,3.9637360289231893e-05,1.0212175911756807
S000040968,Virtus Westchester Event-Driven Fund,2,0,0,0.014025051096830039,1.0322936748497884
S000010432,AB Large Cap Growth Portfolio,2,0,0,0.003543354161869698,1.0202581547058382
S000052298,The 3D Printing ETF,2,0,0,0.06577560020346755,0.9179638498400886
S000042978,ARK Next Generation Internet ETF,2,0,0,0.022911177166020633,0.9814557687836469
S000096907,iShares Nasdaq Premium Income Active ETF,1,0,0,0.00021978512554921605,0.9675615212527965
S000051998,Pacer Trendpilot European Index ETF,1,0,0,0.0030380249511810235,1.0579854935178843
S000081082,NYLI PineStone Global Equity Fund,1,0,0,0.011430943666337248,1.052875690268075
S000020659,Madison Small Cap Fund,1,0,0,0.01099049728377684,0.9959713518352731
S000074280,VANGUARD ADVICE SELECT INTERNATIONAL GROWTH FUND,1,0,0,0.011684611779126238,1.3124530403085204
S000017697,First Trust Consumer Staples AlphaDEX Fund,1,0,0,0.0006492627417222727,1.0770239120822116
S000027484,Direxion Daily Consumer Discretionary Bull 3X Shares,1,0,0,0.00035409604225362685,1.0201714782182458
S000004081,GMO U.S. Equity Fund,1,0,0,0.00048650176959102705,1.0539612298486227
S000095479,Nuveen High Yield Corporate Bond ETF,1,0,0,0.00682856522457622,
S000002975,PACE International Equity Investments,4,0,0,0.13364132239531462,1.0349978641289375
S000008004,Science & Technology Fund,4,0,0,0.012491845275904072,1.023360459106351
S000009053,EQ/International Equity Index Portfolio,4,0,0,0.036148030475967735,1.055319092776329
S000049168,Calvert U.S. Large Cap Growth Responsible Index Fund,4,0,0,0.003338504024245631,1.013652649714951
S000068118,JNL/Mellon World Index Fund,4,0,0,,
S000071810,WisdomTree Emerging Markets Efficient Core Fund,4,0,0,0.009545814795040977,1.0043829302057985
S000011096,MFS Research International Portfolio,4,0,0,0.09061285665688791,1.048801649416429
S000042071,FlexShares STOXX Global Broad Infrastructure Index Fund,4,0,0,0.09349857512124853,1.0477790291680205
S000075156,Dimensional Emerging Markets High Profitability ETF,4,0,0,0.056682161392629916,1.070373082718091
S000012331,SPDR(R) S&P(R) Health Care Services ETF,4,0,0,0.12363566448444177,1.0187020502204458
S000034155,Global X Social Media ETF,3,0,0,0.11985330240427529,1.0301065608428412
S000041653,Emerging Markets Equity Fund,4,0,0,0.03605748117037779,1.0372382151622244
S000054749,Fidelity High Dividend ETF,4,0,0,0.03377670263410436,0.9976029970272726
S000014240,Equity Income Fund,3,0,0,0.008073778540717098,1.0260793660571972
S000021462,iShares MSCI Israel ETF,4,0,0,0.03835372697806681,1.009180676499691
S000030872,Empower S&P Mid Cap 400 Index Fund,4,0,0,0.02228420477541505,1.0209933917138339
S000043448,Infrastructure Fund,3,0,0,0.022162180505217653,1.0593137753002315
S000054751,Fidelity Low Volatility Factor ETF,3,0,0,0.02132864294317478,0.9870779044584584
S000002768,JPMorgan U.S. Value Fund,2,0,0,0.003621679505393745,1.0206143896523847
S000004629,PGIM Jennison Small Company Fund,4,0,0,0.07046076367424968,0.9082343129554135
S000005567,Nuveen Small Cap Growth Opportunities Fund,4,0,0,0.012905058938392227,0.9575442913370472
S000006036,Fidelity Advisor New Insights Fund,4,0,0,0.006866761332270791,0.9991902447800427
S000006379,Disciplined U.S. Equity Portfolio,3,0,0,0.01492513914670409,1.0322904841448852
S000007079,MidCap S&P 400 Index Fund,4,0,0,0.012746283878335617,1.0074444252438808
S000020234,Floating Rate Income Fund,4,0,0,0.02752451473779976,1.027293546176905
S000026132,Select Bond Trust,4,0,0,0.002411116934800175,1.0210252162743352
S000035883,iShares MSCI Agriculture Producers ETF,4,0,0,0.11975377879232257,1.0243902252653212
S000040754,The Gold Bullion Strategy Fund,4,0,0,0.05693631116928523,1.0203574975173784
S000068165,JPMorgan BetaBuilders U.S. Mid Cap Equity ETF,4,0,0,0.05520168947419087,1.0233007486301477
S000002541,BlackRock Mid-Cap Value Fund,4,0,0,0.043314038348515424,1.0219624066573614
S000003718,Internet Fund,2,0,0,0.004286109135484967,1.0184205173830367
S000003880,Putnam VT Core Equity Fund,4,0,0,0.02343459410949462,1.0203560960642282
S000007105,Fidelity International Small Cap Opportunities Fund,4,0,0,0.021293763039841176,1.0408508935799201
S000023736,Empower International Value Fund,4,0,0,0.09506006045742683,1.0505697180738118
S000033942,Vericimetry U.S. Small Cap Value Fund,4,0,0,0.01765597997255627,1.0256287916111577
S000004061,Calamos Growth & Income Fund,4,0,0,0.02574244714259332,1.0133399626574788
S000005381,Nuveen International Equity Fund,3,0,0,0.03242576292322314,1.0478546734771648
S000012330,SPDR(R) S&P(R) Health Care Equipment ETF,4,0,0,0.28943100249056264,1.0135766729322364
S000022429,Calamos Evolving World Growth Fund,4,0,0,0.06756939369365195,1.0348735102532958
S000025032,NVIT BNY Mellon Dynamic U.S. Equity Income Fund,4,0,0,0.11208394866897772,1.0152779020412106
S000026902,Transamerica Goldman Sachs Managed Risk - Conservative ETF VP,4,0,0,0.1369778913454379,1.0153688319197562
S000038669,International Social Core Equity Portfolio,4,0,0,0.06731111803370361,1.0477012841253892
S000000371,BNY Mellon Small Cap Multi-Strategy Fund,3,0,0,0.20116267573554433,1.0125054069037442
S000005453,Fidelity Stock Selector Small Cap Fund,4,0,0,0.03416364343449415,1.0259839764451202
S000040588,Barrons 400 ETF,4,0,0,0.12484263458822141,1.0183267364664421
S000046660,Nuveen Emerging Markets Debt Fund,4,0,0,0.03224819751640153,1.0213811136498732
S000065158,VictoryShares Emerging Markets Value Momentum ETF,4,0,0,0.014181856383941926,1.0567511201497306
S000002779,MidCap Stock Portfolio,4,0,0,0.12771831063671124,0.9966478993215919
S000071868,Ocean Park Tactical Risk Spectrum 70 Fund,4,0,0,0.09943553449748907,1.013989043642663
S000090149,Invesco SteelPath MLP & Energy Infrastructure ETF,4,0,0,0.09589621835560456,1.0210748996123225
S000008312,Small Cap Opportunities Trust,4,0,0,0.0723054159627508,1.0236490034307189
S000040474,iShares Ultra Short Duration Bond Active ETF,4,0,0,0.019658350075448583,1.0299311773139745
S000043435,Lifestyle Blend Conservative Portfolio,3,0,0,0.0338621910318761,1.0200120468151812
S000050383,Horizon Active Income Fund,4,0,0,0.24312513494589172,1.0207425810244677
S000064625,Invesco Global Opportunities Fund,4,0,0,0.03345381288418502,1.0208882281189982
S000071770,iShares BBB Rated Corporate Bond ETF,4,0,0,0.06954421686608535,0.9939294314715729
S000000690,Harbor International Fund,2,0,0,0.001289199848249142,1.0501980456646307
S000002826,EMERGING MARKETS PORTFOLIO,3,0,0,0.012999815746013124,1.0223333239678487
S000003312,Capital Appreciation Fund,1,0,0,0.010691111369074453,1.020147664844429
S000005759,VY(R) T. ROWE PRICE CAPITAL APPRECIATION PORTFOLIO,4,0,0,0.04613713724865405,0.9983464559454839
S000026010,High Yield Bond Portfolio,4,0,0,0.14027204328067758,1.0191151577060737
S000035386,iShares MSCI Finland ETF,4,0,0,0.015421320489884791,1.0089322186702812
S000053600,iShares International Dividend Growth ETF,4,0,0,0.0025989172227738407,1.0483272131406642
S000053944,First Trust Nasdaq Oil & Gas ETF,2,0,0,0.008199078816065283,1.0453828817955948
S000057237,U.S. High Relative Profitability Portfolio,4,0,0,0.011726896226671123,1.02046821260612
S000065700,Fidelity Series Overseas Fund,1,0,0,0.00024313311264161636,1.0647902283590016
S000003478,JPMorgan Core Plus Bond Fund,2,0,0,2.506023796433717e-09,11000.75118385585
S000003683,Banking Fund,1,0,0,0.0038459792203915802,1.0240171080769864
S000005437,Fidelity Advisor Focused Emerging Markets Fund,4,0,0,0.018567009156417926,1.012225419697863
S000006901,NYLI Candriam Emerging Markets Debt Fund,4,0,0,0.02016282060204491,1.0287459732726623
S000019397,Fidelity International Growth Fund,4,0,0,0.0187062727540349,0.9931195621468404
S000046839,Calvert Flexible Bond Fund,4,0,0,0.015534938788893645,1.0189428046501134
S000052353,WisdomTree Dynamic International Equity Fund,4,0,0,0.01811942247939298,1.0486443267677004
S000063106,Fidelity ZERO Total Market Index Fund,4,0,0,0.005762903007074818,1.0093451519646013
S000077600,NYLI MacKay High Income ETF,4,0,0,0.0394483897748936,1.0348177074600904
S000025033,NVIT BNY Mellon Dynamic U.S. Core Fund,4,0,0,0.08264036457986061,1.0183330022581414
S000029642,MML Total Return Bond Fund,4,0,0,0.17759546943716029,1.0197442409124613
S000044688,1290 VT Micro Cap Portfolio,4,0,0,0.17523085253014806,1.0252372861670258
S000084097,Sprott Copper Miners ETF,4,0,0,0.1095555949404358,0.9895038257280304
S000005115,Fidelity Advisor Small Cap Fund,4,0,0,0.05680201978926123,0.9558553533786751
S000006505,Loomis Sayles Small Cap Growth Portfolio,4,0,0,0.14799687395543665,1.0215335711727307
S000007742,VIP Health Care Portfolio,4,0,0,0.05691109375762796,0.917292609320183
S000008436,Emerging Markets Equity Fund,3,0,0,0.0026725892071377886,1.0245717301228774
S000012197,Nuveen Large Cap Growth Fund,2,0,0,0.005811816037827298,0.9984658652384245
S000041317,SPDR(R) Portfolio S&P 600 Small Cap ETF,4,0,0,0.08713968941932895,0.9998440584278789
S000011767,Payden High Income Fund,4,0,0,0.02565265873038357,1.0160985222586132
S000012973,Federated Hermes MDT Small Cap Growth Fund,4,0,0,0.05285472311451923,1.0279284087975693
S000021223,Voya RussellTM Mid Cap Index Portfolio,4,0,0,0.013658042308095808,0.9815142234379627
S000036610,EQ/PIMCO Global Real Return Portfolio,1,0,0,0.005327556640680585,1.020243928131622
S000047524,Invesco Russell 1000 Equal Weight ETF,4,0,0,0.1670624049463793,1.022750061606709
S000055171,U.S. Sector Rotation Fund,4,0,0,0.00012764371181947867,1.0337599098380084
S000057835,iShares MSCI Emerging Markets ex China ETF,4,0,0,0.012332773230961396,1.089978619841523
S000075196,Innovator Laddered Allocation Buffer ETF,4,0,0,0.013053519451572734,1.0158617002316876
S000001247,Stock Index Fund,4,0,0,0.0012796994882399001,0.980543612050338
S000001273,Mid Cap Index Fund,4,0,0,0.02175598870584869,0.9927178606926327
S000002623,JPMorgan International Equity Fund,4,0,0,0.008258854638923877,1.0500600913257554
S000003717,Health Care Fund,1,0,0,0.03069965408894699,1.0206613985557416
S000005405,NVIT Investor Destinations Moderate Fund,4,0,0,0.06869522148343024,1.0206644962275457
S000048091,WisdomTree European Opportunities Fund,3,0,0,0.027346024178826835,1.036183100387552
S000069307,Avantis Core Fixed Income Fund,4,0,0,0.034530687682361796,1.018898141542874
S000073560,Dimensional Short-Duration Fixed Income ETF,4,0,0,0.0271855811729386,1.0215992161304297
S000076642,Dimensional Global Sustainability Fixed Income ETF,4,0,0,0.01177696224388857,1.020833022817414
S000000243,Invesco High Yield Fund,4,0,0,0.07063882953221134,1.0228422601420797
S000001434,THRIVENT CONSERVATIVE ALLOCATION PORTFOLIO ,4,0,0,0.013624036084664613,1.0187452464152325
S000007153,Fidelity Puritan Fund,4,0,0,0.004900207535271994,0.9817438666963136
S000017699,First Trust Financials AlphaDEX Fund,4,0,0,0.008697249551232975,0.9765584933502429
S000023512,Overseas Fund,4,0,0,0.012526650988094596,1.0317674829413483
S000026479,Multi-Manager High Yield Opportunity Fund,4,0,0,0.07774169986478988,1.0198712983217624
S000055401,iShares Core 5-10 Year USD Bond ETF,4,0,0,0.005932043111022598,1.0310010036903106
S000063104,Fidelity ZERO Large Cap Index Fund,4,0,0,0.0021960233670157204,0.9987139340726053
S000063466,iShares USD Green Bond ETF,4,0,0,0.06418394801850644,1.0343192336657796
S000070653,iShares International Developed Small Cap Value Factor ETF,4,0,0,0.0184837104516943,1.068986885610396
S000088762,Janus Henderson Income ETF,4,0,0,0.017376642714833114,1.021043936941579
S000087820,American Funds U.S. Small & Mid Cap Equity Fund,4,0,0,0.02392971723858086,1.0214487909376937
S000043749,MML International Equity Fund,4,0,0,0.014167140079631652,1.049411497084756
S000062301,American Century Quality Diversified International ETF,4,0,0,0.05886111856296957,1.051216795800499
S000062668,NVIT iShares Fixed Income ETF Fund,4,0,0,0.22697474320509242,1.020876098361013
S000066456,Avantis International Equity ETF,4,0,0,0.03521051148206174,1.037708412842337
S000003592,HARTFORD SMALL CAP VALUE FUND,4,0,0,0.047470425724853646,1.014757782659337
S000017334,SPDR Portfolio Aggregate Bond ETF,4,0,0,0.0765502339010601,1.023219120342944
S000017804,The Canadian Small Company Series,4,0,0,0.11956047287999726,1.0453961787479362
S000030014,VANGUARD S&P MID-CAP 400 INDEX FUND,4,0,0,0.003253396327381377,1.0574696550816218
S000040322,Empiric Fund,4,0,0,0.20595666429058881,0.9967693578386131
S000046867,AZL DFA U.S. Core Equity Fund,4,0,0,0.001819306516214275,1.0243185789398406
S000059804,PGIM Global Total Return (USD Hedged) Fund,4,0,0,0.031833016542247815,1.0193672827431457
S000060812,Invesco S&P 500 Equal Weight ETF,3,0,0,0.03985697811407373,1.0214717070423591
S000064607,Invesco Russell 1000 Dynamic Multifactor ETF,4,0,0,0.05347289771797295,1.0200363972203004
S000079219,Horizon Tactical Fixed Income Fund,4,0,0,0.2567630277138877,1.0192974626133975
S000000768,MFS Technology Fund,1,0,0,0.002963180733813405,1.0436432637571158
S000003727,Mid-Cap 1.5x Strategy Fund,2,0,0,0.00671299080405378,0.9500837033361887
S000004255,iShares MSCI South Africa ETF,1,0,0,0.01459854449953634,1.0795574448465421
S000036906,iShares US & Intl High Yield Corp Bond ETF,4,0,0,0.13119572155389506,1.0465147433463942
S000058301,iShares iBonds Dec 2027 Term Corporate ETF,4,0,0,0.04279426919952835,1.0262110195835326
S000066849,iShares MSCI USA Quality GARP ETF,4,0,0,0.008795356761682036,0.9529745125823182
S000004263,iShares MSCI Belgium ETF,4,0,0,0.0300142812098049,1.050169179853144
S000005469,DWS International Growth Fund,4,0,0,0.022130851921523954,1.042838004540371
S000012165,Fidelity International Value Fund,4,0,0,0.019957386953008367,1.0279470207145762
S000018300,Goldman Sachs International Small Cap Insights Fund,4,0,0,0.024196360812587005,1.0545399904271329
S000021459,Impax Small Cap Fund,3,0,0,0.060074870171329404,1.0206722990594566
S000027822,Invesco American Franchise Fund,4,0,0,0.007639142449331022,1.0206285610326025
S000032712,MFS New Discovery Value Fund,4,0,0,0.01100763516265261,1.0171547839385358
S000046118,Core Plus Income Fund,3,0,0,0.006160933565366771,1.0210280307845474
S000049025,iShares International Small-Cap Equity Factor ETF,4,0,0,0.047513073029459146,1.0824491922670774
S000061110,MassMutual Select T. Rowe Price Real Assets Fund,1,0,0,0.030802328652906184,1.0514474631851223
S000001748,JNL/WMC Value Fund,4,0,0,0.012634311439326954,0.9812496515631061
S000004060,Calamos Convertible Fund,4,0,0,0.08532464907663302,1.015314534553121
S000027922,Direxion Daily S&P 500 Bull 2X Shares,3,0,0,0.0022140440005168067,1.0212230228760206
S000037179,VanEck Preferred Securities ex Financials ETF,4,0,0,0.07055623354530864,0.9706714981551581
S000059702,SPDR S&P Kensho Future Security ETF,4,0,0,0.10554368006751294,0.9731366795321486
S000069834,ProShares MSCI Transformational Changes ETF,4,0,0,0.027382434242474326,1.0311716558153259
S000077963,Calvert Ultra-Short Investment Grade ETF,4,0,0,0.0735150533395619,1.0204531500156986
S000007194,Fidelity Small Cap Value Fund,4,0,0,0.05055911001980549,0.9855598084733256
S000009210,EQ/Global Equity Managed Volatility Portfolio,4,0,0,0.018673506651638395,1.0442024047460456
S000010512,AB All Market Total Return Portfolio,4,0,0,0.0732639150316471,1.0227902003898555
S000012333,SPDR(R) S&P(R) Metals & Mining ETF,4,0,0,0.21691023717926494,0.9978655336328307
S000038876,FlexShares International Quality Dividend Index Fund,4,0,0,0.1319701928902398,1.0647418742729904
S000041106,Nationwide Loomis Core Bond Fund,4,0,0,0.08173209550538389,1.0218485792815937
S000043008,FlexShares Global Quality Real Estate Index Fund,4,0,0,0.1686028961763792,1.0386003631012801
S000050968,SPDR Portfolio S&P 500 High Dividend ETF,4,0,0,0.012954949089547873,1.0259445862615988
S000059399,EQ/AB Dynamic Aggressive Growth Portfolio,4,0,0,0.04758235630525372,1.0248710440159967
S000001463,Meridian Contrarian Fund,4,0,0,0.11743470519691009,0.9974814922613574
S000071549,Invesco MSCI Green Building ETF,3,0,0,0.13286101545768308,1.0324505375694042
S000075917,Pacer Industrials and Logistics ETF,3,0,0,0.13385670955340723,1.0064341790957845
S000083073,iShares Total Return Active ETF,4,0,0,0.02833656683856812,1.0277818141436987
S000032809,The Hartford Emerging Markets Local Debt Fund,4,0,0,0.003718878608519937,1.0199229920917505
S000058746,Invesco MSCI USA ETF,4,0,0,0.015555643524384172,1.0212642617153507
S000069940,Abacus Flexible Bond Leaders ETF,4,0,0,0.32990400583769436,1.018402945103213
S000072647,Sonicshares Global Shipping ETF,4,0,0,0.11958757679078935,0.9805416615835061
S000086051,JPMorgan Fundamental Data Science Small Core ETF,4,0,0,0.055064069947847016,1.0233886214932444
S000003024,Invesco S&P SmallCap Momentum ETF,4,0,0,0.1733727432672561,1.0219725091106868
S000003719,Leisure Fund,2,0,0,0.016362559042021788,1.0166738731805696
S000006213,Hotchkis and Wiley Large Cap Fundamental Value Fund,2,0,0,0.03194144023631993,1.0215482841181165
S000050033,Xtrackers MSCI EAFE High Dividend Yield Equity ETF,4,0,0,0.012273614908990274,1.0463597385212013
S000054859,Hartford Schroders US Small Cap Opportunities Fund,4,0,0,0.03941714979461143,1.0170507570853777
S000082278,Amplify Cybersecurity ETF,4,0,0,0.058979255253996596,0.9609610050236896
S000086269,iShares Technology Opportunities Active ETF,4,0,0,0.11683375489200248,1.0069688934499044
S000003801,Energy Services Fund,1,0,0,0.01720550133799481,1.029153054011927
S000004341,iShares Russell 3000 ETF,4,0,0,0.016882769489954333,1.0107113111559027
S000004345,iShares Russell 1000 Value ETF,4,0,0,0.010057865750188003,1.004894248786129
S000007903,Transamerica TSW Mid Cap Value Opportunities VP,2,0,0,0.010315565893567842,1.020000385698855
S000009598,New Economy Fund,4,0,0,0.0010402306987899218,0.9254745072323328
S000026954,AdvisorShares Dorsey Wright ADR ETF,4,0,0,0.18495558374043877,0.9846315039884207
S000074745,NYLI U.S. Large Cap R&D Leaders ETF,4,0,0,0.018111243746166142,1.010202389094397
S000081270,Calamos Convertible Equity Alternative ETF,4,0,0,0.18824992834943519,1.001840847680032
S000006984,SPDR Portfolio S&P 500 Growth ETF,4,0,0,0.002132057416243764,1.0040246617571502
S000041104,Nationwide Geneva Small Cap Growth Fund,4,0,0,0.10996866761719855,1.0212142067091898
S000002973,PACE Small/Medium Co Value Equity Investments,4,0,0,0.15486876951535486,1.0105836054521193
S000003225,HARTFORD DIVIDEND AND GROWTH HLS FUND,4,0,0,0.014722147857952367,1.0283953441134945
S000003785,MassMutual Premier Short-Duration Bond Fund,4,0,0,0.02440746330625067,1.020279711948527
S000005594,iMGP International Fund,4,0,0,0.03601081959459534,1.0362145345207336
S000006521,MetLife MSCI EAFE Index Portfolio,4,0,0,0.032258196622222096,1.020093922445596
S000006980,SPDR(R) NYSE Technology ETF,4,0,0,0.057722312823958885,1.0204502085693425
S000025533,VanEck Brazil Small-Cap ETF,4,0,0,0.05776200429909127,1.0126626682070856
S000056168,VanEck Green Bond ETF,4,0,0,0.07899115104966156,1.0310889884947754
S000057664,WisdomTree Yield Enhanced U.S. Short-Term Aggregate Bond Fund,4,0,0,0.034779739269003386,1.0282844132049265
S000065157,VictoryShares International Value Momentum ETF,4,0,0,0.050562455251112824,1.050156848177451
S000007169,SmallCap Value Fund II,4,0,0,0.02844392077220244,1.0115429698671625
S000009379,The U.S. Equity Portfolio,4,0,0,0.00018617975878820896,1.0211236891120896
S000013101,Invesco Dorsey Wright Energy Momentum ETF,4,0,0,0.1975255634473996,1.0214187970818736
S000028296,Invesco S&P SmallCap Consumer Staples ETF,4,0,0,0.3234385958691874,1.021637475758764
S000031002,Xtrackers MSCI Japan Hedged Equity ETF,4,0,0,0.011918387624071809,1.047014222627468
S000047391,Monthly Rebalance NASDAQ-100 2x Strategy Fund,2,0,0,0.00293715514969756,1.0004647635821042
S000055167,Horizon Defined Risk Fund,3,0,0,0.05475956698149126,1.014351900370874
S000064710,Invesco Discovery Mid Cap Growth Fund,4,0,0,0.06420838583322462,1.0206405615486078
S000079204,BlackRock Diversified Fixed Income Fund,4,0,0,0.02146776260455513,1.0346282556999225
S000004346,iShares Russell 1000 Growth ETF,4,0,0,0.007222353331433054,0.9832758133401182
S000004659,PGIM Jennison Value Fund,2,0,0,0.03862620273221658,0.9197557713468483
S000007299,Bond-Debenture Portfolio,4,0,0,0.024293263172513825,1.0220044845236544
S000010402,Janus Henderson Global Research Portfolio,3,0,0,0.007268524688356697,1.0500667030656197
S000029320,Goldman Sachs High Yield Floating Rate Fund,4,0,0,0.014953221407000202,1.0154482594598218
S000061377,Goldman Sachs JUST U.S. Large Cap Equity ETF,4,0,0,0.00046759309210393145,0.9949305850413657
S000069536,iShares ESG Select Screened S&P Small-Cap ETF,4,0,0,0.04848420216320885,1.0082833094648913
S000001325,CRM SMALL/MID CAP VALUE FUND,4,0,0,0.025601597584939843,0.9815597697744572
S000005569,Nuveen Small Cap Select Fund,3,0,0,0.03359387733130095,0.9508584709044579
S000007203,SmallCap S&P 600 Index Fund,4,0,0,0.00719865055042447,0.9898578283378816
S000061813,THRIVENT SMALL CAP GROWTH PORTFOLIO,3,0,0,0.01902583382335678,1.0193130488287678
S000068343,THRIVENT ESG INDEX PORTFOLIO,4,0,0,0.00023837908075548467,0.9961466802168022
S000010411,AB Large Cap Value Fund,3,0,0,0.05034929887977021,1.0233545797170924
S000036713,VanEck Morningstar Wide Moat ETF,4,0,0,0.02482309752845739,1.0108054587906068
S000068119,JNL/Mellon Nasdaq 100 Index Fund,3,0,0,0.004898176884241642,1.0055796484821666
S000003213,HARTFORD INTERNATIONAL OPPORTUNITIES HLS FUND,4,0,0,0.017268276160026647,1.038082687677696
S000007999,Large Capital Growth Fund,2,0,0,0.009046296050846876,1.0211896633973228
S000019665,SPDR(R) Portfolio Short Term Treasury ETF,4,0,0,0.07703438811733923,1.0327421335186928
S000002820,Passport Overseas Equity Portfolio,4,0,0,0.015179799209225015,1.04754861822796
S000034406,VanEck Biotech ETF,4,0,0,0.04955342513775921,0.965748278325583
S000087726,Select STOXX Europe Aerospace & Defense ETF,4,0,0,,
S000006539,PIN OAK EQUITY FUND,3,0,0,0.060064194866577963,
S000091676,ALPS Electrification Infrastructure ETF,3,0,0,0.10491001834224849,1.0092625446210848
S000002101,T. Rowe Price Communications & Technology Fund,3,0,0,0.024741389573930173,1.0218288575876824
S000012854,Artisan Sustainable Emerging Markets Fund,3,0,0,0.012478359262063825,1.0518152540901335
S000034163,Schwab U.S. Dividend Equity ETF,3,0,0,0.0018453161162752258,1.0208429421729077
S000066201,Federated Hermes Emerging Markets Equity Fund,2,0,0,0.003997074781404993,1.0412282538038629
S000005553,Nuveen Small/Mid Cap Growth Opportunities Fund,3,0,0,0.009782048990182916,0.9540932716146501
S000038896,Short Bond Fund,3,0,0,0.009305801610304285,1.0209667540579652
S000067561,iShares iBonds Dec 2026 Term Treasury ETF,3,0,0,0.023511463558109978,0.9719669436977116
S000074246,Capital Group Growth ETF,2,0,0,0.0003880519991407809,0.9192360122306834
S000083416,Eaton Vance Short Duration Municipal Income ETF,3,0,0,0.0006519116865235789,1.0198102485952876
S000049795,iShares Currency Hedged MSCI EAFE Small-Cap ETF,2,0,0,0.24038693945458744,1.010886469673406
S000091770,Invesco International Growth Focus ETF,3,0,0,0.05013208323522198,1.019648314289793
S000021242,NexPoint Event Driven Fund,3,0,0,0.08216185810741873,1.0232777813303502
S000043730,Xtrackers MSCI All World ex US Hedged Equity ETF,3,0,0,0.00163780432934091,1.0128913443830572
S000043942,BNY Mellon Global Emerging Markets Fund,3,0,0,0.018701655186815283,1.0304809623228803
S000086172,T. Rowe Price Technology ETF,2,0,0,0.0021411888672510405,1.0225375626043405
S000059066,Touchstone Variable Series Trust-Touchstone Balanced Fund,2,0,0,0.009432573924613078,1.02116981675941
S000085735,Fidelity SAI Real Estate Fund,2,0,0,0.0015517355250829821,1.05263163768797
S000058551,American Beacon Shapiro Equity Opportunities Fund,2,0,0,0.050215998127877325,1.0204043986894764
S000011056,Emerging Markets Portfolio,2,0,0,0.007265835171740682,1.0431420214778961
S000079041,John Hancock International High Dividend ETF,3,0,0,0.07930651192064957,1.0526802096589998
S000093585,AAM Todd International Intrinsic Value ETF,3,0,0,0.19233196609082623,1.0025840143548848
S000037495,ALPS Sector Dividend Dogs ETF,2,0,0,0.031606105889974014,1.0100026836588631
S000046395,Victory Multi-Cap Fund,1,0,0,0.003473939759874049,1.0216110019646365
S000087907,QQQ Plus Bond Alpha Portfolio,2,0,0,0.018312100347902528,1.0192569769489106
S000038342,MFS Equity Income Fund,2,0,0,0.011002773466691606,1.0273972602739727
S000093518,DF Tactical 30 ETF,2,0,0,0.03846281701551372,1.0281564752910783
S000090722,E*TRADE No Fee Total Market Index Fund,2,0,0,0.0035296870079660424,0.9931319861805132
S000014261,ProShares Ultra Communication Services,2,0,0,0.005555892271787922,1.0286225402504472
S000080072,Aristotle Core Income Fund,2,0,0,0.047930335395389406,1.0201804316706777
S000089963,Janus Henderson Transformational Growth ETF,2,0,0,0.019701789910936098,1.0204404172373829
S000023588,iShares Core 80/20 Aggressive Allocation ETF,2,0,0,0.13045997452673624,1.006339144215531
S000010408,Janus Henderson Global Technology and Innovation Portfolio,2,0,0,0.00708210508565798,1.020312361402831
S000023750,Empower U.S. Government Securities Fund,2,0,0,0.00641127423541311,1.0201968130701589
S000050775,ProShares S&P 500 Ex-Energy ETF,2,0,0,0.00017041393140656096,1.0221222466677908
S000086049,JPMorgan Fundamental Data Science Large Core ETF,1,0,0,0.004810001578758761,1.0208927782197472
S000077903,JPMorgan SmartRetirement Blend 2065 Fund,1,0,0,0.004906587608235065,1.0212175911756982
S000082812,FundX Flexible ETF,1,0,0,0.10515266265135777,1.0138356588383088
S000016885,VanEck Russia ETF,1,0,0,,
S000036904,Global X SuperIncome Preferred ETF,1,0,0,0.015493253565468563,1.006990014006944
S000063743,Fidelity SAI Emerging Markets Low Volatility Index Fund,1,0,0,8.27211654363584e-06,1.0594382681229615
S000079689,Fidelity Disruptive Technology ETF,1,0,0,0.006267562441305987,1.0562700343722242
S000089786,T. Rowe Price Hedged Equity ETF,1,0,0,0.01752418515303831,0.9963325183374083
S000091480,RJ Eagle GCM Dividend Select Income ETF,1,0,0,0.004916901457897567,0.9960347432024169
S000014085,Principal Capital Appreciation Account,1,0,0,0.0029802813049918946,0.9766146817425757
S000009517,Royce Smaller-Companies Growth Fund,4,0,0,0.06437693515832454,0.9895414797439004
S000010994,CVT Nasdaq-100 Index Portfolio,4,0,0,0.006033070554082158,0.991562606838085
S000011089,Morgan Stanley Discovery Portfolio,4,0,0,0.28361666693121823,1.0220193651418716
S000011113,SSGA Growth ETF Portfolio,4,0,0,0.2971324911869667,1.0210546709018393
S000031509,TOPS Managed Risk Growth ETF Portfolio,4,0,0,0.16469482320852963,1.0210398216956156
S000072999,Avantis Real Estate ETF,4,0,0,0.02504464432004469,1.0519261129466324
S000005367,Nuveen Small Cap Blend Index Fund,4,0,0,0.06867476263623516,0.9802425502103724
S000009868,AMG GW&K ESG Bond Fund,4,0,0,0.10188560257504573,1.0280517706601344
S000022901,VanEck Africa Index ETF,4,0,0,0.1206209143204024,1.0514766864687421
S000025035,NVIT Investor Destinations Capital Appreciation Fund,4,0,0,0.06258744360854276,1.0205091570509301
S000051577,SPDR FactSet Innovative Technology ETF,4,0,0,0.10476484981721684,0.9806876434115169
S000077485,Avantis Inflation Focused Equity ETF,4,0,0,0.007022451261312657,1.0169433204337306
S000010709,JNL Multi-Manager Emerging Markets Equity Fund,4,0,0,0.037197590247084536,1.0453520249896764
S000011107,Invesco Comstock Portfolio,4,0,0,0.09031793673496802,1.0246790224512514
S000011125,Brighthouse/Wellington Large Cap Research Portfolio,4,0,0,0.1051174009501767,1.0225385203069381
S000020001,Moderate Allocation Fund,4,0,0,0.0779683433310991,1.0119331441683
S000044695,Multimanager Technology Portfolio,4,0,0,0.03489421389950518,1.0242283000881078
S000004266,iShares MSCI Emerging Markets ETF,4,0,0,0.027773458223367936,1.0524151697979127
S000008406,Fidelity Specialized High Income Central Fund,4,0,0,0.11120943710150348,1.0299864665956615
S000008703,VOYA GROWTH AND INCOME PORTFOLIO,1,0,0,0.007991024728780402,1.0375742871387366
S000009322,Goldman Sachs Small/Mid Cap Growth Fund,4,0,0,0.007139377103542894,1.0037171962847424
S000050385,First Trust Nasdaq Cybersecurity ETF,4,0,0,0.08561251802151744,1.015465417009195
S000052995,JNL/DoubleLine Emerging Markets Fixed Income Fund,4,0,0,,
S000067906,Shelton Emerging Markets Fund,3,0,0,0.03064015741550306,1.0369627054394905
S000083879,Direxion Daily AI and Big Data Bull 2X Shares,3,0,0,0.014452397591205405,1.0228754032302456
S000007022,Fidelity Mega Cap Stock Fund,4,0,0,0.01564092673972498,1.0395980592322291
S000007724,VIP Contrafund Portfolio,4,0,0,0.008641898375708265,0.9948206108358648
S000009329,Goldman Sachs Small Cap Equity Insights Fund,4,0,0,0.013570260951050472,0.9820251941359192
S000067917,THRIVENT MID CAP GROWTH FUND,3,0,0,0.01475601892220482,1.0136633839055984
S000083494,Cambria Micro and SmallCap Shareholder Yield ETF,3,0,0,0.031089913273245666,1.0254417872802255
S000000956,ENHANCED U.S. LARGE COMPANY PORTFOLIO,4,0,0,0.018669753685977883,1.015339048949248
S000002087,"T. Rowe Price Growth Stock Fund, Inc.",3,0,0,0.0025521487102315517,0.9928882911521376
S000004118,Corporate Bond Portfolio,4,0,0,0.012772303854275914,1.0172819004737248
S000005114,Fidelity Advisor Stock Selector Mid Cap Fund,4,0,0,0.04438473235269673,0.9753737558012993
S000010494,Janus Henderson Global Life Sciences Fund,3,0,0,0.004258552340929382,1.0228921444566166
S000026029,Mid-Cap Value Portfolio,4,0,0,0.01890325504832366,1.0192636142988032
S000027810,Invesco Growth and Income Fund,4,0,0,0.009854952012524489,1.0500446502123348
S000035885,iShares MSCI Global Metals & Mining Producers ETF,4,0,0,0.02737043969851152,1.0286464380259244
S000037225,Victory Cornerstone Moderately Conservative Fund,4,0,0,0.056257562723397166,1.0219255830246232
S000066401,iShares iBonds Dec 2029 Term Corporate ETF,4,0,0,0.054408637451998594,1.029932041606256
S000001740,JNL/PPM America High Yield Bond Fund,4,0,0,,
S000003604,THE HARTFORD CAPITAL APPRECIATION FUND,4,0,0,0.0063926699837945624,1.0030559936908516
S000006511,BlackRock Bond Income Portfolio,4,0,0,0.019353680451612565,1.023031973402437
S000006976,SPDR(R) Dow Jones REIT ETF,4,0,0,0.015124076557823114,1.0250148412316116
S000026500,Nuveen Bond Index Fund,4,0,0,0.007753359935722285,1.0273439096548416
S000049575,WisdomTree Yield Enhanced U.S. Aggregate Bond Fund,4,0,0,0.05303740353646268,1.035007758657459
S000071123,JNL Emerging Markets Index Fund,4,0,0,0.009658783067666868,1.059101062020151
S000077598,NYLI Candriam U.S. Mid Cap Equity ETF,4,0,0,0.040648753027237236,0.9771757090116021
S000081807,Fidelity Enhanced Small Cap ETF,4,0,0,0.06959861869465253,1.005265459308322
S000005416,NVIT S&P 500 Index Fund,4,0,0,0.05383321870531621,1.0221094209333543
S000014248,ProShares Ultra Russell2000,4,0,0,0.021788561560275265,1.0344056998828572
S000039569,AMG TimesSquare International Small Cap Fund,4,0,0,0.08932681969346086,1.022751207094008
S000000096,"BNY Mellon Worldwide Growth Fund, Inc.",3,0,0,0.009877415650363059,1.0307223243510957
S000006502,Baillie Gifford International Stock Portfolio,4,0,0,0.06614761647791305,1.0440711977208874
S000000255,Invesco Real Estate Fund,4,0,0,0.1030346470444803,1.0228012709810055
S000001345,THRIVENT MID CAP STOCK FUND,3,0,0,0.009399999577169738,0.9876065065840434
S000003798,Precious Metals Fund,1,0,0,1.4401832577638394e-06,1.0041551246537397
S000005581,Putnam Large Cap Value Fund,4,0,0,0.00414139907830714,1.0207391325801236
S000019901,Schwab Fundamental International Small Equity Index Fund,4,0,0,0.010007554659491654,1.0505241423183094
S000061573,Pacer Data & Infrastructure Real Estate ETF,3,0,0,0.09762261634061979,0.9903789459440584
S000061654,Donoghue Forlines Tactical Allocation Fund,4,0,0,0.26689477019061897,1.0204559044508597
S000064645,Invesco Active Allocation Fund,4,0,0,0.019617785093502108,1.020384310819024
S000072470,Invesco PHLX Semiconductor ETF,4,0,0,0.07287204633528206,1.020757971823261
S000081601,Fidelity Equity Growth K6 Fund,4,0,0,0.01123517994179344,0.9849977269283224
S000089153,John Hancock Core Plus Bond ETF,4,0,0,0.009725506245022997,1.0202900268312094
S000007594,VY(R) JPMORGAN MID CAP VALUE PORTFOLIO,3,0,0,0.007142860473597441,1.0084967705069336
S000025889,Janus Henderson Global Real Estate Fund,4,0,0,0.01525961021339116,1.0209870316032816
S000060180,JPMorgan USD Emerging Markets Sovereign Bond ETF,1,0,0,0.001123214362395232,1.0205218119957735
S000073434,Janus Henderson Corporate Bond ETF,4,0,0,0.07067304113521708,1.0197593661351854
S000085643,Innovator Hedged Nasdaq-100 ETF,4,0,0,0.0878883378259155,1.0075627164357748
S000003685,Mid-Cap 1.5x Strategy Fund,1,0,0,0.008525515460240619,1.0189425481902976
S000011093,JPMorgan Core Bond Portfolio,4,0,0,0.07972655036852835,1.020993677398102
S000053083,SPDR MSCI EAFE Fossil Fuel Reserves Free ETF,4,0,0,0.0826982595065049,1.049410499190783
S000077486,Avantis All Equity Markets ETF,3,0,0,0.0014029150332716242,1.018568973466907
S000003665,MassMutual Mid Cap Growth Fund,4,0,0,0.07915899184446196,1.0193054025601618
S000006508,Jennison Growth Portfolio,4,0,0,0.04636484174595847,1.020470876590686
S000009174,EQ/Large Cap Core Managed Volatility Portfolio,4,0,0,0.016789800022525583,1.0226221965497715
S000025795,ATM Large Cap Managed Volatility Portfolio,4,0,0,0.0027676766606349315,1.0137907631641776
S000028542,NYLI WMC International Research Equity Fund,4,0,0,0.0194047155089959,1.043346590947008
S000063381,UBS Engage For Impact Fund,4,0,0,0.06669539052429449,1.034549968825886
S000005402,NVIT International Equity Fund,4,0,0,0.07750823604454375,1.049950616679786
S000012387,WisdomTree U.S. AI Enhanced Value Fund,4,0,0,0.0288659518271423,1.0086981987899664
S000012960,Emerging Markets Social Core Equity Portfolio,4,0,0,0.06764315856900402,1.055830726862028
S000078983,Sprott Lithium Miners ETF,4,0,0,0.26700075470862705,1.0598197048408151
S000013128,Invesco Dorsey Wright Consumer Cyclicals Momentum ETF,3,0,0,0.24874704975408723,1.0226398666191454
S000020421,DFA Selectively Hedged Global Fixed Income Portfolio,4,0,0,0.0033713441075760926,1.0199349476451351
S000042248,Dunham Floating Rate Bond Fund,4,0,0,0.028357911674028995,1.0182607569544606
S000058424,Xtrackers High Beta High Yield Bond ETF,4,0,0,0.09101161400034062,1.037470535837935
S000061992,JPMorgan BetaBuilders Canada ETF,4,0,0,0.046804835579681174,1.0500894247078782
S000069122,BlackRock LifePath ESG Index Retirement Fund,4,0,0,0.3224031714899207,1.0096953262966428
S000081672,Invesco BulletShares 2033 Corporate Bond ETF,4,0,0,0.04785048925002215,1.0250786222482664
S000000695,MFS Massachusetts Investors Growth Stock Fund,4,0,0,0.009869743486054804,1.050709843129291
S000003023,Invesco Bloomberg MVP Multi-Factor ETF,3,0,0,0.01589471701348565,1.0207466566882795
S000003697,Russell 2000 1.5x Strategy Fund,1,0,0,,
S000004309,iShares S&P Mid-Cap 400 Value ETF,4,0,0,0.033690158906866635,0.9439533264703156
S000005516,Schwab Small-Cap Equity Fund,4,0,0,0.004743094419407797,1.0236220472440944
S000006888,Franklin Small-Mid Cap Growth Fund,3,0,0,0.004593393240380668,1.0230179028132993
S000013120,Invesco RAFI US 1500 Small-Mid ETF,3,0,0,0.31105552950646076,1.0266719949635659
S000017666,VIP Strategic Income Portfolio,4,0,0,0.014636776769903503,0.9390959958156333
S000045406,JPMorgan Diversified Return International Equity ETF,4,0,0,0.022535042405248073,1.0506445464873388
S000054519,Fidelity Series Long-Term Treasury Bond Index Fund,1,0,0,0.004688314232653129,1.0249681652544222
S000002176,BlackRock Natural Resources Trust,3,0,0,0.029278273001382908,1.0524284715750234
S000003752,NASDAQ-100 2x Strategy Fund,2,0,0,0.0022526802137491876,1.0004647635821042
S000006245,DWS Capital Growth VIP,3,0,0,0.0031638957963335064,1.0100479049401496
S000012432,VANGUARD STRATEGIC SMALL-CAP EQUITY FUND,4,0,0,0.0030892121126028034,0.9778557234717228
S000028743,Dunham Dynamic Macro Fund,4,0,0,0.09420257504522143,1.0204494015823058
S000030015,VANGUARD S&P MID-CAP 400 VALUE INDEX FUND,4,0,0,0.0023807135406315135,1.0534867599488453
S000069698,Invesco NASDAQ 100 Index Fund,4,0,0,0.022666552945624408,1.0203214825233198
S000009222,VanEck VIP Global Resources Fund,4,0,0,0.06786340566963787,0.9990743376613902
S000047885,ProShares Russell 2000 Dividend Growers ETF,4,0,0,0.008872288382149162,1.0208197215660653
S000001732,JNL/WMC Global Real Estate Fund,3,0,0,0.033280341428933484,1.0409688744043077
S000006027,Fidelity 500 Index Fund,4,0,0,0.0027699802861113993,1.009168700487786
S000045386,SPDR MSCI EAFE StrategicFactors ETF,4,0,0,0.054867140596710724,1.0491203405761256
S000057610,IMGP High Income Fund,4,0,0,0.04104217950404524,1.0177872557425771
S000074150,American Century Select High Yield ETF,4,0,0,0.03534204285754114,1.020190411584902
S000004057,Calamos High Income Opportunities Fund,4,0,0,0.09571103143710272,1.0223784132380074
S000040181,ProShares DJ Brookfield Global Infrastructure ETF,4,0,0,0.061654628414312664,1.0509828973099935
S000055737,John Hancock Multifactor Developed International ETF,4,0,0,0.03177580829654868,1.0513350599555455
S000002128,"T. Rowe Price Corporate Income Fund, Inc.",4,0,0,0.046133951415780264,0.9114664826260849
S000003856,JPMorgan Large Cap Growth Fund,4,0,0,0.0016473012944317013,1.020062127879886
S000004186,Undiscovered Managers Behavioral Value Fund,4,0,0,0.017403482697255564,1.0227665040042162
S000004313,iShares Core S&P Small-Cap ETF,4,0,0,0.0552803073518571,0.9903179279153207
S000004325,iShares U.S. Industrials ETF,4,0,0,0.007307685018389031,0.9669542064225869
S000022631,SPDR(R) Bloomberg Emerging Markets Local Bond ETF,4,0,0,0.019191285050798566,1.0120830195339447
S000035383,iShares MSCI Denmark ETF,4,0,0,0.06096785183245401,1.0122429698516215
S000041383,Virtus Small-Cap Fund,3,0,0,0.009134785983677325,1.0112814890036081
S000043104,Matson Money Fixed Income VI Fund,3,0,0,0.316287408274677,1.0210978202667869
S000057282,Fidelity Diversified International K6 Fund,4,0,0,0.009796202792209788,1.0551165247304954
S000065161,VictoryShares US Small Mid Cap Value Momentum ETF,4,0,0,0.05073197998068455,1.031631011126993
S000083437,Polen Capital International Growth ETF,3,0,0,0.026277664145454346,1.0377990402237804
S000017462,VOYA INVESTMENT GRADE CREDIT FUND,3,0,0,0.03707958596536511,1.0320120867440035
S000041439,Victory Target Retirement 2060 Fund,4,0,0,0.009181587553513013,1.0206684513218598
S000053738,T. Rowe Price Global Consumer Fund,2,0,0,0.004016777263882042,1.021923831026083
S000065418,iShares ESG MSCI USA Leaders ETF,2,0,0,0.0016128590209514837,1.0164953572240407
S000077267,Amplify Natural Resources Dividend Income ETF,4,0,0,0.09352100801523372,1.017718522060232
S000088120,Morgan Stanley Pathway Small-Mid Cap Equity ETF,4,0,0,0.010000301525809148,1.021413419377121
S000000234,Invesco EQV Emerging Markets All Cap Fund,4,0,0,0.10671651602380135,1.0213975241377171
S000001341,THRIVENT CONSERVATIVE ALLOCATION FUND,4,0,0,0.014503137944864162,1.0205704296540705
S000005913,Schwab Total Stock Market Index Fund,4,0,0,0.0013981716832601639,1.0341946290330102
S000007108,Fidelity China Region Fund,4,0,0,0.00813407890520622,1.050641030224701
S000008531,VOYA MULTI-MANAGER INTERNATIONAL SMALL CAP FUND,4,0,0,0.008685622059696783,1.0637715807858887
S000017464,AZL Small Cap Stock Index Fund,4,0,0,0.014909515724282276,1.0241414252797723
S000050278,Nuveen Short Term Bond Index Fund,4,0,0,0.003032775929553964,1.0245622423469118
S000059721,BNY Mellon Core Plus Fund,4,0,0,0.018061431018543354,1.0370713340276594
S000005321,Fidelity Advisor Biotechnology Fund,4,0,0,0.07545294178644607,0.9660398585700736
S000029393,MassMutual Total Return Bond Fund,1,0,0,0.0034485437131235057,1.0231408121518908
S000041099,Nationwide NYSE Arca Tech 100 Index Fund,4,0,0,0.05396369835755668,1.02068915882748
S000004127,Discovery Portfolio,4,0,0,0.019647855116048774,1.0087120505911096
S000009054,EQ/Large Cap Growth Index Portfolio,4,0,0,0.0029988542338645475,1.0155029661701531
S000009506,Royce Micro-Cap Fund,4,0,0,0.03539793552256905,1.0218524552685924
S000012198,Nuveen Core Plus Bond Fund,4,0,0,0.023520078021871726,1.0264913978353638
S000017171,Calvert Global Energy Solutions Fund,4,0,0,0.11319074199341758,1.049510390978266
S000025801,ATM Small Cap Managed Volatility Portfolio,4,0,0,0.08408189464126761,1.0257924273647052
S000041784,Renaissance IPO ETF,4,0,0,0.09928673660401771,0.9889556614317075
S000052852,RiverFront Dynamic US Dividend Advantage ETF,4,0,0,0.09475074699815673,1.026553589361005
S000064646,Invesco Select Risk: High Growth Investor Fund,4,0,0,0.002026805368906802,1.0204304592375457
S000072257,Pacer Metaurus US Large Cap Dividend Multiplier 400 ETF,3,0,0,0.018648119065079124,1.0017725718722321
S000079628,Voya VACS Series EME Fund,4,0,0,0.04223653568110718,1.0347958621842213
S000002932,VANGUARD TOTAL INTERNATIONAL STOCK INDEX FUND,4,0,0,0.015817187394505168,1.0934834055117286
S000013700,iShares Intermediate Government/Credit Bond ETF,4,0,0,0.007179398055635191,1.0164643544338827
S000015657,BNY Mellon International Stock Fund,2,0,0,0.007679328596269321,1.0461007297798661
S000030172,First Trust Indxx NextG ETF,4,0,0,0.04036255047110003,1.0297165193779974
S000042771,Transamerica Floating Rate,4,0,0,0.010195077632438591,1.0236340025432547
S000044285,Janus Henderson Multi-Sector Income Fund,4,0,0,0.013838408823782946,1.0204852622751306
S000053167,Transamerica BlackRock iShares Edge 100 VP,4,0,0,0.16562083518902238,1.006860647158205
S000057281,Fidelity Mid Cap Value K6 Fund,4,0,0,0.01926751165182613,1.0192809523846253
S000066581,Inspire International ETF,2,0,0,0.019515847187984763,1.0506718484416575
S000066706,Pacer Trendpilot US Bond ETF,2,0,0,0.0576735355555553,1.0210166310246973
S000004307,iShares Core S&P Mid-Cap ETF,4,0,0,0.05054849639050297,1.0071942289938276
S000006246,DWS Global Small Cap VIP,4,0,0,0.030531644605942897,1.0217965267688875
S000007102,Fidelity Emerging Asia Fund,4,0,0,0.04274903775167609,0.9899689024114146
S000043433,Lifestyle Blend Aggressive Portfolio,4,0,0,0.016506991202416995,1.0209102946736985
S000054097,Fidelity Total International Index Fund,4,0,0,0.011518150544137806,1.0693489484843268
S000054682,Transamerica Large Growth,2,0,0,0.020537196336357987,0.9601797448980881
S000057202,Franklin U.S. Small Cap Multifactor Index ETF,3,0,0,0.020711021766648362,1.0104901117798797
S000078089,EA Bridgeway Omni Small-Cap Value ETF,4,0,0,0.0723531200949356,1.0155014051817306
S000085277,Direxion Daily Uranium Industry Bull 2X Shares,3,0,0,0.29802110829024975,1.0203103731967442
S000009597,Investment Co of America,4,0,0,0.003310455402400148,1.0403882982779558
S000011499,BNY Mellon Small/Mid Cap Growth Fund,4,0,0,0.21578459979236764,0.9837119137706173
S000012949,THE HARTFORD BALANCED INCOME FUND,4,0,0,0.014821855529146966,1.0344406537711524
S000019980,Diversified Income Fund,4,0,0,0.07591733293157814,1.0209970609739387
S000031507,TOPS Managed Risk Balanced ETF Portfolio,4,0,0,0.18447812277238418,1.021529393627223
S000071547,AdvisorShares Restaurant ETF,4,0,0,0.17639819964840395,0.9946285204239214
S000082248,Eaton Vance Ultra-Short Income ETF,4,0,0,0.10820871257410176,1.0204771552805039
S000007571,VALUE LINE CAPITAL APPRECIATION FUND INC,4,0,0,0.0836325198597889,1.0201659744196885
S000009633,New World Fund Inc,4,0,0,0.0033468190960153177,1.053364268721756
S000033312,FlexShares Morningstar US Market Factor Tilt Index Fund,4,0,0,0.1415706636304614,1.0255271498414178
S000050231,VanEck Oil Refiners ETF,4,0,0,0.052795925001740435,1.0285605731823226
S000062125,FlexShares High Yield Value - Scored Bond Index Fund,4,0,0,0.2677291749723932,1.0216879626204314
S000064055,1290 VT Moderate Growth Allocation Portfolio,4,0,0,0.28110147549126735,1.0210688734594264
S000067260,BNY Mellon US Large Cap Core Equity ETF,4,0,0,0.0059321601454254465,0.9992199264891263
S000070903,Dimensional U.S. Core Equity 2 ETF,4,0,0,0.03997997406317916,1.0242784508607587
S000009145,EQ/Equity 500 Index Portfolio,4,0,0,0.0017270522559229948,1.020175337181231
S000030618,International Advantage Portfolio,2,0,0,0.005022378229577388,1.0333575054387216
S000055721,Nuveen Quant International Small Cap Equity Fund,4,0,0,0.032778754486924556,1.0412332926042351
S000067261,BNY Mellon US Mid Cap Core Equity ETF,4,0,0,0.07825403035031167,0.9924635434579413
S000014083,Equity Income Account,3,0,0,0.005842557421326064,0.9799975379051921
S000017343,First Trust Multi Cap Growth AlphaDEX Fund,4,0,0,0.03831491890372855,0.9902618324253687
S000026422,Fidelity Series Global ex U.S. Index Fund,4,0,0,0.023849815675878457,1.0573819603573098
S000042011,Xtrackers International Real Estate ETF,4,0,0,0.09880791669924012,1.0619832897789645
S000067904,ICON Natural Resources and Infrastructure Fund,3,0,0,0.09087278886205515,1.0728859189824362
S000091689,Grayscale Bitcoin Adopters ETF,4,0,0,0.07428562805132759,0.9736962345975351
S000000203,Invesco V.I. Core Equity Fund,3,0,0,0.02824650229893932,1.0204305960488722
S000003597,THE HARTFORD SMALL COMPANY FUND,4,0,0,0.010041387143639993,0.9712094222578181
S000005511,Putnam Convertible Securities Fund,4,0,0,0.02295551716157638,1.0189982728842832
S000014995,T. Rowe Price Overseas Stock Fund,4,0,0,0.039685967608401665,1.0248311029816328
S000019398,Fidelity Total International Equity Fund,4,0,0,0.007871640926701902,1.04777666283627
S000049573,iShares MSCI Intl Value Factor ETF,4,0,0,0.006202612040488788,1.0077158633165264
S000051327,T. Rowe Price Small-Cap Index Fund,4,0,0,0.11130718184311773,0.987079393010114
S000075322,Goldman Sachs MarketBeta U.S. 1000 Equity ETF,4,0,0,0.0009405279060928624,1.0119727998566572
S000076555,AAM Transformers ETF,4,0,0,0.13627236224809358,1.0001546684602933
S000081825,VanEck Office and Commercial REIT ETF,4,0,0,0.21162965675084358,1.0158144301722605
S000001346,THRIVENT MODERATE ALLOCATION FUND,4,0,0,0.003028362653221528,1.0221083018455432
S000007154,Fidelity Value Discovery Fund,4,0,0,0.019671125638167652,1.0092052291490476
S000021224,Voya RussellTM Small Cap Index Portfolio,4,0,0,0.2058540763878845,0.9850872207366912
S000032043,DWS Enhanced Commodity Strategy Fund,4,0,0,0.009628480847288791,1.0291088798268906
S000045671,International Small Company Fund,4,0,0,0.022596287275167146,0.9878537476235165
S000047644,iShares MSCI ACWI Low Carbon Target ETF,4,0,0,0.011335409295382102,1.0386953723685184
S000058490,JNL/PIMCO Income Fund,4,0,0,0.0016880102955374827,1.0289895072536404
S000060842,Invesco BulletShares 2025 High Yield Corporate Bond ETF,1,0,0,0.04773657974937814,1.0246528903895724
S000065160,VictoryShares Core Intermediate Bond ETF,4,0,0,0.0070928483014668225,1.0221513222041607
S000007569,"Value Line Small Cap Opportunities Fund, Inc.",4,0,0,0.13336614924203508,1.019513108459373
S000084885,Brandes International Equity Fund,1,0,0,0.03792451601935812,1.0626851999103897
S000058488,JNL/GQG Emerging Markets Equity Fund,4,0,0,0.024723240668725884,1.033187683053814
S000055943,Equity Income Portfolio,1,0,0,0.022380382325593216,1.02020793997959
S000002762,Oakmark International Fund,1,0,0,0.0008116789690980038,1.050708347794085
S000012894,Victory Aggressive Growth Fund,3,0,0,0.0006155980366338472,1.0220437450136162
S000005779,Mid Cap Value Fund,4,0,0,0.0011390579537649652,1.0483455961678847
S000001751,JNL/T. Rowe Price Value Fund,4,0,0,0.008222554972873894,1.0166420614682594
S000063090,VanEck Morningstar Global Wide Moat ETF,3,0,0,0.03270667297559408,1.051633716678569
S000080096,Transamerica International Sustainable Equity,1,0,0,0.026674007425179138,1.0994220175343485
S000004911,GMO Emerging Markets Fund,4,0,0,0.017919277993127543,1.0337574588819416
S000009432,NYLI VP Schroders Mid Cap Opportunities Portfolio,4,0,0,0.006913901002538137,1.0171219938522829
S000000354,BNY Mellon International Core Equity Fund,2,0,0,0.027703049122460032,1.0246911713072486
S000003586,THE HARTFORD INTERNATIONAL OPPORTUNITIES FUND,4,0,0,0.025512979159736396,1.0015308124062539
S000084804,HARTFORD SMALL CAP GROWTH HLS FUND,4,0,0,0.027567290495528713,0.9490184774946074
S000090636,iShares iBonds Dec 2035 Term Corporate ETF,4,0,0,0.15017277022140255,1.0374829199943552
S000007441,Franklin Floating Rate Master Series,3,0,0,0.008968547636293907,1.023885918003565
S000085472,VictoryShares WestEnd Economic Cycle Bond ETF,2,0,0,0.0009490774885153108,1.0208831015006359
S000044265,Navigator Tactical Fixed Income Fund,3,0,0,0.03762961758671708,1.020255202600695
S000004401,GROWTH PORTFOLIO,2,0,0,0.0012403214940004438,1.0443625053552938
S000003585,THE HARTFORD INTERNATIONAL GROWTH FUND,3,0,0,0.04866035829536993,1.0318283032229256
S000045639,iShares Currency Hedged MSCI Emerging Markets ETF,3,0,0,0.12086859239463602,1.0125385189926321
S000079470,AB Disruptors ETF,3,0,0,0.02690433969200685,1.019816591124697
S000025872,Ultra-Short Fixed Income Fund,3,0,0,0.0019235689014262863,1.0186196650071537
S000003123,Touchstone Strategic Trust-Touchstone Non-US Equity Fund,3,0,0,0.04539656198597107,1.0207207207207207
S000012478,First Trust NYSE Arca Biotechnology Index Fund,3,0,0,0.050241570142968754,0.9941130529856993
S000021177,Virtus KAR Equity Income Fund,3,0,0,0.027967130672158547,1.026737369898163
S000000299,BNY Mellon Institutional S&P 500 Stock Index Fund,3,0,0,0.014418749385735936,1.0319097387675995
S000004058,Calamos Select Fund,1,0,0,0.011858575838040383,1.0355028769823438
S000062396,VanEck Durable High Dividend ETF,2,0,0,0.003820333343218514,1.0117288441392156
S000001114,AMG Montrusco Bolton Large Cap Growth Fund,1,0,0,0.020245955197605213,0.9480911534456773
S000032439,Western Asset Management Government Income Portfolio,3,0,0,0.05617363769086265,1.0201710658028744
S000001261,U.S. Government Fund,1,0,0,0.00035230675519580887,1.0212118943712019
S000009359,Goldman Sachs Variable Insurance Trust International Equity Insights Fund,2,0,0,0.004109247579003941,1.0524764459003295
S000025893,Janus Henderson Forty Fund,1,0,0,0.00014191272474492567,1.025763358778626
S000035055,U.S. Growth Fund,1,0,0,0.0006123114814082266,1.0213718396136895
S000050251,Victory Target Managed Allocation Fund,2,0,0,0.03001549503077498,1.0208461066830177
S000077074,Xtrackers S&P 500 Value Scored & Screened ETF,1,0,0,0.00014818839431005626,1.014935034910066
S000088874,Capital Group U.S. Small and Mid Cap ETF,2,0,0,0.0018278642263023837,0.9187854022195144
S000093536,Fidelity Flex International Focused Index Fund,1,0,0,0.00014984534084187373,1.0780753517930095
S000010707,JNL/T. Rowe Price Short-Term Bond Fund,2,0,0,0.0030125782969255372,1.0197863121573236
S000080638,Global X 1-3 Month T-Bill ETF,1,0,0,0.03446796650642363,1.0199227536194304
S000080056,Aristotle Portfolio Optimization Conservative Fund,2,0,0,0.05054691496847389,1.0202107510335934
S000063382,UBS Sustainable Development Bank Bond Fund,2,0,0,0.009046362269581094,1.020494377355917
S000009449,NYLI VP PineStone International Equity Portfolio,1,0,0,0.008514816093427195,1.0573901656699036
S000005371,Nuveen Large Cap Responsible Equity Fund,2,0,0,0.00021277666476996265,1.0103724741638789
S000002075,"T. Rowe Price Dividend Growth Fund, Inc.",2,0,0,0.00026685686376752126,1.0178734540071723
S000052299,ARK Israel Innovative Technology ETF,2,0,0,0.07240580833498389,1.0306874525615382
S000071318,ARK Space & Defense Innovation ETF,2,0,0,0.016989443409618277,0.9656148005233178
S000045029,Short Duration Income Portfolio,1,0,0,0.0006528608785843755,1.0237833048936082
S000008404,Fidelity Floating Rate Central Fund,1,0,0,1.148564084862015e-05,1.694915254237288
S000093465,WisdomTree Europe Defense Fund,1,0,0,0.015761022754964646,1.819459746903796
S000014238,Principal Capital Appreciation Fund,1,0,0,0.00010534549604253142,0.987265586473484
S000077552,FundX ETF,1,0,0,0.09076256116139711,0.9842400780773322
S000088561,American Beacon Ninety One International Franchise Fund,1,0,0,0.017062346210254577,0.9752643177582905
S000003896,Putnam VT Global Asset Allocation Fund,1,0,0,0.0004643663037598068,1.020526633539219
S000001101,SGI Small Cap Core Fund,1,0,0,0.06575047777726603,1.0347874445264527
S000076677,SGI U.S. Large Cap Core ETF,1,0,0,0.024332983612971815,1.0054518618713773
S000023809,Direxion Daily Technology Bull 3X Shares,1,0,0,0.00026612609602661336,1.0209956754518448
S000022554,Azzad Wise Capital Fund,1,0,0,,
S000013710,Capital World Growth & Income Fund,4,0,0,0.004677830768991293,0.9180497925311203
S000029672,AMG GW&K International Small Cap Fund,4,0,0,0.058649219183353696,1.0404650628126273
S000078982,Sprott Nickel Miners ETF,4,0,0,0.05533041495431501,1.0254543509414753
S000004424,Ultra-Small Company Market Fund,4,0,0,0.1892658127492162,0.9971484716325312
S000054971,JNL Multi-Manager Mid Cap Fund,4,0,0,0.009016668421284537,0.9982753979508905
S000059464,John Hancock Multifactor Small Cap ETF,4,0,0,0.09109976224182748,1.0227794810362383
S000003667,MassMutual Overseas Fund,4,0,0,0.04419501273470815,1.042143244533993
S000003823,MML Equity Index Fund,4,0,0,0.0025270762109397644,1.0207429727310682
S000004063,Calamos Growth Fund,4,0,0,0.052120642517314915,0.9958334295916474
S000008016,Dividend Value Fund,4,0,0,0.013610828905324156,1.0289838516690866
S000011090,Victory Sycamore Mid Cap Value Portfolio,4,0,0,0.23651164662077157,1.019464493592632
S000005112,Fidelity Advisor Large Cap Fund,2,0,0,0.010329372607753922,1.0050013734138987
S000008396,VOYA INTERMEDIATE BOND FUND,4,0,0,0.06764832098574652,1.031074098908606
S000009443,NYLI VP S&P 500 Index Portfolio,4,0,0,0.0006770638637920117,1.0176386984979766
S000010768,VY(R) AMERICAN CENTURY SMALL-MID CAP VALUE PORTFOLIO,4,0,0,0.025908079889328143,1.0035151689745543
S000059058,Donoghue Forlines Risk Managed Income Fund,4,0,0,0.30891566578306107,1.0203463727746156
S000059264,Xtrackers Low Beta High Yield Bond ETF,4,0,0,0.01849924673041248,1.0332273084953185
S000079104,Pacer US Large Cap Cash Cows Growth Leaders ETF,3,0,0,0.015882579122617,0.9881506945665719
S000082203,iShares LifePath Target Date 2045 ETF,4,0,0,0.1536017900183966,1.0175845664671619
S000083070,Invesco Nasdaq Free Cash Flow Achievers ETF,4,0,0,0.0404862888795471,1.0209905427175243
S000007459,Select Energy Portfolio,3,0,0,0.005778372761784788,0.9718665075065769
S000007462,Select Financials Portfolio,4,0,0,0.07104523935049008,0.9985801830930137
S000018005,Virtus Newfleet High Yield Fund,4,0,0,0.02312200054175415,1.0290979988529236
S000089095,Efficient Market Portfolio Plus ETF,1,0,0,0.060806032198050336,1.0230213454749815
S000004310,iShares Core S&P 500 ETF,4,0,0,0.004566676643622588,1.0075696481457341
S000007152,Fidelity Low-Priced Stock Fund,4,0,0,0.013687793304788693,1.035619616956533
S000008320,Strategic Income Opportunities Trust,4,0,0,0.0032940631814098007,1.0199703206949304
S000012897,Victory Growth and Tax Strategy Fund,3,0,0,0.0003720337834468077,1.0209884838343959
S000018145,iShares MSCI Europe Small-Cap ETF,4,0,0,0.037583027809346414,1.0687941999916324
S000056738,Nuveen ESG 1-5 Year U.S. Aggregate Bond ETF,4,0,0,0.007597166145803394,1.0274847536508855
S000058208,Cambria Global Real Estate ETF,3,0,0,0.02461634588651165,1.0209042294603792
S000059727,Pacer WealthShield ETF,2,0,0,0.15220588882311703,1.013746911723851
S000060815,Invesco S&P 500 Equal Weight Industrials ETF,2,0,0,0.006224035148503481,1.0203230467302156
S000064662,Invesco Oppenheimer V.I. International Growth Fund,3,0,0,0.06209269943244157,1.0202488431867738
S000071120,JNL Small Cap Index Fund,4,0,0,0.05803901444475547,1.0058880775310894
S000071156,NYLI MacKay Core Plus Bond ETF,4,0,0,0.0479035184052184,1.025351558192482
S000006021,Fidelity Extended Market Index Fund,4,0,0,0.06336578183711364,0.993673690855745
S000012334,SPDR(R) S&P(R) Oil & Gas Equipment & Services ETF,4,0,0,0.18838929953791841,1.0190835153097775
S000012565,BNY Mellon Equity Income Fund,4,0,0,0.012269140683432161,0.9909796803242761
S000015914,Calamos Global Equity Fund,4,0,0,0.10161986528640594,1.0290253024058418
S000065170,AB International Bond Portfolio,4,0,0,0.04375292473068033,1.0216963073699576
S000065838,FlexShares Developed Markets ex-US Quality Low Volatility Index Fund,4,0,0,0.11617441259915649,1.0550501661164364
S000003571,Hartford Multi-Asset Income Fund,4,0,0,0.030097095226081606,1.036501554143028
S000076557,Xtrackers Net Zero Pathway Paris Aligned US Equity ETF,3,0,0,0.0008603534788851592,1.0194999595436525
S000001433,THRIVENT HIGH YIELD PORTFOLIO,4,0,0,0.08933315518376676,1.0197929262115861
S000003716,Financial Services Fund,1,0,0,0.00775410779114852,1.0286624330528795
S000005450,Fidelity Capital Appreciation Fund,4,0,0,0.032837568067417174,0.9932844681549474
S000016767,Schwab Fundamental U.S. Small Company Index Fund,4,0,0,0.006654605398355458,1.0318921860322887
S000030966,Invesco S&P MidCap Low Volatility ETF,4,0,0,0.13296093547153612,1.0218964967329172
S000039383,Voya Short Duration Bond Fund,4,0,0,0.013266750721093857,1.0266675107840073
S000070720,ProShares Ultra Nasdaq Cloud Computing,1,0,0,0.008927816344389841,1.0204425285420806
S000002099,T. Rowe Price International Equity Index Fund,4,0,0,0.05866637146036487,1.057925483054936
S000004261,iShares MSCI Taiwan ETF,4,0,0,0.10542028598115041,1.0642790599461984
S000005257,Jacob Internet Fund,4,0,0,0.06710362574828478,1.0365104419733977
S000028300,Invesco S&P SmallCap Industrials ETF,4,0,0,0.1881009741734471,1.0231601983765417
S000052996,JNL/PPM America Total Return Fund,4,0,0,0.0012783402574417138,1.0192671845047034
S000055845,Impax Core Bond Fund,3,0,0,0.004239052578583564,1.0204215702860395
S000068373,Fidelity SAI Emerging Markets Value Index Fund,4,0,0,0.009940654851645457,1.0477460665884288
S000085579,Invesco MSCI Global Climate 500 ETF,3,0,0,0.016993338277243395,1.055343700074032
S000001432,THRIVENT DYNAMIC ALLOCATION PORTFOLIO ,4,0,0,0.010621578022631127,1.0209983193592063
S000002680,MFS New Discovery Series,4,0,0,0.02157303837839713,0.9493008334886719
S000003222,HARTFORD TOTAL RETURN BOND HLS FUND,4,0,0,0.007651242941053014,1.031198337937176
S000005436,Fidelity Advisor Emerging Asia Fund,4,0,0,0.02392827626593349,0.9885566224394786
S000006796,AST PGIM Aggressive Multi-Asset Portfolio,4,0,0,0.019001229347242438,0.9127573754329722
S000010394,Janus Henderson Balanced Portfolio,4,0,0,0.0012768203131560238,1.0203052730380284
S000010892,Saratoga International Equity Portfolio,3,0,0,0.094353412629199,1.0302908095932817
S000022789,Direxion Daily MSCI Emerging Markets Bull 3X Shares,2,0,0,0.04212113763463365,1.0238183020899951
S000057729,Morningstar Global Income Fund,4,0,0,0.04673384991569897,1.0108952233896293
S000008758,Templeton Global Smaller Companies Fund,4,0,0,0.04911914838149255,1.0449821382328839
S000012701,Parametric Emerging Markets Fund,4,0,0,0.07252680364542206,1.0390067817946855
S000033314,FlexShares Morningstar Emerging Markets Factor Tilt Index Fund,4,0,0,0.04471241010652012,1.0690598065569308
S000011088,T. Rowe Price Large Cap Value Portfolio,4,0,0,0.0791119392312021,1.0212333138181062
S000028730,Global X Silver Miners ETF,3,0,0,0.01733470886656911,1.0351444035273933
S000018069,iShares MSCI BIC ETF,4,0,0,0.011558515454882083,1.0457161889481796
S000020012,Nuveen Global Infrastructure Fund,3,0,0,0.0075835109039587775,1.0491625629317933
S000024202,DFA Short-Term Extended Quality Portfolio,4,0,0,0.01114373124870102,1.0216832089299104
S000026045,International Value Portfolio,4,0,0,0.07557781338989726,1.0501592028487958
S000057341,iShares High Yield Systematic Bond ETF,4,0,0,0.2559975910923917,1.035086071455059
S000058342,Fidelity Series Canada Fund,4,0,0,0.07969940229971231,1.0364490007502274
S000001014,U.S. LARGE COMPANY PORTFOLIO,4,0,0,0.010746256781534328,1.0206261922120676
S000001322,CRM MID CAP VALUE FUND,4,0,0,0.02440905054297029,0.9891645879007134
S000002206,PSF PGIM Total Return Bond Portfolio,4,0,0,0.008944785363191517,0.9763060545336079
S000003056,Invesco S&P MidCap Momentum ETF,3,0,0,0.08023365399976985,1.0217792694488417
S000004368,iShares Morningstar Growth ETF,4,0,0,0.00819509359371699,1.0092336542522187
S000005327,Fidelity Advisor Semiconductors Fund,4,0,0,0.01795144714278049,0.9969750262849232
S000006889,Franklin Small Cap Growth Fund,4,0,0,0.02183657001415353,1.0344010502009504
S000007183,Lord Abbett International Opportunities Fund,4,0,0,0.016059271978519418,1.0502002022844408
S000008233,Opportunistic Fixed Income Trust,4,0,0,0.06642017091839886,1.0221798582201937
S000053564,Victory RS International Fund,4,0,0,0.008632368202677461,1.0500997547228463
S000055364,Fidelity Large Cap Stock Fund,4,0,0,0.014268482211472911,1.0091616566110908
S000080560,Avantis All International Markets Equity ETF,4,0,0,0.025261237507284245,1.0188610416654438
S000000235,Invesco Health Care Fund,3,0,0,0.0407975558370276,1.0216286299266217
S000000476,Invesco Small Cap Growth Fund,4,0,0,0.15363997606533303,1.021286292546945
S000003156,DIAMOND HILL LONG SHORT FUND,4,0,0,0.20657088796210915,1.0031661757772758
S000008240,High Yield Trust,4,0,0,0.05295878395958059,1.0218840582122857
S000026041,PD International Large-Cap Index Portfolio,4,0,0,0.07800979652490878,1.0375636476205616
S000032497,iShares MSCI Emerging Markets Min Vol Factor ETF,4,0,0,0.01118265222023341,1.02992735475404
S000053165,Transamerica BlackRock iShares Edge 50 VP,4,0,0,0.12613024294595113,0.9964693489208055
S000010080,"AB RELATIVE VALUE FUND, INC.",4,0,0,0.02192234202209106,1.0203163186795374
S000023794,VanEck Global Natural Resources Portfolio,4,0,0,0.23544684064898033,1.0228798086499078
S000031904,NYLI VP MacKay Strategic Bond Portfolio,4,0,0,0.029425352334557668,1.0336180657234484
S000038877,FlexShares International Quality Dividend Dynamic Index Fund,4,0,0,0.13298163043326194,1.0624109786097597
S000047914,Calamos Hedged Equity Fund,4,0,0,0.011713199475887568,1.0026748279610438
S000077961,Calvert US Mid-Cap Core Responsible Index ETF,4,0,0,0.14300905650043982,1.0224477200749507
S000082826,Avantis U.S. Mid Cap Equity ETF,4,0,0,0.003755992743775299,1.0279567055823728
S000005386,Nuveen Quant Small Cap Equity Fund,4,0,0,0.0922782003973662,1.0055724499008034
S000022550,The Institutional International Equity Portfolio,4,0,0,0.005619241376281205,1.0566511037133892
S000046898,Counterpoint Tactical Income Fund,4,0,0,0.29826478552645175,1.0202369012437875
S000062674,Global X E-commerce ETF,3,0,0,0.023191781313094177,1.036075174388792
S000070756,Small Cap Growth Fund,4,0,0,0.07750723354721013,1.0314731570588054
S000001091,American Beacon Large Cap Value Fund,4,0,0,0.03401910259805393,1.0265847363873923
S000001743,JNL/Invesco Small Cap Growth Fund,4,0,0,0.05377510636749458,0.9548525935642533
S000025034,NVIT Putnam International Value Fund,4,0,0,0.09827206847376391,1.0522983436901319
S000001430,THRIVENT LARGE CAP INDEX PORTFOLIO,3,0,0,0.00027803788470379375,1.0301721536883304
S000002323,"BlackRock Advantage SMID Cap Fund, Inc.",4,0,0,0.017031284585199553,1.0040382643437487
S000006756,Franklin Income Fund,3,0,0,0.0016965718695719247,1.0205604022647574
S000018146,iShares International Developed Real Estate ETF,4,0,0,0.032863275381265426,1.0517347616714046
S000029581,JPMorgan Managed Income Fund,4,0,0,0.0033051496792939404,1.0196397545768903
S000045439,T. Rowe Price Asia Opportunities Fund,3,0,0,0.028906643717878745,1.0796893816701965
S000049563,Global X Alternative Income ETF,3,0,0,0.15095198167928728,1.0222202908627382
S000080834,Oakhurst Fixed Income Fund,4,0,0,0.01778702042570613,1.019053281555195
S000087661,Innovator U.S. Small Cap Managed Floor ETF,4,0,0,0.11939803554344912,0.9908645263838898
S000000615,Investment Grade Bond Fund,4,0,0,0.0021414607612338693,1.020387690599491
S000003026,Invesco Biotechnology & Genome ETF,4,0,0,0.1469031199753549,1.0248948458225031
S000009098,Federated Hermes Mid-Cap Index Fund,4,0,0,0.01631018447134834,1.0214909671010681
S000027178,Bond Market Index Fund,4,0,0,0.007193182513541919,0.9357100812912942
S000041744,Calamos Dividend Growth Fund,1,0,0,0.013179724480972195,1.0351209228226106
S000061859,Olstein Strategic Opportunities Fund,4,0,0,0.1805953089436638,0.9992736259609388
S000080469,Xtrackers Cybersecurity Select Equity ETF,3,0,0,0.05739702200213276,1.042432418013619
S000003028,Invesco Leisure and Entertainment ETF,4,0,0,0.23286164395985368,1.021202900554113
S000004379,PGIM Jennison Financial Services Fund,2,0,0,0.10238309636624356,0.9397641557369301
S000007464,Select Automotive Portfolio,4,0,0,0.2447468643472443,1.0066602765527934
S000010485,Janus Henderson Triton Fund,4,0,0,0.022486666338037805,1.0224113025380548
S000017330,SPDR(R) Portfolio TIPS ETF,2,0,0,0.015224600233599329,1.019697008181548
S000019381,AST Core Fixed Income Portfolio,4,0,0,0.017792777981512693,0.9451822128193418
S000020954,Fidelity International Equity Central Fund,4,0,0,0.011822290720994638,1.0256384006349935
S000026919,First Trust NASDAQ Clean Edge Smart Grid Infrastructure Index Fund,4,0,0,0.021152547084956293,1.0349805395198644
S000038293,Credit Suisse Strategic Income Fund,4,0,0,0.029845461915695697,1.0219868027740475
S000061326,Global X Artificial Intelligence & Technology ETF,4,0,0,0.0130889909488511,1.0227899297041112
S000069594,SPDR Bloomberg 3-12 Month T-Bill ETF,2,0,0,0.0955923933491114,1.0205773830795355
S000073359,FlexShares ESG & Climate Developed Markets ex-US Core Index Fund,4,0,0,0.057049459931663216,1.0662610040569065
S000001461,Meridian Hedged Equity Fund,4,0,0,0.011193567783994754,0.9974590309285655
S000022924,SPDR Portfolio Long Term Corporate Bond ETF,4,0,0,0.06274756703498793,1.014631792660559
S000071425,VanEck Digital Transformation ETF,4,0,0,0.2825198277546875,0.9772276277003945
S000003671,MassMutual Small Company Value Fund,1,0,0,0.09592095528708795,1.026597327977162
S000034408,VanEck Oil Services ETF,4,0,0,0.14915352923315806,1.0078728387590943
S000037566,AMG Yacktman Fund,4,0,0,0.021115433292738586,1.0211549767040953
S000004998,Nationwide Mid Cap Market Index Fund,4,0,0,0.12229441981613046,1.0233673982667975
S000058964,Carillon Chartwell Small Cap Fund,4,0,0,0.03952425158786029,0.9670084083199614
S000060828,Invesco China Technology ETF,4,0,0,0.07387755510389049,1.0645027645859721
S000062278,Pacer CFRA-Stovall Equal Weight Seasonal Rotation ETF,3,0,0,0.21406938870234143,1.0074940723379011
S000075916,Pacer Data and Digital Revolution ETF,3,0,0,0.08882593843750511,0.9919667628854876
S000001877,BlackRock Health Sciences Opportunities Portfolio,4,0,0,0.008655233907034017,0.9740321677371241
S000003711,Biotechnology Fund,1,0,0,0.03266472600284428,1.0148756912520125
S000005709,DWS Small Cap Core Fund,4,0,0,0.11011742010968273,0.9891812377004893
S000010465,Janus Henderson Global Technology and Innovation Fund,3,0,0,0.006910497255422028,1.0200278342104843
S000026046,Equity Index Portfolio,4,0,0,0.0053323412340101975,1.0196805658263575
S000028556,iShares MSCI Poland ETF,4,0,0,0.047869234658094575,1.051079589628227
S000059351,Virtus Westchester Credit Event Fund,4,0,0,0.0146612482647192,1.0271410146453182
S000059514,Franklin FTSE Japan ETF,3,0,0,0.004290227192461156,1.0507552735338181
S000068777,iShares iBonds Dec 2030 Term Corporate ETF,4,0,0,0.07795116733115826,1.031963113648342
S000080471,Xtrackers US Green Infrastructure Select Equity ETF,4,0,0,0.09864004025956948,0.9887325770207718
S000081238,JPMorgan International Value ETF,4,0,0,0.004983450145901522,1.050140362532444
S000017340,First Trust Large Cap Value AlphaDEX Fund,1,0,0,0.0012312839623780535,1.0398687465471246
S000035048,MFS Global New Discovery Fund,1,0,0,0.0015022423693714908,1.0436432637571158
S000048622,iShares Global Equity Factor ETF,4,0,0,0.007032555677706151,1.0349618421588795
S000057283,Fidelity International Capital Appreciation K6 Fund,4,0,0,0.013842189015485281,0.9734186280869472
S000066661,Schwab 5-10 Year Corporate Bond ETF,4,0,0,0.0057902186910748395,1.0211358124163912
S000074479,Abacus FCF Real Assets Leaders ETF,4,0,0,0.29207428567571786,1.0047533104526858
S000076486,Hartford Dynamic Bond Fund,4,0,0,0.015596144987373882,1.0281477226577227
S000003605,THE HARTFORD TOTAL RETURN BOND FUND,4,0,0,0.006575444546845375,1.0331701833900877
S000009052,EQ/Intermediate Government Bond Portfolio,4,0,0,0.01687558677294481,1.0200022383824607
S000078981,Sprott Junior Copper Miners ETF,4,0,0,0.10989638340882388,0.9765927064784476
S000007793,Transamerica High Yield Bond,4,0,0,0.125094884074301,1.021276663773683
S000007930,Transamerica Janus Mid-Cap Growth VP,4,0,0,0.016199595481979374,1.0171856977105695
S000034411,VanEck Semiconductor ETF,4,0,0,0.001422735419332605,0.9254178515667684
S000005385,Nuveen Mid Cap Value Fund,4,0,0,0.06737935619320884,0.9865729468064346
S000010997,CVT Investment Grade Bond Index Portfolio,4,0,0,0.027743842855130225,1.0189626865897092
S000054683,Transamerica Large Value Opportunities,3,0,0,0.020045394183181593,1.0209276450377442
S000010898,Federated Hermes Ultrashort Bond Fund,4,0,0,0.001341917451603709,1.0129980780280965
S000023737,Empower International Growth Fund,4,0,0,0.022322586867215177,1.0496247034572073
S000028740,AZL Russell 1000 Growth Index Fund,4,0,0,0.0007968454174966494,1.0206289661284262
S000043509,Global Macro Capital Opportunities Portfolio,3,0,0,0.005363508788383458,1.0182441582869801
S000066660,Schwab 1-5 Year Corporate Bond ETF,4,0,0,0.003260782437675185,1.0214062294133852
S000088432,iShares Nasdaq-100 ex Top 30 ETF,4,0,0,0.03961996224101897,0.9906833018669424
S000002568,VANGUARD PRIMECAP FUND,3,0,0,0.0013330625627784275,0.9496206715793702
S000004251,iShares MSCI Mexico ETF,4,0,0,0.013256934613369556,1.0458271926413478
S000004278,BlackRock LifePath Dynamic 2030 Fund,4,0,0,0.07374298985097598,1.0013287501090753
S000006037,Fidelity Contrafund,4,0,0,0.003618600410722978,1.0101924817772419
S000007198,Fidelity Growth and Income Portfolio,4,0,0,0.017470998987094425,1.0424981702154186
S000007278,Lord Abbett High Yield Fund,4,0,0,0.040491266250392115,1.0255952864742555
S000015514,Nuveen Preferred Securities and Income Fund,4,0,0,0.030251116234250513,1.0249133484960542
S000023739,Empower Short Duration Bond Fund,4,0,0,0.03450858222704158,1.0218845861629158
S000041102,Nationwide Bailard Technology & Science Fund,4,0,0,0.062132859083677036,1.0205139750000247
S000057292,Fidelity Value Discovery K6 Fund,3,0,0,0.008653891958149728,1.0099155343371282
S000064664,Invesco V.I. Main Street Small Cap Fund,4,0,0,0.2209211079189324,1.0221639586734352
S000001243,Large Cap Core Fund,2,0,0,0.0034496967204547565,1.0046176725907283
S000030799,Capital Appreciation Value Fund,3,0,0,0.0014932608742709152,1.0201608678457275
S000036844,Transamerica BlackRock iShares Dynamic Allocation - Moderate Growth VP,3,0,0,0.027098411947881807,1.0221688757940666
S000046393,Victory Integrity Small-Cap Value Fund,4,0,0,0.028889246025753344,1.0232177825522313
S000050321,Fidelity SAI Small-Mid Cap 500 Index Fund,4,0,0,0.0299427148050812,0.9169103500734431
S000050371,iShares Developed Real Estate Index Fund,4,0,0,0.01119671637109198,1.0059539182618351
S000055765,PGIM Quant Solutions Mid-Cap Index Fund,4,0,0,0.03376574097507925,1.0106900157853196
S000060055,Xtrackers MSCI EAFE Selection Equity ETF,4,0,0,0.006468686401312948,1.024936337579673
S000063392,Motley Fool Small-Cap Growth ETF,4,0,0,0.23163997745267587,1.0162114591163263
S000069362,Invesco BulletShares 2028 High Yield Corporate Bond ETF,4,0,0,0.21201257579991922,1.0244448074658556
S000074655,Motley Fool Mid-Cap Growth ETF,4,0,0,0.18263454004936477,1.0060440987479253
S000038280,Nationwide Inflation-Protected Securities Fund,4,0,0,0.008720299460696483,1.0204673127607329
S000004167,Discovery Portfolio,4,0,0,0.018964397983954075,1.0156249999999922
S000080179,Calvert Global Equity Fund,1,0,0,0.01853909026347774,1.053623944618695
S000007192,Fidelity Real Estate Income Fund,4,0,0,0.00467220191449983,0.9961666574256328
S000062930,VanEck Video Gaming and eSports ETF,4,0,0,0.12583397944654034,1.044234381426172
S000034948,GMO Resources Fund,4,0,0,0.10412101002896398,1.0325056944998916
S000068116,JNL/WCM Focused International Equity Fund  ,2,0,0,0.022039418300987414,1.00550409450933
S000003781,MassMutual International Equity Fund,1,0,0,0.021388031119830658,1.0541628044003153
S000058489,JNL/Invesco Diversified Dividend Fund,2,0,0,0.009135546643322749,1.0062989706560148
S000077960,"Calvert US Large-Cap Diversity, Equity and Inclusion Index ETF",4,0,0,0.02084286198041755,1.0211421781326966
S000057345,UVA Unconstrained Medium-Term Fixed Income ETF,3,0,0,,
S000088674,Indexperts Yield Focused Fixed Income ETF,4,0,0,,
S000009748,Federated Hermes Fund For U.S. Government Securities II,4,0,0,,
S000005707,DWS Large Cap Focus Growth Fund,3,0,0,0.017629392185786182,1.0161648762515323
S000004249,iShares MSCI Japan ETF,3,0,0,0.0016391005529093254,1.0279046768478064
S000068375,Fidelity SAI International Quality Index Fund,3,0,0,0.013319774996092288,1.0320119422496232
S000068407,JPMorgan International Growth ETF,3,0,0,0.01593938289597661,1.021207300525113
S000004260,iShares MSCI Switzerland ETF,1,0,0,2.0668946630092472e-05,1.0941653750710667
S000071603,Touchstone Strategic Trust-Touchstone Strategic Income Fund,3,0,0,0.01683953137047666,1.0204076019498545
S000001964,Virtus KAR Equity Income Series,3,0,0,0.027196052156187027,1.0279734549250736
S000007597,Voya Global Insights Portfolio,3,0,0,0.017502706395057376,0.9690297975122214
S000054692,Global X Internet of Things ETF,3,0,0,0.11053331981214218,1.0223609193994325
S000088433,iShares Nasdaq Top 30 Stocks ETF,1,0,0,0.014456102541224591,0.9850259658273296
S000030461,Nationwide Destination 2055 Fund,3,0,0,0.025966116137054338,1.0204953031596924
S000079432,Horizon Kinetics Energy and Remediation ETF,3,0,0,0.03380605515420882,1.0038240917782026
S000044143,iShares Treasury Floating Rate Bond ETF,1,0,0,0.0032248023213913603,1.0301010838193552
S000083139,Hartford US Quality Growth ETF,3,0,0,0.010750773076927816,1.0198498747124138
S000014928,Goldman Sachs International Equity Income Fund,2,0,0,0.020897380970031645,1.0461291352791167
S000064622,Invesco Global Focus Fund,3,0,0,0.028705564522217987,1.0204509564918316
S000068387,ETC Cabana Target Beta ETF ,2,0,0,0.12839994564673624,1.0220405261286882
S000064774,Virtus SGA Global Growth Fund,2,0,0,0.024818257784164893,1.0254852095350666
S000010404,Janus Henderson Flexible Bond Portfolio,3,0,0,0.0031732159401209846,1.019752993163878
S000077508,VanEck Morningstar SMID Moat ETF,3,0,0,0.020472540316851834,0.9811689535025528
S000058484,JNL/Mellon Materials Sector Fund,3,0,0,0.005211363440470989,0.9858848588026031
S000093206,ProShares S&P 500 Dynamic Buffer ETF,2,0,0,0.0005715367788244848,1.022840119165839
S000088641,Principal International Equity ETF,1,0,0,0.006100362006152685,1.063006330188528
S000003356,Real Estate Securities Fund,2,0,0,0.012928394710951458,1.0200245726495727
S000093204,ProShares Russell 2000 Dynamic Buffer ETF,2,0,0,0.012460334251942238,1.022459675569674
S000073033,Hoya Capital High Dividend Yield ETF,2,0,0,0.06778114737844344,1.029472966688758
S000030621,PGIM US Real Estate Fund,2,0,0,0.021747318348653167,1.0204135810839654
S000053562,Victory RS Value Fund,1,0,0,0.01174658906332308,1.0219919480889832
S000005452,Fidelity Focused Stock Fund,2,0,0,0.006770400954316648,1.0229676642446983
S000008008,International Socially Responsible Fund,2,0,0,0.0009920943794159893,1.019816591124697
S000029151,Strategic Advisers Income Opportunities Fund,2,0,0,0.014354512939898393,1.0317636618754757
S000058491,JNL/WMC Equity Income Fund,1,0,0,0.0035864164860564345,1.045016061851741
S000008437,Core Fixed Income Fund,2,0,0,0.0048280883261029965,1.0193716234974985
S000000620,U.S. Global Leaders Growth Fund,1,0,0,0.0016016217717539733,1.0202942728228728
S000059462,Fidelity International High Dividend ETF,1,0,0,0.005453419257523006,1.0496408437011784
S000094754,iShares Emerging Markets Bond Active ETF,1,0,0,0.002682231207770062,1.020666057507242
S000036464,American Funds Tax-Aware Conservative Growth and Income Portfolio,1,0,0,,
S000066488,Overlay Shares Municipal Bond ETF,1,0,0,0.30272568307860753,1.021391847227323
S000070948,JPMorgan Hedged Equity 2 Fund,1,0,0,0.003781046988720691,0.9843266042472194
S000026829,Transamerica US Growth,1,0,0,0.004279334867730269,1.0205834777392038
S000004763,Azzad Ethical Fund,1,0,0,,
S000011482,MML Equity Income Fund,4,0,0,0.022115243605886927,1.029072816920316
S000026784,NYLI Epoch U.S. Equity Yield Fund,3,0,0,0.01036112161493087,1.0234757656478475
S000063708,Sprott Gold Miners ETF,4,0,0,0.07272716149436567,0.9752523679472769
S000011481,MML Foreign Fund,4,0,0,0.031909504790007315,1.0499080728601513
S000012927,Victory Emerging Markets Fund,4,0,0,0.02206979981510485,1.0512708022289328
S000026152,SPDR(R) ICE Preferred Securities ETF,4,0,0,0.07906913466786497,1.0275430744202823
S000031813,AdvisorShares Insider Advantage ETF,4,0,0,0.10534556179764258,1.0109254496883924
S000003661,MM S&P 500 Index Fund,4,0,0,0.0032803763272200017,1.0181461091967736
S000005168,State Street International Stock Selection Fund,4,0,0,0.03313336775711513,1.0543644068246747
S000007570,"VALUE LINE MID CAP FOCUSED FUND, INC.",4,0,0,0.029126883698973538,0.9781090632895696
S000025931,NYLI Merger Arbitrage ETF,3,0,0,0.024786953758601554,1.0127306760005765
S000033325,VanEck Mortgage REIT Income ETF,4,0,0,0.278506898025309,1.0072719871985596
S000003747,Multi-Hedge Strategies Fund,1,0,0,0.002683281408564392,1.0294981357579258
S000003773,Real Estate Fund,1,0,0,0.036833558257011734,1.0670919785652417
S000006807,Schwab 1000 Index Fund,4,0,0,0.0005527814287346117,1.0212347872245753
S000013122,Invesco MSCI Sustainable Future ETF,4,0,0,0.17409568116228358,1.0436256971057591
S000034264,Fidelity Emerging Markets Discovery Fund,4,0,0,0.008283568220335252,1.0737013642886648
S000039438,U.S. Large Cap Growth Portfolio,4,0,0,0.009826355259601394,1.020156889626296
S000054750,Fidelity Dividend ETF for Rising Rates,4,0,0,0.031771824800823315,0.984608176850756
S000001494,T. Rowe Price Japan Fund,4,0,0,0.11098957740812133,1.035217557349821
S000010899,Federated Hermes Corporate Bond Strategy Portfolio,4,0,0,0.01443558824161241,1.0205896273470851
S000018299,Goldman Sachs International Equity Dividend and Premium Fund,3,0,0,0.014867279300359856,0.9828900130256059
S000026015,Value Portfolio,3,0,0,0.037868062166378315,1.019220747094012
S000028301,Invesco S&P SmallCap Information Technology ETF,4,0,0,0.30946387936101355,0.9950583948367259
S000003041,Invesco Energy Exploration & Production ETF,3,0,0,0.1563578316732523,1.0206622653534174
S000003046,Invesco Dorsey Wright Utilities Momentum ETF,4,0,0,0.1564961711505212,1.0210239509396202
S000003758,Banking Fund,1,0,0,0.005367388472395542,1.0240171080769862
S000006189,GuideMark Core Fixed Income Fund,4,0,0,0.003087920228248696,1.0132677582736336
S000017778,iShares Asia 50 ETF,2,0,0,0.00574374878336958,1.0199943803076557
S000027889,Invesco V.I. Equally-Weighted S&P 500 Fund,4,0,0,0.2483352165085989,1.0213855830863063
S000028810,Nuveen High Yield Income Fund,4,0,0,0.06363277601615135,1.0369562043566716
S000030965,Invesco S&P SmallCap Low Volatility ETF,4,0,0,0.1524303840581897,1.0199693291459004
S000043319,Cambria Value and Momentum ETF,4,0,0,0.023195985612589242,0.96986758981321
S000063538,T. Rowe Price Dynamic Credit Fund,4,0,0,0.06566375835362387,1.0138946746200237
S000085331,Avantis U.S. Small Cap Equity Fund,4,0,0,0.05796925559295212,1.0348572995526486
S000001797,JNL/JPMorgan MidCap Growth Fund,3,0,0,0.012825267267545733,0.9553417540623309
S000014047,SPDR(R) S&P(R) CHINA ETF,4,0,0,0.07625349847277157,1.0566236915018727
S000017170,Calvert International Opportunities Fund,4,0,0,0.08729156951167301,1.0511460145179878
S000036290,Aspiriant Risk-Managed Equity Allocation Fund,4,0,0,0.051549955684151695,1.021660023672242
S000040490,CVT Volatility Managed Growth Portfolio,4,0,0,0.19549843072415943,1.0145754656924753
S000001000,THE EMERGING MARKETS SMALL CAP SERIES,4,0,0,0.16038846026246592,1.0607983574572637
S000001007,THE ASIA PACIFIC SMALL COMPANY SERIES,4,0,0,0.15335349603684817,1.0584593654572152
S000011124,Loomis Sayles Global Allocation Portfolio,4,0,0,0.04308074634944578,1.021685114473743
S000055516,FlexShares Core Select Bond Fund,4,0,0,0.18248094726617572,1.0210521846742493
S000005455,Fidelity Value Fund,4,0,0,0.042276588036603106,1.017309867730195
S000069950,Adasina Social Justice All Cap Global ETF,4,0,0,0.05893119935756917,1.0203636095660338
S000072797,T. Rowe Price QM U.S. Bond ETF,4,0,0,0.012464442678625336,0.9668966011561523
S000079170,iShares Future Metaverse Tech and Communications ETF,4,0,0,0.17675985121107424,1.0070268087057854
S000085065,iShares U.S. Select Equity Active ETF,3,0,0,0.03326362257149333,1.038037682189833
S000000184,Invesco V.I. Main Street Mid Cap Fund,4,0,0,0.20154005275585332,1.0216765774160461
S000004253,iShares MSCI Pacific ex Japan ETF,4,0,0,0.00568946263174102,1.0422492301362818
S000015263,Invesco RAFI Emerging Markets ETF,3,0,0,0.036628252322907326,1.065566101992962
S000023731,Empower Mid Cap Value Fund,4,0,0,0.020994603872343327,1.0238437453186722
S000029153,Strategic Advisers Fidelity International Fund,4,0,0,0.010170788730999879,1.0191291583910478
S000054185,iShares ESG Aware MSCI EAFE ETF,4,0,0,0.0033926847273619714,0.9977528969409609
S000060786,American Century U.S. Quality Value ETF,4,0,0,0.0022030096030548093,0.9951944931489058
S000063454,Acclivity Mid Cap Multi-Style Fund,2,0,0,0.21240280140728365,1.0176459342698736
S000080836,Oakhurst Short Duration High Yield Credit Fund,1,0,0,0.09417395502201022,1.0230506455475181
S000084075,JNL/PPM America Investment Grade Credit Fund,4,0,0,0.0058747357378922714,1.2540520531639088
S000000646,Bond Fund,4,0,0,0.004445041973020957,1.0215243030520786
S000009195,EQ/PIMCO Ultra Short Bond Portfolio,1,0,0,0.003925718128918384,1.0234741727374448
S000026026,Diversified Bond Portfolio,4,0,0,0.05596224174242243,1.0205538846585454
S000028984,WisdomTree Emerging Markets Local Debt Fund,3,0,0,0.014023754349311277,1.0476508802908955
S000029262,BlackRock LifePath Dynamic 2055 Fund,4,0,0,0.0721739227083233,0.9913352998163042
S000031717,iShares MSCI China ETF,4,0,0,0.014474936933912844,1.0680799682548763
S000051349,Quantified STF Fund,1,0,0,0.00042675726355038854,1.0137952287723877
S000052563,Janus Henderson Small Cap Growth Alpha ETF,4,0,0,0.0298505901703334,1.0216480137352986
S000053058,SPDR MSCI USA Gender Diversity ETF,3,0,0,0.0009125419666822643,1.0256940501661824
S000053166,Transamerica BlackRock iShares Edge 75 VP,4,0,0,0.15326085810225895,0.9940387600343868
S000060785,American Century Diversified Corporate Bond ETF,4,0,0,0.024992969935064873,1.0206007660964647
S000062676,Global X Genomics & Biotechnology ETF,4,0,0,0.1086885115735891,1.0202297373641058
S000071090,JPMorgan Short Duration Core Plus ETF,2,0,0,0.0047845568061252045,1.0220715683285182
S000074056,JPMorgan Realty Income ETF,4,0,0,0.00717359617166746,1.021917808219178
S000082197,iShares LifePath Retirement ETF,4,0,0,0.044662204894318436,1.0237479191359744
S000082979,CornerCap Fundametrics Large-Cap ETF,3,0,0,0.03905948804359007,1.0155461311430547
S000085981,AAM Brentview Dividend Growth ETF,4,0,0,0.1432094263833656,1.0161255576379722
S000001421,THRIVENT MID CAP INDEX PORTFOLIO,4,0,0,0.017177450760960097,0.9873389488523272
S000002129,T. Rowe Price Limited-Term Bond Portfolio,4,0,0,0.004843580741749458,1.0296302954855476
S000003045,Invesco High Yield Equity Dividend AchieversTM ETF,4,0,0,0.15247945003257476,1.0219477070032554
S000005085,College Retirement Equities Fund - Inflation-Linked Bond Account,4,0,0,0.008848378022899742,1.0241267615123517
S000005403,NVIT Investor Destinations Aggressive Fund,4,0,0,0.075194887374931,1.0204081632653061
S000006223,DWS Small Cap Index VIP,4,0,0,0.06743157577638081,0.9840256175627493
S000009123,Federated Hermes International Small-Mid Company Fund,4,0,0,0.02796669373724646,1.0387625280050778
S000009228,Growth Fund of America,4,0,0,0.0010791505637992975,0.9201002157213175
S000010470,Janus Henderson Research Fund,4,0,0,0.000866623143701954,1.0244215693450935
S000014038,SPDR Portfolio Developed World ex- US ETF,4,0,0,0.06300720898885999,1.0465855092054952
S000055044,DIAMOND HILL CORE BOND FUND,4,0,0,0.03774518541039196,1.0272841763726024
S000074744,NYLI Global Equity R&D Leaders ETF,3,0,0,0.012765698892605131,1.0384400957751698
S000082250,Parametric Hedged Equity ETF,4,0,0,0.03869388793602081,1.0207005632012436
S000001727,JNL/Mellon S&P 500 Index Fund,4,0,0,0.05322971222362075,0.9728380862574715
S000001765,JNL/DFA U.S. Core Equity Fund,4,0,0,0.0035512027345558695,0.9941546934389126
S000006411,The Financial Select Sector SPDR Fund,4,0,0,0.0122933700900808,1.0180114034681598
S000006416,The Utilities Select Sector SPDR Fund,4,0,0,0.018646178095423394,1.0170282312810655
S000025036,NVIT Investor Destinations Balanced Fund,4,0,0,0.04717619532586874,1.0210816266275493
S000006408,The Consumer Discretionary Select Sector SPDR Fund,4,0,0,0.03351973127587273,1.020228369920244
S000008346,Systematic Value Fund,4,0,0,0.013535998237401838,1.0244730443214165
S000009618,EUPAC Fund,4,0,0,0.013031919096132525,1.0473634899263378
S000049941,AMG GW&K Small/Mid Cap Core Fund,4,0,0,0.07877255572803689,0.977585326921687
S000013788,Invesco Financial Preferred ETF,4,0,0,0.05602913810590921,1.0225323302106761
S000023733,Empower T. Rowe Price Mid Cap Growth Fund,4,0,0,0.020724405541666838,1.020576460786848
S000064945,iShares U.S. Equity Factor Rotation Active ETF,4,0,0,0.001591331403816787,0.9920442803473454
S000075796,ALPS | OShares Global Internet Giants ETF,4,0,0,0.027412349083202038,1.0425154410459654
S000078987,Dimensional US Large Cap Value ETF,4,0,0,0.018311196736749715,1.0227180531123032
S000002512,MFS Emerging Markets Equity Fund,4,0,0,0.005537782494324557,1.0521348600015925
S000007096,Fidelity Japan Fund,4,0,0,0.06291112046115757,1.0343663923272097
S000048311,iShares Exponential Technologies ETF,4,0,0,0.023955360378789727,1.0208203679545758
S000048721,Invesco S&P 500 ex-Rate Sensitive Low Volatility ETF,3,0,0,0.07524490790872482,1.0200137099582864
S000061598,GuidePath Growth and Income Fund,4,0,0,0.23930040141922784,1.0026422633677272
S000062359,BlackRock Floating Rate Income Portfolio,3,0,0,0.04094153179394797,1.0203112542012722
S000003859,JPMorgan Small Cap Growth Fund,4,0,0,0.09400414069405792,1.023825432431945
S000005647,VY(R) CBRE Global Real Estate Portfolio,4,0,0,0.03494003033204,1.021420161414126
S000020973,Dunham Small Cap Growth Fund,4,0,0,0.2973298114773114,0.9926659984671501
S000037586,Invesco Dorsey Wright SmallCap Momentum ETF,4,0,0,0.3283539414208994,1.0235763381140233
S000055582,T. Rowe Price Total Return Fund,4,0,0,0.012622081631170512,1.02791421372115
S000064623,Invesco International Small-Mid Company Fund,3,0,0,0.022197001261788037,1.0200979430858896
S000068660,SPDR Bloomberg Emerging Markets USD Bond ETF,4,0,0,0.054434079313084846,1.0181943053540745
S000015873,SA Emerging Markets Value Fund,4,0,0,0.03366601846784831,1.0498238922085077
S000018474,VanEck Agribusiness ETF,4,0,0,0.12272215461524033,1.016040648065225
S000045275,Transamerica Mid Cap Value Opportunities,3,0,0,0.016450691466593986,1.0162985552391104
S000071174,WisdomTree Alternative Income Fund,4,0,0,0.1664009890204841,1.0253911960030173
S000005004,Nationwide Investor Destinations Moderately Conservative Fund,4,0,0,0.07201826625623796,1.0207081106366616
S000033313,FlexShares Morningstar Developed Markets ex-US Factor Tilt Index Fund,4,0,0,0.16088691161765528,1.0654104994415394
S000047913,Calamos Global Convertible Fund,4,0,0,0.09413197013956827,1.01268983298361
S000006030,DWS CROCI (R) International Fund,3,0,0,0.02104924660869989,1.0502878830022848
S000006031,DWS Latin America Equity Fund,4,0,0,0.014126504565670562,0.958116625756205
S000009419,iShares U.S. Medical Devices ETF,4,0,0,0.021416980893585992,1.0152534871138108
S000020975,Dunham Long/Short Credit Fund,4,0,0,0.05233672077724978,1.0131306290360957
S000028545,First Trust Indxx Global Natural Resources Income ETF,4,0,0,0.11442688618215369,1.0385950430888515
S000037224,Victory Cornerstone Conservative Fund,3,0,0,0.0002059361884075557,1.0203456305919842
S000055770,Hartford Global Impact Fund,4,0,0,0.03078938068452032,0.9531887447369706
S000085719,Invesco MSCI EAFE Income Advantage ETF,3,0,0,0.03362880977108226,1.0512094370508467
S000001437,THRIVENT SHORT-TERM BOND PORTFOLIO,4,0,0,0.011427596899183582,1.0198666682269792
S000005097,Nuveen Life Core Bond Fund,4,0,0,0.013659001477542487,1.0258806659507353
S000005434,Fidelity Advisor Overseas Fund,1,0,0,0.000454624954461238,1.0647902283590016
S000009417,iShares U.S. Pharmaceuticals ETF,4,0,0,0.0637771410999877,0.9824110482654267
S000009418,iShares U.S. Healthcare Providers ETF,4,0,0,0.06121693317741599,0.9847162648494241
S000040444,AST Large-Cap Equity Portfolio,4,0,0,0.03470442032507666,1.003727441370901
S000055815,Nuveen ESG Small-Cap ETF,4,0,0,0.016152942637313154,1.0385073526075461
S000072469,Invesco Nasdaq Biotechnology ETF,4,0,0,0.26496892659136817,0.9886810009888582
S000004312,iShares S&P 500 Value ETF,4,0,0,0.0026773876973536642,1.0021495804974363
S000004344,iShares Russell 2000 ETF,4,0,0,0.14074342675157134,1.0119326384635001
S000019792,Lord Abbett Floating Rate Fund,4,0,0,0.021269545539491435,1.0210610818840464
S000067265,BNY Mellon Core Bond ETF,4,0,0,0.05922426005171062,1.027650008554517
S000004999,Nationwide S&P 500 Index Fund,4,0,0,0.022238460241621193,1.0208457513880649
S000012398,WisdomTree Europe SmallCap Dividend Fund,4,0,0,0.041023641498043606,1.0585083532398099
S000014048,SPDR Portfolio Emerging Markets ETF,4,0,0,0.08836667266300345,1.0516591557822739
S000016733,AMG River Road Small-Mid Cap Value Fund,4,0,0,0.14724259085949246,0.9659012578575202
S000024182,Calvert Global Water Fund,4,0,0,0.0753582474370524,1.0464704991638347
S000033925,NYLI VP Candriam Emerging Markets Equity Portfolio,4,0,0,0.017820212423506294,1.0389711243550916
S000042770,Meridian Small Cap Growth Fund,4,0,0,0.1582921280150925,0.9801898784625062
S000007994,Asset Allocation Fund,4,0,0,0.03881481708339447,1.0457742321092438
S000009220,VanEck VIP Emerging Markets Bond Fund,4,0,0,0.038064640224856665,1.028979716230722
S000015507,WisdomTree U.S. SmallCap Fund,4,0,0,0.07355989556318474,1.0094551391712947
S000051241,VanEck Energy Income ETF,4,0,0,0.22213711579026676,1.0325637769105955
S000053035,NYLI VP Wellington Small Cap Portfolio,4,0,0,0.06373719596861743,1.0214721155052104
S000062205,ALPS Clean Energy ETF,4,0,0,0.3035722146867738,1.0147063957785845
S000059242,AAM S&P 500 High Dividend Value ETF,4,0,0,0.09125347734979243,1.013351580514578
S000062237,Fidelity SAI Total Bond Fund,4,0,0,0.0024489873839685754,1.0347798384107971
S000069533,iShares ESG Select Screened S&P Mid-Cap ETF,4,0,0,0.042668506968074484,1.009904625424813
S000083006,Goldman Sachs MarketBeta(R) Russell 1000 Value Equity ETF,4,0,0,0.0008460303836751613,1.0116681701735573
S000000193,Invesco V.I. Health Care Fund,4,0,0,0.0394465864503149,1.0220986546934314
S000007495,Fidelity Capital and Income Fund,4,0,0,0.008056299434148276,0.9281988351833369
S000009427,NYLI VP MacKay Convertible Portfolio,4,0,0,0.04141807767455422,1.017226692421167
S000010007,"Prudentials Gibraltar Fund, Inc.",4,0,0,0.014602979600323971,1.0013929502835617
S000013129,Invesco Dorsey Wright Consumer Staples Momentum ETF,4,0,0,0.1492841765776888,1.0225102021143995
S000016887,Donoghue Forlines Momentum VIT Fund,4,0,0,0.0999350411700409,1.0058199570046202
S000017667,VIP Asset Manager 70% Portfolio,2,0,0,0.00905084133772353,1.0169971671388103
S000022888,Dunham Monthly Distribution Fund,4,0,0,0.08893015043632652,1.0166308582810275
S000031807,First Trust Small Cap Value AlphaDEX Fund,4,0,0,0.021304478569018175,1.013642481683883
S000043242,VANGUARD GLOBAL MINIMUM VOLATILITY FUND,4,0,0,0.0200839398742282,1.0888211875211085
S000045020,Invesco Variable Rate Preferred ETF,4,0,0,0.08467404088199953,1.0316741698444747
S000054186,iShares Fallen Angels USD Bond ETF,4,0,0,0.1714592586794773,1.032177052852918
S000073679,Innovator Laddered Allocation Power Buffer ETF,3,0,0,0.00902183715646529,1.0235835975182028
S000086255,Hood River New Opportunities Fund,4,0,0,0.2309653680197684,0.9279496138675722
S000001439,THRIVENT MULTISECTOR BOND PORTFOLIO,4,0,0,0.024265992035443617,1.0108566092763305
S000004324,iShares U.S. Healthcare ETF,4,0,0,0.00952933858848718,1.014137023169232
S000005912,Schwab Small-Cap Index Fund,4,0,0,0.021318307411481868,1.0383064417308523
S000015698,JPMorgan Income Builder Fund,4,0,0,0.014265059881615147,1.1011776225193153
S000038555,VOYA STRATEGIC INCOME OPPORTUNITIES FUND,4,0,0,0.0155660279099364,1.035668056199486
S000064695,Invesco Global Allocation Fund,3,0,0,0.007917073054316864,1.01446315115869
S000073598,Fidelity Cloud Computing ETF,4,0,0,0.050613913515066306,1.0109960000294311
S000000962,Dimensional VA Global Bond Portfolio,3,0,0,0.004840227569738302,1.019514981683572
S000007725,VIP Disciplined Small Cap Portfolio,4,0,0,0.08516393451142916,1.013915337845725
S000011112,SSGA Growth and Income ETF Portfolio,4,0,0,0.26961110120796494,1.0212581202086648
S000030678,EQ/AB Dynamic Moderate Growth Portfolio,4,0,0,0.04385409950658537,1.026372103524423
S000002985,UBS U.S. SMALL CAP GROWTH FUND,1,0,0,0.027934967999928773,1.0300948266849355
S000005086,College Retirement Equities Fund - Social Choice Account,4,0,0,0.009575463991147197,1.0408356628547302
S000006193, Small Cap Growth Fund,4,0,0,0.0337993716595216,1.002049647950435
S000036938,SPDR Portfolio High Yield Bond ETF,4,0,0,0.088055016020186,1.0141667118599218
S000054634,Nexpoint Merger Arbitrage Fund,4,0,0,0.008832092640793777,1.02054752913336
S000062095,The Communication Services Select Sector SPDR Fund,4,0,0,0.015517220760900076,1.0103251136076297
S000067321,Transamerica Emerging Markets Equity,4,0,0,0.03499595078626533,1.0436412772318333
S000070902,Dimensional U.S. Equity Market ETF,4,0,0,0.022136060910758096,1.0234941650351979
S000012392,WisdomTree U.S. LargeCap Dividend Fund,4,0,0,0.013372966280899793,1.01702623916682
S000050332,STATE STREET SMALL/MID CAP EQUITY INDEX PORTFOLIO,4,0,0,0.17785900642995128,1.0107368167389164
S000061415,Global X Autonomous & Electric Vehicles ETF,4,0,0,0.12106027671526327,1.0560586685268236
S000064728,Virtus Real Asset Income ETF,4,0,0,0.16395113619182772,1.0112800279607173
S000069821,Mid Cap Value Fund,4,0,0,0.03148957239264526,1.0217259704892032
S000007103,Fidelity Worldwide Fund,4,0,0,0.012764532280560846,1.0465057642872255
S000013697,iShares 1-5 Year Investment Grade Corporate Bond ETF,4,0,0,0.07211591659690715,1.0267406300017576
S000020646,Madison Core Bond Fund,4,0,0,0.01124221694795095,1.0195844448969116
S000031800,First Trust Japan AlphaDEX Fund,4,0,0,0.14777045337465444,1.0284213431464972
S000069532,iShares ESG Select Screened S&P 500 ETF,4,0,0,0.002677791010067411,1.0086636259854267
S000001323,CRM SMALL CAP VALUE FUND,4,0,0,0.039446440363614735,1.0073943121587259
S000006101,DWS Total Return Bond Fund,4,0,0,0.042749203630365856,1.0332618287067266
S000007856,Kinetics Market Opportunities Portfolio,4,0,0,0.031589634609544254,0.9457451422930724
S000009055,EQ/Quality Bond PLUS Portfolio,4,0,0,0.0008606960873508591,1.0206592397839982
S000023740,Empower Bond Index Fund,4,0,0,0.007520028797132258,1.0241766981618328
S000034748,Invesco S&P Emerging Markets Momentum ETF,4,0,0,0.09995088631062961,1.0514477689684296
S000048623,iShares U.S. Equity Factor ETF,4,0,0,0.01457085884945855,0.9449401286656594
S000085982,AAM Sawgrass U.S. Small Cap Quality Growth ETF,4,0,0,0.153134544982729,1.022421266574752
S000000281,Invesco Diversified Dividend Fund,3,0,0,0.010877540234602412,1.020109735187972
S000007660,LargeCap S&P 500 Index Account,4,0,0,0.0004559887470277155,0.9775860533748721
S000007896,Transamerica Aegon Core Bond VP,4,0,0,0.004397786019082567,1.0153540970132284
S000017339,First Trust Small Cap Core AlphaDEX Fund,4,0,0,0.038748269611949965,1.006476484353678
S000034747,Invesco S&P International Developed Low Volatility ETF,4,0,0,0.11873094758763159,1.0530278974421845
S000044475,Xtrackers USD High Yield Corporate Bond ETF,4,0,0,0.10192297883038298,1.038143335009236
S000048956,PIMCO RAE US Fund,4,0,0,0.020966122130675065,0.9671245930301978
S000055090,AdvisorShares Focused Equity ETF,3,0,0,0.042309409435667335,0.9476405927983215
S000068173,Fidelity Blue Chip Growth ETF,3,0,0,0.00494300389302152,0.9297703840654779
S000062463,JNL/Loomis Sayles Global Growth Fund,4,0,0,0.0483295360915063,0.9786626001411219
S000010443,AB Balanced Hedged Allocation Portfolio,4,0,0,0.1454074175276393,1.020244444387794
S000052159,Women in Leadership U.S. Equity Portfolio,3,0,0,0.08244132806423608,1.0202085331664683
S000082252,Parametric Equity Premium Income ETF,4,0,0,0.085984732530668,1.0213321683674579
S000009063,Federated Hermes Total Return Government Bond Fund,4,0,0,,
S000011755,Payden Low Duration Fund,4,0,0,0.0009019164147946825,1.0256789306129095
S000090635,iShares iBonds 2032 Term High Yield and Income ETF,4,0,0,0.10003149205528655,1.014693324993648
S000088397,Amplify Small-Mid Cap Equity ETF,2,0,0,0.009003930037752333,0.9512297666596594
S000082910,Langar Global Health Tech ETF,4,0,0,,
S000039094,Nationwide Invesco Core Plus Bond Fund,3,0,0,0.10134702413649699,1.021283621580875
S000062620,DWS CROCI(R) Equity Dividend Fund,3,0,0,0.07420382041671533,1.012669951727156
S000046024,State Street Target Retirement 2055 Fund,1,0,0,0.0007229636943841747,1.0268904994367254
S000004269,iShares MSCI Germany ETF,3,0,0,0.008878827354154658,1.0147082241515601
S000009356,Goldman Sachs Variable Insurance Trust Strategic Growth Fund,1,0,0,0.0014471112995042513,1.0709415435315706
S000071896,Fidelity SAI Japan Stock Index Fund,3,0,0,0.004455750154598824,1.0268662040897671
S000005780,Real Estate Fund,2,0,0,0.021937933764134592,1.0224964778887433
S000063007,Janus Henderson Mortgage-Backed Securities ETF,1,0,0,1.537858564527604e-05,1.0219368625455407
S000086556,JNL/T. Rowe Price Capital Appreciation Equity Fund,3,0,0,0.013322080211553622,0.9980151476203608
S000065695,Fidelity Magellan K6 Fund,1,0,0,0.003317893728458991,1.004204798417017
S000004390,BALANCED PORTFOLIO,1,0,0,8.638327757961881e-05,1.076988376648818
S000037565,AMG Yacktman Focused Fund,2,0,0,0.02937713010733241,1.0332652233213933
S000006825,ProShares Ultra MidCap400,3,0,0,0.006253243599817691,1.0216038877582534
S000008527,VOYA Global High Dividend Low Volatility Fund,3,0,0,0.0005507931227850481,1.0505058317644589
S000086050,JPMorgan Fundamental Data Science Mid Core ETF,3,0,0,0.019652688806995142,1.0201864759663257
S000087942,SPDR SSGA My2026 Corporate Bond ETF,3,0,0,0.01983289253679807,1.0200182148243273
S000067930,Fidelity Agricultural Productivity Fund,3,0,0,0.01805886095796777,0.9622114161206183
S000079471,AB US High Dividend ETF,3,0,0,0.015375634808196408,1.0245901639344261
S000093055,Invesco BulletShares 2035 Corporate Bond ETF,3,0,0,0.03371535447406461,1.023934924622462
S000039298,VIP International Capital Appreciation Portfolio,2,0,0,0.002351148152064452,1.0449596066034421
S000002796,JPMorgan Value Advantage Fund,3,0,0,0.0057923730072920124,1.0213170445510458
S000022377,Catalyst/SMH High Income Fund,2,0,0,0.08770828516401372,1.023391812865497
S000089397,NYLI VP MFS Investors Trust Portfolio,2,0,0,0.0059033204314494344,1.0200153964588143
S000017337,First Trust Large Cap Core AlphaDEX Fund,2,0,0,0.003263710722436749,0.9780965358047548
S000009497,Royce Capital Fund - Small-Cap Portfolio,2,0,0,0.009341592524041103,1.0204044191179413
S000083140,Hartford US Value ETF,2,0,0,0.004329555718730184,1.0240417980828216
S000058550,American Beacon Shapiro SMID Cap Equity Fund,1,0,0,0.04710208045998974,1.030743074443661
S000095648,WisdomTree Quantum Computing Fund,2,0,0,0.08069199654787021,0.9442035754122596
S000009315,Goldman Sachs Large Cap Equity Fund,2,0,0,0.0024601696067535206,0.9963663599333127
S000080059,Aristotle Strategic Income Fund,2,0,0,0.092055448288589,1.0199537919309885
S000049974,The ESG Growth Portfolio,2,0,0,0.00196935045620213,1.0500007396449704
S000059011,Touchstone Strategic Trust-Touchstone Small Company Fund,2,0,0,0.0144246086351797,1.0205621016598267
S000000855,Parnassus Value Equity Fund,2,0,0,0.010106698556178493,1.0205019766479728
S000080742,Level Four Large Cap Growth Active ETF,2,0,0,0.019827924774702573,1.0326762690545461
S000090468,iShares Dynamic Equity Active ETF,2,0,0,0.007086390021142891,1.0081893551313432
S000009320,Goldman Sachs Mid Cap Value Fund,2,0,0,0.0032149146357960115,1.000215762592823
S000079372,VanEck CMCI Commodity Strategy ETF,1,0,0,0.0748637362374311,1.020402275028621
S000028721,Total Return Portfolio,1,0,0,0.0011801300884600092,1.0210372169477138
S000080062,Aristotle Core Equity Fund,1,0,0,0.003403835397902232,1.02186738525475
S000050646,Global X S&P 500 Catholic Values ETF,1,0,0,0.00030047690423179273,1.0244528511960531
S000009328,Goldman Sachs Large Cap Growth Insights Fund,1,0,0,0.0008451091313453911,0.9873515745998968
S000090927,BHILL Fund,1,0,0,0.10444817506355217,1.0225973757731055
S000022039,Schwab International Core Equity Fund,1,0,0,0.02065777480680116,1.0581520238922821
S000084196,NYLI MacKay Securitized Income ETF,1,0,0,0.00792881460952,1.020171707058653
S000033909,Global X MSCI Greece ETF,1,0,0,0.02092688849221515,1.0523349776163273
S000085351,FundX Future Fund Opportunities ETF,1,0,0,0.011801252779245623,1.0012444590761271
S000009326,Goldman Sachs Large Cap Value Insights Fund,1,0,0,0.0013591631244557834,0.9873515745998968
S000037879,Global X Guru Index ETF,1,0,0,0.014786341639058129,1.0204359581649247
S000081083,NYLI PineStone International Equity Fund,1,0,0,0.04782781730479167,1.043157879834833
S000003738,S&P 500 Pure Value Fund,1,0,0,0.00571743076019192,1.01115743310103
S000007921,Transamerica WMC US Growth VP,1,0,0,0.00040135055009539054,1.0200000788293708
S000038789,Empower Real Estate Index Fund,4,0,0,0.031852431146232096,1.0217203871571259
S000067383,AdvisorShares Dorsey Wright FSM All Cap World ETF,4,0,0,0.13825297372838335,0.9795297428284715
S000071961,WisdomTree BioRevolution Fund,4,0,0,0.2341921831975134,0.9654660097194383
S000052351,WisdomTree Dynamic International SmallCap Equity Fund,4,0,0,0.045013294387614894,1.0626395339232053
S000004356,iShares North American Natural Resources ETF,4,0,0,0.06204341178925272,0.9855708649350317
S000012911,Victory Science & Technology Fund,4,0,0,0.015840000484189237,1.0263369577064267
S000007472,Select Health Care Services Portfolio,4,0,0,0.05405155143075898,0.9801265145439506
S000011486,MML Large Cap Growth Fund,4,0,0,0.02360696693120372,0.9958160777876793
S000029346,Direxion Daily MSCI Brazil Bull 2X Shares,3,0,0,0.2541818554923587,1.0219924170202892
S000038649,Direxion Daily FTSE Europe Bull 3X Shares,2,0,0,0.2772547320859112,1.0212292681480866
S000005432,Fidelity Advisor Diversified International Fund,3,0,0,0.011626007999468566,1.071023301589092
S000048889,EQ/AB Dynamic Growth Portfolio,4,0,0,0.04418959009591454,1.0279659420504863
S000009184,Columbia Acorn Fund,2,0,0,0.030393776040539982,1.0212564844980996
S000002662,JPMorgan Europe Dynamic Fund,4,0,0,0.031552646104443395,1.0500186231812045
S000009191,VanEck Gold Miners ETF,4,0,0,0.0560886519654936,0.9680505961720665
S000029152,Strategic Advisers International Fund,4,0,0,0.011484816476597041,1.0344504018594165
S000046096,Emerging Markets Debt Fund,3,0,0,0.006319443087157966,1.016135129409607
S000080536,JPMorgan U.S. Tech Leaders ETF,4,0,0,0.03545267291757399,1.0209249122375326
S000042758,Fidelity Short Duration High Income Fund,4,0,0,0.08052664352402766,1.0351297082214723
S000068603,Roundhill Sports Betting & iGaming ETF,4,0,0,0.2011371489789753,0.9904242078760743
S000032435,AB Global Dynamic Allocation Portfolio,4,0,0,0.05863703231507888,1.0214938309060249
S000015260,Invesco RAFI Developed Markets ex-U.S. Small-Mid ETF,3,0,0,0.16576418071896112,1.0702893781285445
S000036845,Transamerica Market Participation Strategy VP,4,0,0,0.22641866564039034,1.0183133549598469
S000002845,VANGUARD SMALL-CAP INDEX FUND,4,0,0,0.014427375067976032,0.9763089732709592
S000004769,PGIM Short-Term Corporate Bond Fund,4,0,0,0.03318756888780588,0.938814054540962
S000042567,Fidelity Total Bond ETF,4,0,0,0.002124130277833409,1.0343414938946507
S000035959,BNY Mellon Corporate Bond Fund,3,0,0,0.10883979430784682,1.0293860306155984
S000018380,BlackRock 60/40 Target Allocation Fund,4,0,0,0.04592692664751255,1.0037665793402741
S000079855,NYLI CBRE Real Assets ETF,4,0,0,0.05260493494388626,1.0245675512278336
S000006055,Fidelity Advisor Diversified Stock Fund,4,0,0,0.015735316954356215,0.9962442284958661
S000069852,iShares iBonds 2026 Term High Yield and Income ETF,4,0,0,0.07569937983656883,1.0353314031923482
S000061889,Empower Core Strategies: Flexible Bond Fund,4,0,0,0.010643093048438046,1.0216072203904971
S000026024,Growth Portfolio,3,0,0,0.007007220456250682,1.0214541399166615
S000015278,Invesco Global Water ETF,4,0,0,0.09228252237284564,1.0304444991348165
S000079625,Voya VACS Series EMHCD Fund,4,0,0,0.026530241196388686,1.0344617710868274
S000019669,SPDR(R) Bloomberg High Yield Bond ETF,4,0,0,0.0890517049782565,1.0151930113972787
S000025793,ATM International Managed Volatility Portfolio,4,0,0,0.04743848340405323,1.0546795477790167
S000072457,EQ/Long-Term Bond Portfolio,4,0,0,0.008904297640187905,1.0213196926293262
S000013699,iShares Broad USD Investment Grade Corporate Bond ETF,4,0,0,0.09888550595633167,1.0299980326930132
S000068946,Inspire Capital Appreciation ETF,1,0,0,0.008325564556643626,1.023331968890708
S000005418,NVIT Multi-Manager Small Cap Value Fund,4,0,0,0.2520129077671543,1.0246692148774148
S000035882,iShares MSCI Global Gold Miners ETF,4,0,0,0.0376904658566954,0.9835064067315813
S000006527,Western Asset Management U.S. Government Portfolio,4,0,0,0.08173060988650228,1.019682471777139
S000054678,Transamerica Balanced II,4,0,0,0.0028919339607498974,1.0197997783016053
S000061310,VANGUARD U.S. MULTIFACTOR ETF,3,0,0,0.001485995251910322,1.0726700172230925
S000010447,AB Sustainable Global Thematic Portfolio,1,0,0,0.013554994136362448,1.0201908948748488
S000050381,Horizon Active Asset Allocation Fund,4,0,0,0.06525106395043802,1.0186256075616023
S000077357,Invesco BulletShares 2030 High Yield Corporate Bond ETF,4,0,0,0.11341296845791618,1.024146830266323
S000003769,S&P MidCap 400 Pure Value Fund,2,0,0,0.023694026803098824,1.0153080935238195
S000018008,Virtus Newfleet Multi-Sector Short Term Bond Fund,4,0,0,0.005509251082765544,1.0354767812400496
S000010510,AB Sustainable Thematic Balanced Portfolio,2,0,0,0.011866553282161539,1.030689579709978
S000066805,Fidelity Infrastructure Fund,3,0,0,0.02036016075515009,0.9613603860360314
S000073417,ProShares S&P Kensho Smart Factories ETF,2,0,0,0.05215558074912618,1.0364004044489383
S000073505,PGIM Jennison NextGeneration Global Opportunities Fund,1,0,0,0.00849866367157816,1.0097536736484265
S000008786,Global Growth Fund,4,0,0,0.004143826328957131,0.9550934071715615
S000006506,Brighthouse/Artisan Mid Cap Value Portfolio,4,0,0,0.26998002576206187,1.0235150214403193
S000020450,Invesco Dorsey Wright Developed Markets Momentum ETF,4,0,0,0.04366917698160758,1.0501876578300333
S000008778,SA U.S. Value Fund,4,0,0,0.006634383771053985,1.021299141347042
S000036874,Fidelity Global Equity Income Fund,2,0,0,0.0013511224199162233,1.0019716623238795
S000064788,Fidelity International Multifactor ETF,1,0,0,0.0028248309350170004,1.0483317950941493
S000032779,BlackRock LifePath Index 2035 Fund,2,0,0,0.0017117402696337333,1.0136992639725668
S000008482,Carillon Eagle Small Cap Growth Fund,3,0,0,0.02499348255971598,0.9272639691714836
S000009309,Goldman Sachs High Yield Fund,4,0,0,0.03372355659609534,1.0165937998429613
S000036842,Schroders Global Multi-Asset Portfolio,4,0,0,0.22718925374693008,1.0223153331171768
S000033928,NYLI VP Janus Henderson Balanced Portfolio,4,0,0,0.003856799884889847,1.0211460967743784
S000064709,Invesco International Bond Fund,3,0,0,0.016137223926439747,1.0315032945060492
S000061994,JPMorgan BetaBuilders Europe ETF,4,0,0,0.03918909342476428,1.0498700624602824
S000006195, Ultra Fund,2,0,0,0.00027664872553998773,0.9467135515282662
S000053568,Victory Global Energy Transition Fund,4,0,0,0.07241184228739608,1.0525027572471954
S000017703,First Trust Technology AlphaDEX Fund,2,0,0,0.017209732235059894,1.0626800369325442
S000008719,Calvert Equity Fund,2,0,0,0.004939637449569026,1.0147965821828426
S000031950,Transamerica BlackRock iShares Active Asset Allocation - Conservative VP,4,0,0,0.09603495178507777,1.0052573389403234
S000026013,Short Duration Bond Portfolio,4,0,0,0.028335077493024035,1.0192878461183603
S000050614,FlexShares US Quality Large Cap Index Fund,4,0,0,0.05359629681017922,1.020757180731199
S000067902,ICON FLEXIBLE BOND FUND,3,0,0,0.015341922078178435,1.026957041373825
S000008005,Systematic Growth Fund,4,0,0,0.014545018078708156,1.0255430635713543
S000000700,THRIVENT AGGRESSIVE ALLOCATION FUND,4,0,0,0.0005090595845868118,0.9868661131250452
S000006864,U.S. Small Cap Equity Fund,4,0,0,0.03323987299739897,
S000010514,AB Wealth Appreciation Strategy,4,0,0,0.005749458684711478,1.0064514804148197
S000009324,Goldman Sachs U.S. Equity Dividend and Premium Fund,2,0,0,0.0002517999685093974,1.0184393947979826
S000008883,iShares Global Utilities ETF,1,0,0,0.000485720876470557,1.0882841052668537
S000091877,MML Invesco Discovery Mid Cap Fund,1,0,0,0.012137680598328565,1.017486618489969
S000090723,E*TRADE No Fee U.S. Bond Index Fund,1,0,0,0.003271551280291871,1.022782872091124
S000092126,Amplify Samsung U.S. Natural Gas Infrastructure ETF,1,0,0,0.017311491876072303,1.0265903736115787
S000036625,Catalyst Nasdaq - 100 Hedged Equity Fund,4,0,0,0.2870825242737302,0.9876959626672883
S000047584,Hartford Multifactor Emerging Markets ETF,4,0,0,0.024940904358176686,1.024966441331337
S000010020,SPDR(R) S&P(R) Semiconductor ETF,4,0,0,0.13891932411494975,0.9963793165441247
S000017683,Fidelity Advisor Floating Rate High Income Fund,1,0,0,0.0004201247738637878,1.0051218710251475
S000006540,RED OAK TECHNOLOGY SELECT FUND,1,0,0,0.005251166207412962,
S000043434,Lifestyle Blend Balanced Portfolio,4,0,0,0.011886214098375841,1.0202104969172736
S000031952,Transamerica BlackRock iShares Active Asset Allocation - Moderate VP,4,0,0,0.2603628208411884,1.0168344828346858
S000001586,U.S. Small Cap Equity Fund,4,0,0,0.03428207739516315,
S000006099,DWS Equity Sector Strategy Fund,3,0,0,0.0012575678801751752,1.0135135135135136
S000080557,Avantis All Equity Markets Value ETF,4,0,0,0.006910870946200739,1.0210696920583469
S000002700,PACE Global Fixed Income Investments,4,0,0,0.018522079605138735,1.0177132636694926
S000036768,VanEck Emerging Markets High Yield Bond ETF,4,0,0,0.05932125466430198,1.0373718867739896
S000010992,CVT S&P MidCap 400 Index Portfolio,4,0,0,0.04354669783652566,1.0133497329241488
S000004364,iShares China Large-Cap ETF,4,0,0,0.04157435698516549,1.056977591867733
S000028295,Invesco S&P SmallCap Utilities & Communication Services ETF,4,0,0,0.22193454346249225,1.0244908010268576
S000056100,Destinations Large Cap Equity Fund,1,0,0,0.0005642476481153146,1.0206935123042506
S000094567,Janus Henderson Global Artificial Intelligence ETF,1,0,0,0.015375094232713181,1.0216729230115447
S000065408,Amplify High Income ETF,4,0,0,0.04130211174774164,1.0093210467272629
S000008071,MFS Blended Research Small Cap Equity Portfolio,4,0,0,0.008188337146238704,0.9533989948497721
S000088234,DIAMOND HILL CORE PLUS BOND FUND,4,0,0,0.09789631717825907,1.0267875049879598
S000073783,Catholic Responsible Investments Short Duration Bond Fund,2,0,0,0.001946414690939413,0.9838192823827528
S000061314,iShares U.S. Infrastructure ETF,4,0,0,0.018187098173633884,0.9430992488071075
S000045910,1290 GAMCO Small/Mid Cap Value Fund,4,0,0,0.01883339836864027,1.0350899677029666
S000032942,Small-MidCap Dividend Income Fund,1,0,0,0.012111138917912894,1.029437089615045
S000088098,Parametric Equity Plus ETF,4,0,0,0.02741955048976347,1.020736691766429
S000077093,Harbor International Compounders ETF,1,0,0,0.014697325172535457,1.0460678004184167
S000025791,EQ/500 Managed Volatility Portfolio,4,0,0,0.002771383610291828,1.0173760947995354
S000032436,BlackRock Global Tactical Strategies Portfolio,4,0,0,0.1488383960513609,1.0213249915987803
S000005404,NVIT Investor Destinations Conservative Fund,4,0,0,0.07912417239367017,1.0202072538860103
S000042975,ARK Genomic Revolution ETF,2,0,0,0.13949403435403038,0.9488107274025476
S000017702,First Trust Materials AlphaDEX Fund,3,0,0,0.013558835365556828,0.951767482790164
S000036714,NYLI Balanced Fund,4,0,0,0.009662585211635799,1.0207995920285766
S000017338,First Trust Mid Cap Core AlphaDEX Fund,4,0,0,0.024644380276772165,0.9843589755404387
S000089152,John Hancock Core Bond ETF,4,0,0,0.0038036262248038197,1.021287094686688
S000028085,AB All Market Real Return Portfolio,4,0,0,0.027606519595201724,1.0478794645964513
S000079934,Touchstone ETF Trust-Touchstone Climate Transition ETF,1,0,0,0.01761401619258584,1.0519245324334698
S000073404,Hartford Strategic Income ETF,2,0,0,0.03195637896168876,1.0414138957176449
S000037359,JPMorgan SmartRetirement Blend Income Fund,2,0,0,0.0008209242653499464,1.022779085963411
S000026025,International Small-Cap Portfolio,3,0,0,0.03866694665357187,1.0218223216758886
S000033929,NYLI VP Fidelity Institutional AM Utilities Portfolio,2,0,0,0.0036661828674149025,1.0447238827802654
S000005419,NVIT Multi-Manager Small Company Fund,4,0,0,0.27041795916441647,1.0237662621307175
S000020601,Voya Global High Dividend Low Volatility Portfolio,4,0,0,0.021870070451268132,1.040599354717621
S000002790,JPMorgan U.S. GARP Equity Fund,1,0,0,0.002915416119376652,1.0202749220427814
S000061872,Matisse Discounted Bond CEF Strategy,4,0,0,,
S000005530,Wilmington Enhanced Dividend Income Strategy Fund,1,0,0,0.015915101069944662,1.036084593696352
S000030999,Xtrackers MSCI EAFE Hedged Equity ETF,4,0,0,0.010324730637402907,1.0450949112239902
S000055059,iShares iBonds Dec 2026 Term Corporate ETF,4,0,0,0.0504486964764163,1.0285188286343372
S000056109,Destinations Municipal Fixed Income Fund,3,0,0,0.02026527422921324,1.0208674304418985
S000054163,Global X Millennial Consumer ETF,2,0,0,0.014709043445735396,1.0203024652993578
S000081387,ProShares S&P 500 High Income ETF,3,0,0,0.00029099588593888785,1.020020711080428
S000101406,THRIVENT CORE HIGH YIELD BOND FUND,1,0,0,0.05247976182887225,1.0233304622235686
S000010436,AB Discovery Value Portfolio,4,0,0,0.2305663511861701,1.0207195412996632
S000026868,Fidelity Series International Small Cap Fund,4,0,0,0.022067735011835874,1.0335065589396204
S000083570,F/m 3-Year Investment Grade Corporate Bond ETF,4,0,0,0.018331435134603093,1.0196215024681325
S000042798,ProShares Investment Grade-Interest Rate Hedged,4,0,0,0.007227987313176989,1.0200941320984036
S000068306,American Century Mid Cap Growth Impact ETF,1,0,0,0.005893652098362634,1.0204023056432543
S000004474,JPMorgan Growth Advantage Fund,2,0,0,0.0007682440335909576,1.0206963537171252
S000028941,VanEck J.P. Morgan EM Local Currency Bond ETF,4,0,0,0.0023468714248163305,1.0008878886153296
S000040879,Schwab Fundamental International Equity ETF,4,0,0,0.010054134693197887,1.0480574943977155
S000030012,VANGUARD S&P 500 GROWTH INDEX FUND,2,0,0,8.249857418208116e-05,1.0154480499329288
S000010897,Federated Hermes Total Return Bond Fund,4,0,0,0.0026331892514644905,1.021867388274363
S000044766,PD 1-3 Year Corporate Bond Portfolio,3,0,0,0.049561855569686085,1.0193284266829012
S000017871,Calamos Total Return Bond Fund,4,0,0,0.044720535315928844,1.0202717393950291
S000006518,MetLife Stock Index Portfolio,4,0,0,0.05794114073129734,1.0213444376825767
S000005358,Emerging Markets Equity Index Fund,4,0,0,0.004179100050353675,1.058671293745134
S000006988,SPDR(R) S & P 400 Mid Cap Value ETF,4,0,0,0.11057080716594524,1.0127590572561924
S000067263,BNY Mellon International Equity ETF,4,0,0,0.006166478614344288,1.0544965049202915
S000084188,Nuveen Core Plus Bond ETF,1,0,0,0.0023934169085563606,
S000007298,Dividend Growth Portfolio,1,0,0,0.003543370146238662,1.0205822151466912
S000007321,Templeton Developing Markets VIP Fund,4,0,0,0.018944872741395554,1.0304492945027843
S000007598,VOYA GLOBAL BOND PORTFOLIO,4,0,0,0.008404503290375188,1.0504988549982264
S000062460,JNL Multi-Manager International Small Cap Fund,4,0,0,0.058575503605392494,1.0468150920868495
S000014253,ProShares Ultra Health Care,1,0,0,0.0006983727087511789,1.031434184675835
S000070495,WisdomTree Cybersecurity Fund,3,0,0,0.07634692465601162,0.9658491815166668
S000015871,VANGUARD FTSE ALL-WORLD EX-US INDEX FUND,4,0,0,0.009486351581963355,1.094552075368568
S000061413,Goldman Sachs Small Cap Growth Fund,3,0,0,0.014806240187117934,1.0071436045424105
S000007119,Fidelity Growth Company Fund,4,0,0,0.004710146979232242,1.0322141202311856
S000005451,Fidelity Disciplined Equity Fund,3,0,0,0.004716980652937392,1.0117605710928168
S000004359,iShares Global Energy ETF,4,0,0,0.004088701253982236,1.006714760632927
S000049319,iShares Russell Mid-Cap Index Fund,4,0,0,0.027488919261149037,1.000736473263188
S000061711,VIP Bond Index Portfolio,4,0,0,0.005522143894309771,1.0250453247857472
S000064886,Harbor International Core Fund,1,0,0,0.011546637305303645,1.0426491564810683
S000027192,ProShares Ultra 7-10 Year Treasury,1,0,0,0.0004740727392541139,1.0216826538768984
S000070423,Adaptive Alpha Opportunities ETF,4,0,0,,
S000006793,AST Balanced Asset Allocation Portfolio,4,0,0,0.012421514633845193,0.9053346264170521
S000002724,"BlackRock Advantage Global Fund, Inc.",1,0,0,0.00022036743340755067,
S000033926,NYLI VP Small Cap Growth Portfolio,4,0,0,0.03399094777789637,1.0212801199794548
S000046029,State Street Equity 500 Index II Portfolio,4,0,0,0.009311412911496394,1.0198787321642948
S000007197,Fidelity Dividend Growth Fund,4,0,0,0.02184135202157048,1.0390168683471424
S000008301,International Small Company Trust,4,0,0,0.02974580063731781,1.049833454260632
S000062461,JNL/Cohen & Steers U.S. Realty Fund,3,0,0,0.01925005762405498,1.0083816872629316
S000030226,Global X Gold Explorers ETF,3,0,0,0.016209387454771167,1.0562789205915293
S000004753,PGIM Quant Solutions Large-Cap Value Fund,2,0,0,0.0030678458472625726,1.0054034930829021
S000008273,Investment Quality Bond Trust,4,0,0,0.0032424576249891544,1.0200536471088386
S000030013,VANGUARD S&P 500 VALUE INDEX FUND,1,0,0,0.0007532273820147969,1.020892394733979
S000039439,U.S. Small Cap Growth Portfolio,4,0,0,0.08256186196374166,1.0209299682935493
S000006011,Fidelity Nasdaq Composite Index ETF,4,0,0,0.044123898301474285,1.0083314458515016
S000082154,VanEck Morningstar Wide Moat Value ETF,2,0,0,0.043310560912521834,1.0224749532464064
S000034093,Hartford Low Duration High Income Fund,4,0,0,0.024298346083235587,1.027984921024569
S000044689,EQ/Morgan Stanley Small Cap Growth Portfolio,4,0,0,0.19710415892063976,1.024233410910517
S000054498,FlexShares STOXX US ESG Select Index Fund,4,0,0,0.037574262895135095,1.0213928985165233
S000008760,VOYA INTERMEDIATE BOND PORTFOLIO,4,0,0,0.01361987416826948,1.0333276834701175
S000072156,Adaptive Hedged Multi-Asset Income ETF,4,0,0,,
S000000317,BNY Mellon High Yield Fund,4,0,0,0.09455668151001424,1.0384994392127425
S000026520,Nuveen Global Equity Income Fund,1,0,0,0.003177887039777354,1.0560406585547664
S000027476,Direxion Daily Utilities Bull 3X Shares,1,0,0,0.0023543797797080258,1.0227423660875548
S000020971,Dunham Real Estate Stock Fund,4,0,0,0.20169994647335207,1.015146718868176
S000050382,Horizon Active Risk Assist Fund,4,0,0,0.1220697083588493,1.0175362103505239
S000031799,First Trust China AlphaDEX Fund,4,0,0,0.12320241464751387,1.0568663435504375
S000009730,Federated Hermes Kaufmann Small Cap Fund,4,0,0,0.07262718813400881,1.028874635008797
S000057285,Fidelity Small Cap Growth K6 Fund,4,0,0,0.11780552068401426,0.9927293429256967
S000067203,JPMorgan BetaBuilders International Equity ETF,4,0,0,0.015244721673832817,1.0480581940400475
S000079266,Calvert Emerging Markets Focused Growth Fund,1,0,0,0.0038037863135757903,1.0507822919145429
S000001734,JNL/Invesco Global Growth Fund,4,0,0,0.00873322958261182,1.0293860411478795
S000012898,Victory High Income Fund,4,0,0,0.06210242867557928,1.0211449782904278
S000003877,Putnam VT International Equity Fund,3,0,0,0.008516114700208023,1.0207550545714796
S000064108,Amplify Seymour Cannabis ETF,4,0,0,0.005860914071120018,1.230715536138525
S000066171,BlackRock LifePath Index 2065 Fund,1,0,0,0.01811118119653248,1.027882797731569
